[
{"LAYER":"TOP","ID":"E595R","COMPONENT":"Resistor  ","PART_VALUE":"68Ω","FINGER":"0023e5169dfbdb7aa2a7af13839a0dea"},
{"LAYER":"TOP","ID":"R231B","COMPONENT":"Resistor  ","PART_VALUE":"1kΩ","FINGER":"0040495fdbed48fe3461b832e1e34ba8"},
{"LAYER":"BOT","ID":"E524C","COMPONENT":"Capacitor  ","PART_VALUE":"10nF","FINGER":"00de011715c861c07ccb8f22321ae4b1"},
{"LAYER":"TOP","ID":"R152F","COMPONENT":"Resistor  ","PART_VALUE":"27Ω","FINGER":"019f188032a182ab6283614056a85ae9"},
{"LAYER":"TOP","ID":"E153","COMPONENT":"Capacitor  ","PART_VALUE":"47pF","FINGER":"021dfb6e796269b592827aec0ee5d45c"},
{"LAYER":"TOP","ID":"Q461","COMPONENT":"NPN  ","PART_VALUE":"2N3904","FINGER":"026cb3a5a8e68929d2de9b313a9d61ad"},
{"LAYER":"BOT","ID":"E585C","COMPONENT":"Capacitor  ","PART_VALUE":"100pF","FINGER":"027ea42418196755d8a3ecdd8c2629c1"},
{"LAYER":"TOP","ID":"Q511","COMPONENT":"NPN  ","PART_VALUE":"2N3904","FINGER":"02e32104a6ce1906345c42504513e7e9"},
{"LAYER":"BOT","ID":"E266C","COMPONENT":"Capacitor  ","PART_VALUE":"100pF","FINGER":"0304850f8c34ee6163ffb1c0ee3b6cee"},
{"LAYER":"TOP","ID":"R322","COMPONENT":"Resistor  ","PART_VALUE":"10kΩ","FINGER":"03ad88fe5cf5e83b15cbf5fea41afe85"},
{"LAYER":"TOP","ID":"R216C","COMPONENT":"Resistor  ","PART_VALUE":"2kΩ","FINGER":"04185a20dd22deaee0cd4f1e7f805e2f"},
{"LAYER":"TOP","ID":"CN6","COMPONENT":"DB25P","PART_VALUE":"DB25P","FINGER":"041b148e42463f5fa5747dee00eed456"},
{"LAYER":"BOT","ID":"C5B","COMPONENT":"Capacitor  ","PART_VALUE":"330nF","FINGER":"0469897f524c1f5255931b08796f13b4"},
{"LAYER":"BOT","ID":"C245","COMPONENT":"Capacitor  ","PART_VALUE":"56pF","FINGER":"048d8230e919fea696493a225cb82b81"},
{"LAYER":"TOP","ID":"R309","COMPONENT":"Resistor  ","PART_VALUE":"1Ω","FINGER":"04d00d1126f8b6d33cbfbf8a9f5b200d"},
{"LAYER":"TOP","ID":"R234D","COMPONENT":"Resistor  ","PART_VALUE":"75Ω","FINGER":"04e10346d80ba321666ce308bd818674"},
{"LAYER":"BOT","ID":"E355R","COMPONENT":"Resistor  ","PART_VALUE":"68Ω","FINGER":"055dc1ed4ec023395e6b075ca8d989a7"},
{"LAYER":"BOT","ID":"E252C","COMPONENT":"Capacitor  ","PART_VALUE":"100pF","FINGER":"05fe79decf0fe70a76fa982514e41c0a"},
{"LAYER":"BOT","ID":"R951E","COMPONENT":"Resistor  ","PART_VALUE":"4.7kΩ","FINGER":"06ddcde9a9833a335ba0747864b6c851"},
{"LAYER":"BOT","ID":"R348","COMPONENT":"Resistor  ","PART_VALUE":"4.7kΩ","FINGER":"07bac4007740f5257c775518d5b9ba2c"},
{"LAYER":"BOT","ID":"R331","COMPONENT":"Resistor  ","PART_VALUE":"360Ω","FINGER":"07de38638f3b15661e88eaf1cf5c1151"},
{"LAYER":"TOP","ID":"E588R","COMPONENT":"Resistor  ","PART_VALUE":"68Ω","FINGER":"0832cdffec68b5370e86e97c22d2d97f"},
{"LAYER":"TOP","ID":"C459","COMPONENT":"Electrolytic  ","PART_VALUE":"22µF","FINGER":"086cbcb49f1e2793e23d3058cba31487"},
{"LAYER":"BOT","ID":"E373R","COMPONENT":"Resistor  ","PART_VALUE":"68Ω","FINGER":"090008d6dd7a08542f7c948c3a612714"},
{"LAYER":"TOP","ID":"C26","COMPONENT":"Capacitor  ","PART_VALUE":"47nF","FINGER":"090cf6d09f68510ccb02d2a6e175bc43"},
{"LAYER":"BOT","ID":"E552C","COMPONENT":"Capacitor  ","PART_VALUE":"100pF","FINGER":"097f9557939228058b613f7d798f4472"},
{"LAYER":"BOT","ID":"E553C","COMPONENT":"Capacitor  ","PART_VALUE":"470pF","FINGER":"099c6a5d04099fb910c559c077d86b2d"},
{"LAYER":"TOP","ID":"E514R","COMPONENT":"Resistor  ","PART_VALUE":"68Ω","FINGER":"0b447bfe437280d4594efbee8d47592c"},
{"LAYER":"BOT","ID":"R656","COMPONENT":"Resistor  ","PART_VALUE":"10kΩ","FINGER":"0b59ed9d63948000889928b7e493edaf"},
{"LAYER":"BOT","ID":"R714B","COMPONENT":"Resistor  ","PART_VALUE":"120Ω","FINGER":"0bf126a549596654d38ee7fd9a9bb3a2"},
{"LAYER":"TOP","ID":"E121C","COMPONENT":"Capacitor  ","PART_VALUE":"*","FINGER":"0c3776b6719a43f4cf9894468cd9b5ee"},
{"LAYER":"TOP","ID":"Q341","COMPONENT":"PNP  ","PART_VALUE":"2N3906","FINGER":"0d064054381ee3e0954582737684146f"},
{"LAYER":"TOP","ID":"R511I","COMPONENT":"Resistor  ","PART_VALUE":"10kΩ","FINGER":"0d93e74c0cbff9d2c3476218424a47a9"},
{"LAYER":"TOP","ID":"E199","COMPONENT":"Resistor  ","PART_VALUE":"*Ω","FINGER":"0dc75dd92bf02cce0b2405f1527531c1"},
{"LAYER":"TOP","ID":"Q621","COMPONENT":"NPN  ","PART_VALUE":"2N3904","FINGER":"0e2a6575b448f5602585df3d97aea6b0"},
{"LAYER":"TOP","ID":"R102","COMPONENT":"Resistor  ","PART_VALUE":"1kΩ","FINGER":"0e975957d9066bbe9d837665b4d011cb"},
{"LAYER":"TOP","ID":"C323","COMPONENT":"Capacitor  ","PART_VALUE":"3900pF","FINGER":"0eb3eb8cb1e0c46e0be3df45a1ade18b"},
{"LAYER":"TOP","ID":"C212","COMPONENT":"Capacitor  ","PART_VALUE":"330nF","FINGER":"0ee9520587b0126f01a7c8e9462bdbd0"},
{"LAYER":"BOT","ID":"E263C","COMPONENT":"Capacitor  ","PART_VALUE":"10nF","FINGER":"0fbda0af669fa7e45de4399123c183e3"},
{"LAYER":"BOT","ID":"R512","COMPONENT":"Resistor  ","PART_VALUE":"1kΩ","FINGER":"101517ef0bd8425d757a92c7660f9383"},
{"LAYER":"BOT","ID":"E365R","COMPONENT":"Resistor  ","PART_VALUE":"68Ω","FINGER":"1080e1263e5a46b85484ca374ba845bb"},
{"LAYER":"BOT","ID":"C44","COMPONENT":"Capacitor  ","PART_VALUE":"330nF","FINGER":"11228475b59a5e605b8a854e6797d108"},
{"LAYER":"TOP","ID":"LF1D","COMPONENT":"FB","PART_VALUE":"FB","FINGER":"12a9713773cfb3b3cec21e6cd376edaf"},
{"LAYER":"TOP","ID":"E267R","COMPONENT":"Resistor  ","PART_VALUE":"68Ω","FINGER":"12bd3be998ffcc4bc538e46365bb237d"},
{"LAYER":"TOP","ID":"R634","COMPONENT":"Resistor  ","PART_VALUE":"4.7kΩ","FINGER":"12d425ed31039a8fcfeb6a7576846655"},
{"LAYER":"TOP","ID":"R161","COMPONENT":"Resistor  ","PART_VALUE":"470Ω","FINGER":"12eeb44a7f63d8b87834e556cf371385"},
{"LAYER":"BOT","ID":"E363R","COMPONENT":"Resistor  ","PART_VALUE":"68Ω","FINGER":"1400b15b9b8ba0478044d18fee8e6a8c"},
{"LAYER":"TOP","ID":"E262C","COMPONENT":"Capacitor  ","PART_VALUE":"*","FINGER":"1464cfc548bdc6c8f971f8d7f4e2588c"},
{"LAYER":"BOT","ID":"R511D","COMPONENT":"Resistor  ","PART_VALUE":"1kΩ","FINGER":"146cf186683c1a20410a3fba22217a8e"},
{"LAYER":"BOT","ID":"C1A","COMPONENT":"Capacitor  ","PART_VALUE":"330nF","FINGER":"14dd85e2c128703c84c76a5b6918b477"},
{"LAYER":"TOP","ID":"U13","COMPONENT":"IC  ","PART_VALUE":"6570","FINGER":"1506d64103055b6975bea5cc16458307"},
{"LAYER":"BOT","ID":"C702","COMPONENT":"Capacitor  ","PART_VALUE":"330nF","FINGER":"159ec219b61f2c7cdf9923ebabb762e5"},
{"LAYER":"TOP","ID":"E124C","COMPONENT":"Capacitor  ","PART_VALUE":"22","FINGER":"15dffa01eb1b15a4b5070759fa9b819c"},
{"LAYER":"BOT","ID":"C803","COMPONENT":"Capacitor  ","PART_VALUE":"10nF","FINGER":"167f042da387aea1299f32601bedaa0c"},
{"LAYER":"TOP","ID":"E126C","COMPONENT":"Capacitor  ","PART_VALUE":"22","FINGER":"1684c44312400fe9cd2d9f2c2c37e761"},
{"LAYER":"BOT","ID":"E558C","COMPONENT":"Capacitor  ","PART_VALUE":"100pF","FINGER":"16902e70d7f29f91fdc51a46b7cbbde3"},
{"LAYER":"TOP","ID":"R954B","COMPONENT":"Resistor  ","PART_VALUE":"1kΩ","FINGER":"16bf368d5afc28bf75b4eb0a3214f2d6"},
{"LAYER":"TOP","ID":"C307","COMPONENT":"Electrolytic  ","PART_VALUE":"470µF","FINGER":"1785601c9cb180a29a017ac1424ac4cc"},
{"LAYER":"BOT","ID":"C12A","COMPONENT":"Capacitor  ","PART_VALUE":"330nF","FINGER":"17cb67a0defa6ad1060ff2efe43c9417"},
{"LAYER":"TOP","ID":"E129R","COMPONENT":"Resistor  ","PART_VALUE":"27Ω","FINGER":"186ac41f49a7f88bf80594d4a2ed9d6e"},
{"LAYER":"BOT","ID":"E112C","COMPONENT":"Capacitor  ","PART_VALUE":"22","FINGER":"18c7951ec7c35a947468e3cc24bca962"},
{"LAYER":"BOT","ID":"E367C","COMPONENT":"Capacitor  ","PART_VALUE":"6800pF","FINGER":"190c4ecf948095adeaaec2d9ad5ee5c7"},
{"LAYER":"TOP","ID":"R951B","COMPONENT":"Resistor  ","PART_VALUE":"4.7kΩ","FINGER":"1a8b1aa29605e1c2b767f3ca8c575f43"},
{"LAYER":"BOT","ID":"C42","COMPONENT":"Capacitor  ","PART_VALUE":"330nF","FINGER":"1b51db9207f92bb1500a0d37d3af91e7"},
{"LAYER":"BOT","ID":"E522C","COMPONENT":"Capacitor  ","PART_VALUE":"100pF","FINGER":"1bb96eb680173776ea36fc18fad5309b"},
{"LAYER":"TOP","ID":"E231R","COMPONENT":"FB  ","PART_VALUE":"100","FINGER":"1bc79708b02c0be086b051dc4b692a15"},
{"LAYER":"BOT","ID":"E357R","COMPONENT":"Resistor  ","PART_VALUE":"68Ω","FINGER":"1ce8bb0fa32fcd840a30b98067762072"},
{"LAYER":"TOP","ID":"R624","COMPONENT":"Resistor  ","PART_VALUE":"*Ω","FINGER":"1cf75704fe0c0a38df68045bd8bf07d5"},
{"LAYER":"BOT","ID":"R334","COMPONENT":"Resistor  ","PART_VALUE":"1kΩ","FINGER":"1e22764c0562ef065fc5794b113df1b8"},
{"LAYER":"TOP","ID":"U25","COMPONENT":"IC  ","PART_VALUE":"null","FINGER":"1e958cc1a1650c39b1c9422cb28cf5fd"},
{"LAYER":"TOP","ID":"E123C","COMPONENT":"Capacitor * ","PART_VALUE":"22*","FINGER":"1eaa0a658b5680f04bd699560b7b1974"},
{"LAYER":"TOP","ID":"E371R","COMPONENT":"Resistor  ","PART_VALUE":"68Ω","FINGER":"1fb872db8aaa2dc70fc265797e00cc70"},
{"LAYER":"TOP","ID":"LF1C","COMPONENT":"FB","PART_VALUE":"FB","FINGER":"1fcf4816b981d9392077adf64158f9be"},
{"LAYER":"BOT","ID":"R951A","COMPONENT":"Resistor  ","PART_VALUE":"4.7kΩ","FINGER":"1fd01edeba5ade6a6bebf4803fb8843c"},
{"LAYER":"TOP","ID":"R101","COMPONENT":"Resistor  ","PART_VALUE":"1kΩ","FINGER":"2028928f2ddf78d63de5dcecd31c4a3b"},
{"LAYER":"BOT","ID":"R716","COMPONENT":"Resistor  ","PART_VALUE":"10kΩ","FINGER":"20708b6cc15971d71052c3a11f5dd66a"},
{"LAYER":"TOP","ID":"E265R","COMPONENT":"FB  ","PART_VALUE":"200","FINGER":"2086195f1e2e2ea7370a298f11e7395c"},
{"LAYER":"TOP","ID":"U47","COMPONENT":"IC  ","PART_VALUE":"null","FINGER":"20f38e861a3eb7502deb105f9d4e7cd4"},
{"LAYER":"BOT","ID":"C312","COMPONENT":"Capacitor  ","PART_VALUE":"47nF","FINGER":"2102ac2619f5d19792581a60cfb400c4"},
{"LAYER":"BOT","ID":"E267C","COMPONENT":"Capacitor  ","PART_VALUE":"100pF","FINGER":"21230dd301b1e67aac628b6b5cef6a54"},
{"LAYER":"TOP","ID":"CN5","COMPONENT":"DB23S","PART_VALUE":"DB23S","FINGER":"216aa0e7e5b1cc960a1c8d18f46b7ee4"},
{"LAYER":"BOT","ID":"E254C","COMPONENT":"Capacitor  ","PART_VALUE":"100pF","FINGER":"21f7495f7707e8c8e244fece120a30d8"},
{"LAYER":"TOP","ID":"FB991","COMPONENT":"FB","PART_VALUE":"FB","FINGER":"22196cfe586c8c67b16e8f5aa5231549"},
{"LAYER":"TOP","ID":"U27","COMPONENT":"IC  ","PART_VALUE":"74F139","FINGER":"2268a501ab37ac774a29c62ac8f5766f"},
{"LAYER":"TOP","ID":"R151C","COMPONENT":"Resistor  ","PART_VALUE":"68Ω","FINGER":"22eefb4435a18a251c1d1e69c436467e"},
{"LAYER":"TOP","ID":"CN1","COMPONENT":"DB9P","PART_VALUE":"DB9P","FINGER":"24bf4593883b72b4e742448a632ae57f"},
{"LAYER":"BOT","ID":"E368R","COMPONENT":"Resistor  ","PART_VALUE":"68Ω","FINGER":"25540642dc504fb5638f8680fe06d2fe"},
{"LAYER":"TOP","ID":"R232B","COMPONENT":"Resistor  ","PART_VALUE":"33kΩ","FINGER":"25e6d8e811c4d8e173e3ccfd1bb102da"},
{"LAYER":"BOT","ID":"E255C","COMPONENT":"Capacitor  ","PART_VALUE":"100pF","FINGER":"25e8a3ed6783d8b66957c2c446e9c718"},
{"LAYER":"TOP","ID":"C613","COMPONENT":"Capacitor  ","PART_VALUE":"10nF","FINGER":"261bd68f4edc4615efbac01fe8a732a8"},
{"LAYER":"BOT","ID":"E551C","COMPONENT":"Capacitor  ","PART_VALUE":"100pF","FINGER":"26ab923108d89eb8483e2d70baebc799"},
{"LAYER":"TOP","ID":"R303","COMPONENT":"Resistor  ","PART_VALUE":"1kΩ","FINGER":"270d80cc38c3b2d5ae2d937328378041"},
{"LAYER":"BOT","ID":"E597C","COMPONENT":"Capacitor  ","PART_VALUE":"10nF","FINGER":"278f4c07d4c7c8196410f348dcee1d5b"},
{"LAYER":"TOP","ID":"R370A","COMPONENT":"Resistor  ","PART_VALUE":"4.7kX9Ω","FINGER":"27d26f96ac2e18abd56424bb66d24c96"},
{"LAYER":"TOP","ID":"CN2","COMPONENT":"DB9P","PART_VALUE":"DB9P","FINGER":"27e14dd7cda1446abecd33c0629ce577"},
{"LAYER":"TOP","ID":"X2B","COMPONENT":"PIN","PART_VALUE":"PIN","FINGER":"27e72cd6b84e9ec39f5940f5ce3a6f93"},
{"LAYER":"TOP","ID":"R953B","COMPONENT":"Resistor  ","PART_VALUE":"470Ω","FINGER":"286f63a373a5388c05d257afb7e1383e"},
{"LAYER":"TOP","ID":"R212","COMPONENT":"Resistor  ","PART_VALUE":"150Ω","FINGER":"289e45c8e57011a294dc085fda41fec9"},
{"LAYER":"BOT","ID":"R324","COMPONENT":"Resistor  ","PART_VALUE":"1kΩ","FINGER":"2914639ba58e91a55e9ad6f020530233"},
{"LAYER":"TOP","ID":"R633","COMPONENT":"Resistor  ","PART_VALUE":"10kΩ","FINGER":"295180162a4add272315009d85cf5ced"},
{"LAYER":"BOT","ID":"C31","COMPONENT":"Capacitor  ","PART_VALUE":"330nF","FINGER":"2961672eb9d7155fb46c98b028cfead0"},
{"LAYER":"TOP","ID":"C199","COMPONENT":"Capacitor  ","PART_VALUE":"330nF","FINGER":"2a23d8f50c11ff734c6cd4e78d01ff69"},
{"LAYER":"BOT","ID":"E353R","COMPONENT":"Resistor  ","PART_VALUE":"68Ω","FINGER":"2ab280e9692b87e3d507ac74e92613e1"},
{"LAYER":"TOP","ID":"Q632","COMPONENT":"PNP  ","PART_VALUE":"2N3906","FINGER":"2aef00719e8e7e36909ed9b60a536a22"},
{"LAYER":"TOP","ID":"LF1B","COMPONENT":"FB","PART_VALUE":"FB","FINGER":"2b41038cb41d85b0edf8ef54bda35a60"},
{"LAYER":"TOP","ID":"CN11","COMPONENT":"CONNECTOR","PART_VALUE":"CONNECTOR","FINGER":"2c029489a0fa104fde0bd862f498d984"},
{"LAYER":"BOT","ID":"R511B","COMPONENT":"Resistor  ","PART_VALUE":"10kΩ","FINGER":"2c09f39597f3b21d5b5822288ee6c239"},
{"LAYER":"TOP","ID":"R151B","COMPONENT":"Resistor  ","PART_VALUE":"68Ω","FINGER":"2ce4ecd818ec3ca30403f689bb64ae1d"},
{"LAYER":"TOP","ID":"R405A","COMPONENT":"Resistor  ","PART_VALUE":"1Ω","FINGER":"2d82a318e91d2328308b62f478243d71"},
{"LAYER":"BOT","ID":"R347","COMPONENT":"Resistor  ","PART_VALUE":"2.7kΩ","FINGER":"2e2a3157e9433032e898a9e29b7d1c0b"},
{"LAYER":"TOP","ID":"R715Y","COMPONENT":"Resistor  ","PART_VALUE":"4.7kΩ","FINGER":"2e2bafc62d33549887f2b1e738cc48dd"},
{"LAYER":"BOT","ID":"R715A","COMPONENT":"Resistor  ","PART_VALUE":"10kΩ","FINGER":"2e3710d69c5554f412b9e0d48d355730"},
{"LAYER":"TOP","ID":"D576","COMPONENT":"Diode  ","PART_VALUE":"1N4001","FINGER":"2f77591856426693c0a415cde7c6eba7"},
{"LAYER":"BOT","ID":"R655","COMPONENT":"Resistor  ","PART_VALUE":"4.7kΩ","FINGER":"300fa67535717e0e60e0297b8cb0673d"},
{"LAYER":"BOT","ID":"C222","COMPONENT":"Capacitor  ","PART_VALUE":"100nF","FINGER":"30d72c531a186cfbb1a38460d8a2569d"},
{"LAYER":"TOP","ID":"Q634","COMPONENT":"PNP  ","PART_VALUE":"*","FINGER":"31540865f979d48d0c15ee4cb7a59fb7"},
{"LAYER":"TOP","ID":"D575","COMPONENT":"Diode  ","PART_VALUE":"1N4001","FINGER":"31fa4e2a56f258dadbaed7e0e3e4c50c"},
{"LAYER":"BOT","ID":"E365C","COMPONENT":"Capacitor  ","PART_VALUE":"6800pF","FINGER":"3234700a81f63278fb95ce425cb7347b"},
{"LAYER":"TOP","ID":"E126R","COMPONENT":"Resistor  ","PART_VALUE":"27Ω","FINGER":"32945f5dd374a2184a7d6b7bcf74c3ea"},
{"LAYER":"BOT","ID":"C621","COMPONENT":"Capacitor * ","PART_VALUE":"22pF*","FINGER":"32a59b4d3bdb87d2f72425f64f584858"},
{"LAYER":"TOP","ID":"E598R","COMPONENT":"FB  ","PART_VALUE":"200","FINGER":"34570061e99a7e3313f6344fc4b44353"},
{"LAYER":"TOP","ID":"E583R","COMPONENT":"Resistor  ","PART_VALUE":"68Ω","FINGER":"34716df48ab2f295b0cf3d880a263663"},
{"LAYER":"TOP","ID":"E584R","COMPONENT":"Resistor  ","PART_VALUE":"68Ω","FINGER":"359061ccb2105268515d2ca7e86cc30d"},
{"LAYER":"TOP","ID":"R660","COMPONENT":"Resistor  ","PART_VALUE":"470Ω","FINGER":"35b284adaf0b1ac76c22dbcc53b49ce9"},
{"LAYER":"TOP","ID":"E128R","COMPONENT":"Resistor  ","PART_VALUE":"27Ω","FINGER":"364a57157025777118294cd206ab011a"},
{"LAYER":"TOP","ID":"CN4","COMPONENT":"RCA  ","PART_VALUE":"JACK","FINGER":"367b353f5320b55fc8712be8b911fc78"},
{"LAYER":"BOT","ID":"E553R","COMPONENT":"Resistor  ","PART_VALUE":"68Ω","FINGER":"3754350d8934510d1469fabc7533cc2f"},
{"LAYER":"TOP","ID":"E251R","COMPONENT":"Resistor  ","PART_VALUE":"68Ω","FINGER":"37b10fbaf3527da5d451f0f59254b397"},
{"LAYER":"TOP","ID":"R511C","COMPONENT":"Resistor  ","PART_VALUE":"10kΩ","FINGER":"37ea809da89c9e08841111ee61fcd9fb"},
{"LAYER":"TOP","ID":"FB993","COMPONENT":"FB","PART_VALUE":"FB","FINGER":"396c4354748e2ecaef1d615755c2c1a0"},
{"LAYER":"BOT","ID":"E257C","COMPONENT":"Capacitor  ","PART_VALUE":"100pF","FINGER":"3a4224c1afdafebec3ac1978e0502301"},
{"LAYER":"BOT","ID":"C241","COMPONENT":"Capacitor  ","PART_VALUE":"56pF","FINGER":"3ab2ecd172aa2047956f8671b7c102d1"},
{"LAYER":"BOT","ID":"E331R","COMPONENT":"Resistor  ","PART_VALUE":"0Ω","FINGER":"3adae3c9e29cbe3fa3e9dd5681ec661e"},
{"LAYER":"BOT","ID":"E356C","COMPONENT":"Capacitor  ","PART_VALUE":"6800pF","FINGER":"3c6f710c6dae69240057ba929da5d44c"},
{"LAYER":"TOP","ID":"E256R","COMPONENT":"Resistor  ","PART_VALUE":"47Ω","FINGER":"3c9b0dcddd981b0d550820c95e281624"},
{"LAYER":"TOP","ID":"R162","COMPONENT":"Resistor  ","PART_VALUE":"*Ω","FINGER":"3c9e1d43b4a3af6809c5c5adcd9280bf"},
{"LAYER":"BOT","ID":"R232E","COMPONENT":"Resistor  ","PART_VALUE":"75Ω","FINGER":"3ca381cc3b73f7348a0abe0889b3804b"},
{"LAYER":"BOT","ID":"R232C","COMPONENT":"Resistor  ","PART_VALUE":"33kΩ","FINGER":"3e49f963c28c025c89c914567d3fb4b5"},
{"LAYER":"BOT","ID":"E355C","COMPONENT":"Capacitor  ","PART_VALUE":"6800pF","FINGER":"3ea18c26c23ee527ee958f1f73108c13"},
{"LAYER":"BOT","ID":"E525C","COMPONENT":"Capacitor  ","PART_VALUE":"100pF","FINGER":"3f6cb540bc0ff9294627d1098a1db0fc"},
{"LAYER":"TOP","ID":"U36","COMPONENT":"IC  ","PART_VALUE":"74F27","FINGER":"3ff216ba821e072f779daba23ffa4f67"},
{"LAYER":"BOT","ID":"R715C","COMPONENT":"Resistor  ","PART_VALUE":"10kΩ","FINGER":"40159796a10710d8002502d66179f6d8"},
{"LAYER":"TOP","ID":"R151F","COMPONENT":"Resistor  ","PART_VALUE":"68Ω","FINGER":"405537267a00a9bfc3b09c7769bd7b0a"},
{"LAYER":"BOT","ID":"E555C","COMPONENT":"Capacitor  ","PART_VALUE":"470pF","FINGER":"405d4ece6b7fd91477a8d84ccd5d66e0"},
{"LAYER":"BOT","ID":"R224","COMPONENT":"Resistor  ","PART_VALUE":"820Ω","FINGER":"407d4cc24daa773e511e09158254a352"},
{"LAYER":"BOT","ID":"E513C","COMPONENT":"Capacitor  ","PART_VALUE":"100pF","FINGER":"40a58620cd4df5901b21f521924e361a"},
{"LAYER":"TOP","ID":"Y621","COMPONENT":"Crystal * ","PART_VALUE":"3MHz*","FINGER":"41b7436fcb5b93575864be2f62cedaad"},
{"LAYER":"TOP","ID":"C27","COMPONENT":"Capacitor  ","PART_VALUE":"47nF","FINGER":"41ebfd809d48e9415034c95f1b675137"},
{"LAYER":"TOP","ID":"R152G","COMPONENT":"Resistor  ","PART_VALUE":"27Ω","FINGER":"42505c9e20c42377c1966c42882cc772"},
{"LAYER":"BOT","ID":"E511R","COMPONENT":"Resistor  ","PART_VALUE":"68Ω","FINGER":"425273792610c2794f895cde877ae5f6"},
{"LAYER":"BOT","ID":"E366R","COMPONENT":"Resistor  ","PART_VALUE":"68Ω","FINGER":"44adac01afc1c74cdf24b1655f09bd63"},
{"LAYER":"TOP","ID":"E518R","COMPONENT":"Resistor  ","PART_VALUE":"68Ω","FINGER":"452d871017f671a302a406a35afa6d82"},
{"LAYER":"BOT","ID":"E557R","COMPONENT":"Resistor  ","PART_VALUE":"47Ω","FINGER":"456b6e46ac1685e8bfc3018433f28ad8"},
{"LAYER":"TOP","ID":"E127R","COMPONENT":"Resistor  ","PART_VALUE":"27Ω","FINGER":"45b1a95af3a2416512d0e7d8bc8a0b86"},
{"LAYER":"TOP","ID":"R214C","COMPONENT":"Resistor  ","PART_VALUE":"2kΩ","FINGER":"46092fa81c1f83b3db6593d599127afc"},
{"LAYER":"BOT","ID":"E599R","COMPONENT":"Resistor  ","PART_VALUE":"68Ω","FINGER":"4695601a81387956e46de38027ac703e"},
{"LAYER":"TOP","ID":"R301","COMPONENT":"Resistor  ","PART_VALUE":"10Ω","FINGER":"46d02ff3e796ed85a6ba346f177a5403"},
{"LAYER":"TOP","ID":"U32","COMPONENT":"IC  ","PART_VALUE":"null","FINGER":"47a4df8ce3bfd5268befb12cb0dcc41e"},
{"LAYER":"BOT","ID":"R370E","COMPONENT":"Resistor  ","PART_VALUE":"4.7kX9Ω","FINGER":"47b62819229ba40551c5ebf80f7c04f3"},
{"LAYER":"TOP","ID":"E123R","COMPONENT":"Resistor  ","PART_VALUE":"27Ω","FINGER":"47bf672ce4b2d09a534d45239bb14352"},
{"LAYER":"BOT","ID":"C244","COMPONENT":"Capacitor  ","PART_VALUE":"10nF","FINGER":"47e276036c9617df1fa497c09a55a3de"},
{"LAYER":"TOP","ID":"E131R","COMPONENT":"Resistor  ","PART_VALUE":"68Ω","FINGER":"4a7b0864bc15fe03f73ecd9e2410d31e"},
{"LAYER":"BOT","ID":"C5A","COMPONENT":"Capacitor  ","PART_VALUE":"330nF","FINGER":"4af36ff2f0169df7651fb65fb8277139"},
{"LAYER":"BOT","ID":"C4","COMPONENT":"Capacitor  ","PART_VALUE":"330nF","FINGER":"4b1a48fef1c823d3dec16d4371b60bca"},
{"LAYER":"TOP","ID":"R953C","COMPONENT":"Resistor  ","PART_VALUE":"470Ω","FINGER":"4b21462a1fb40f7c0b73718fadc681c3"},
{"LAYER":"BOT","ID":"E112R","COMPONENT":"Resistor  ","PART_VALUE":"27Ω","FINGER":"4b85a14ec684e76ed7ef12c42c9ead3e"},
{"LAYER":"TOP","ID":"E154","COMPONENT":"Capacitor  ","PART_VALUE":"47pF","FINGER":"4c32d90b8f744aee2c2d2849cc12612e"},
{"LAYER":"BOT","ID":"R337","COMPONENT":"Resistor  ","PART_VALUE":"10kΩ","FINGER":"4c8a9f768937bec0b927862414d0d294"},
{"LAYER":"BOT","ID":"R235","COMPONENT":"Resistor  ","PART_VALUE":"360Ω","FINGER":"4cc475d63a39203f84621df7b6feb9d8"},
{"LAYER":"BOT","ID":"E522R","COMPONENT":"Resistor  ","PART_VALUE":"68Ω","FINGER":"4dfee4a4d0661d69a065ec01d0481bb4"},
{"LAYER":"BOT","ID":"C34","COMPONENT":"Capacitor  ","PART_VALUE":"47nF","FINGER":"4f3365a4b51718a7c15c3acdb5aa1f53"},
{"LAYER":"TOP","ID":"U12","COMPONENT":"IC  ","PART_VALUE":"null","FINGER":"4f36b1cc7457b1dc90d1cc437a1b2023"},
{"LAYER":"BOT","ID":"C43","COMPONENT":"Capacitor  ","PART_VALUE":"330nF","FINGER":"4f8a75dcc3aca737b53641c15e3c1456"},
{"LAYER":"TOP","ID":"C2","COMPONENT":"Capacitor  ","PART_VALUE":"330nF","FINGER":"500392691cc514946e2b051f09a5d9b4"},
{"LAYER":"BOT","ID":"E331C","COMPONENT":"Capacitor  ","PART_VALUE":"6800","FINGER":"50a71e599a971bc9ee0db75acab94102"},
{"LAYER":"BOT","ID":"E261R","COMPONENT":"Resistor  ","PART_VALUE":"68Ω","FINGER":"50bcabba669a31557d1bb53ec9ed445a"},
{"LAYER":"TOP","ID":"C324","COMPONENT":"Electrolytic  ","PART_VALUE":"22µF","FINGER":"50f0aed51bfc395a36760475d90014fc"},
{"LAYER":"TOP","ID":"U41","COMPONENT":"IC  ","PART_VALUE":"74LS245","FINGER":"511889738087377ab3a070d4ed380737"},
{"LAYER":"TOP","ID":"E253R","COMPONENT":"Resistor  ","PART_VALUE":"47Ω","FINGER":"51deb6e7c1851d3750bfd9e767b2efce"},
{"LAYER":"BOT","ID":"R246","COMPONENT":"Resistor  ","PART_VALUE":"*Ω","FINGER":"5254500488e15f20ea77632daee3812b"},
{"LAYER":"BOT","ID":"C313","COMPONENT":"Capacitor  ","PART_VALUE":"47nF","FINGER":"532f9266f1db617c4585fc88a54d7fbe"},
{"LAYER":"TOP","ID":"E519R","COMPONENT":"Resistor  ","PART_VALUE":"68Ω","FINGER":"53a269b87a4811b2035bc00ce3ffd089"},
{"LAYER":"TOP","ID":"CN8","COMPONENT":"5-PIN  ","PART_VALUE":"SQ","FINGER":"53ec063efd419ad4fba5ef9faf365e1f"},
{"LAYER":"TOP","ID":"R632","COMPONENT":"Resistor  ","PART_VALUE":"4.7kΩ","FINGER":"544defb14bd15d8766203c3b5c8d8ecc"},
{"LAYER":"BOT","ID":"R323","COMPONENT":"Resistor  ","PART_VALUE":"10kΩ","FINGER":"546cfa641d51f930466952c240915173"},
{"LAYER":"TOP","ID":"CN14","COMPONENT":"4-PIN  ","PART_VALUE":"SIL","FINGER":"54920ace7ae47a05d290e5e555b7b1cb"},
{"LAYER":"BOT","ID":"E150C","COMPONENT":"Capacitor  ","PART_VALUE":"47pF","FINGER":"54ee9ca371b10fd9319351131c2bbace"},
{"LAYER":"BOT","ID":"E371C","COMPONENT":"Capacitor  ","PART_VALUE":"470pF","FINGER":"5588dfa15dea797eb04b21e0163aaac7"},
{"LAYER":"TOP","ID":"U16","COMPONENT":"IC  ","PART_VALUE":"null","FINGER":"5593f6d2b9a4cf724af3b3a6dbe2e53a"},
{"LAYER":"TOP","ID":"C16B","COMPONENT":"Capacitor  ","PART_VALUE":"330nF","FINGER":"55d8b27e97ac6d6139d1afaf9c33d275"},
{"LAYER":"BOT","ID":"R625","COMPONENT":"Resistor  ","PART_VALUE":"*Ω","FINGER":"5640955254d20bcde329848ba60bb88b"},
{"LAYER":"BOT","ID":"E583C","COMPONENT":"Capacitor  ","PART_VALUE":"100pF","FINGER":"577ef5cf998ebb42a2ea031e3ce96093"},
{"LAYER":"BOT","ID":"E361R","COMPONENT":"Resistor  ","PART_VALUE":"68Ω","FINGER":"57d3a9506156ebf8244227111411b7b1"},
{"LAYER":"TOP","ID":"R152C","COMPONENT":"Resistor  ","PART_VALUE":"27Ω","FINGER":"58104a1e7d35141605ca9e1ef57449c8"},
{"LAYER":"BOT","ID":"E366C","COMPONENT":"Capacitor  ","PART_VALUE":"6800pF","FINGER":"58aacecfa265045422459bc841e06861"},
{"LAYER":"TOP","ID":"E521R","COMPONENT":"Resistor  ","PART_VALUE":"68Ω","FINGER":"58dbc217c9664abe19e17f3b4400cd52"},
{"LAYER":"TOP","ID":"R211","COMPONENT":"Resistor  ","PART_VALUE":"150Ω","FINGER":"593151a6875720c6445446c95c7a150f"},
{"LAYER":"BOT","ID":"E368C","COMPONENT":"Capacitor  ","PART_VALUE":"6800pF","FINGER":"593c11fe856f2f6b7d6f78c28533c8de"},
{"LAYER":"TOP","ID":"R326","COMPONENT":"Resistor  ","PART_VALUE":"470kΩ","FINGER":"5a573c9604829b577fc4c49756ea31cf"},
{"LAYER":"TOP","ID":"R352","COMPONENT":"Resistor  ","PART_VALUE":"4.7Ω","FINGER":"5a92d1ca8cfe96da7a5c6c94c9e7526b"},
{"LAYER":"TOP","ID":"R252","COMPONENT":"Resistor  ","PART_VALUE":"4.7kΩ","FINGER":"5ac628eb003e0a477366827fde975884"},
{"LAYER":"BOT","ID":"R715E","COMPONENT":"Resistor  ","PART_VALUE":"10kΩ","FINGER":"5cd2b48c33b361e535b943f0dcd0b116"},
{"LAYER":"TOP","ID":"R216E","COMPONENT":"Resistor  ","PART_VALUE":"8kΩ","FINGER":"5d83c55c412f87bdb850eda3a076c954"},
{"LAYER":"TOP","ID":"R362","COMPONENT":"Resistor  ","PART_VALUE":"4.7Ω","FINGER":"5eb3797bf3a535d84d3fac209b23aa37"},
{"LAYER":"BOT","ID":"C17B","COMPONENT":"Capacitor  ","PART_VALUE":"330nF","FINGER":"5ed20ab35431fa741d45d6b9580c4d39"},
{"LAYER":"BOT","ID":"R113","COMPONENT":"Resistor  ","PART_VALUE":"27Ω","FINGER":"5f44995acccb0aad85d00d960833f9ff"},
{"LAYER":"TOP","ID":"C237","COMPONENT":"Electrolytic  ","PART_VALUE":"470µF","FINGER":"5f889da63a4a530ab2b3d11d9ef7e2ce"},
{"LAYER":"BOT","ID":"C331","COMPONENT":"Capacitor  ","PART_VALUE":"100nF","FINGER":"5f9774d5b51aee41566b0587706d1899"},
{"LAYER":"TOP","ID":"R321","COMPONENT":"Resistor  ","PART_VALUE":"360Ω","FINGER":"5fb5eb7091b80a61297f182c0624a48f"},
{"LAYER":"BOT","ID":"R658","COMPONENT":"Resistor  ","PART_VALUE":"*Ω","FINGER":"5fdc26b105180e7900d09b51e3d6fe60"},
{"LAYER":"BOT","ID":"E519C","COMPONENT":"Capacitor  ","PART_VALUE":"100pF","FINGER":"5fe6d6dd911c5cb7afdd4203dd95ecd8"},
{"LAYER":"BOT","ID":"R237","COMPONENT":"Resistor  ","PART_VALUE":"100Ω","FINGER":"60b60a57b974780bf36500ec2f93dc41"},
{"LAYER":"TOP","ID":"U3","COMPONENT":"IC  ","PART_VALUE":"8364","FINGER":"611c2103d4ecd159bbff6baf1605ea21"},
{"LAYER":"TOP","ID":"C201","COMPONENT":"Varicap * ","PART_VALUE":"47pF*","FINGER":"6155a3ed2326a765b4d6d377f78c4c78"},
{"LAYER":"TOP","ID":"E586C","COMPONENT":"Capacitor  ","PART_VALUE":"100pF","FINGER":"616252824ec4943a14ed4e4ed2f1e852"},
{"LAYER":"BOT","ID":"R335","COMPONENT":"Resistor  ","PART_VALUE":"390Ω","FINGER":"6197f4b3ec549bff79a0c1672fb36c4c"},
{"LAYER":"TOP","ID":"D573","COMPONENT":"Diode  ","PART_VALUE":"1N4001","FINGER":"620a2f83d2c688c940086e3cd29b9eb2"},
{"LAYER":"TOP","ID":"C349","COMPONENT":"Capacitor  ","PART_VALUE":"10nF","FINGER":"6395dd2d58b22d13f81232291378e88d"},
{"LAYER":"TOP","ID":"R216A","COMPONENT":"Resistor  ","PART_VALUE":"270Ω","FINGER":"63a0668fb71e8694fc6152635020cf95"},
{"LAYER":"TOP","ID":"R214E","COMPONENT":"Resistor  ","PART_VALUE":"8kΩ","FINGER":"63c53e065e344a16ae518b810187f93a"},
{"LAYER":"BOT","ID":"E595C","COMPONENT":"Capacitor  ","PART_VALUE":"100pF","FINGER":"6491219a82af42a8ecdd9463f04418fb"},
{"LAYER":"BOT","ID":"R511A","COMPONENT":"Resistor  ","PART_VALUE":"10kΩ","FINGER":"64bd9beeff3758157f0fe146aee017c7"},
{"LAYER":"BOT","ID":"E264C","COMPONENT":"Capacitor  ","PART_VALUE":"10nF","FINGER":"652720278ffba9252d5d82642a5c05dd"},
{"LAYER":"TOP","ID":"R214F","COMPONENT":"Resistor  ","PART_VALUE":"330Ω","FINGER":"652c33dc4db3d648fb26ce36154e7119"},
{"LAYER":"TOP","ID":"E582R","COMPONENT":"Resistor  ","PART_VALUE":"68Ω","FINGER":"65e08c59409f8d5990913d146c406418"},
{"LAYER":"TOP","ID":"R302","COMPONENT":"Resistor  ","PART_VALUE":"10Ω","FINGER":"662222ed3fb7749af173350c51f47bf4"},
{"LAYER":"TOP","ID":"E129C","COMPONENT":"Capacitor  ","PART_VALUE":"22","FINGER":"665bbe0a5710613bd51e8dab5464d805"},
{"LAYER":"TOP","ID":"C21","COMPONENT":"Capacitor  ","PART_VALUE":"330nF","FINGER":"669a5f49d9d094ae32653114bc66b6af"},
{"LAYER":"TOP","ID":"LF1A","COMPONENT":"FB","PART_VALUE":"FB","FINGER":"67937fc9a3151a18c95b50f0d9366f05"},
{"LAYER":"TOP","ID":"R405B","COMPONENT":"Resistor  ","PART_VALUE":"1Ω","FINGER":"6882eb18846490700fad19114f033eba"},
{"LAYER":"BOT","ID":"C551","COMPONENT":"Capacitor  ","PART_VALUE":"330nF","FINGER":"696f6703f5138c36f3da27e16e669875"},
{"LAYER":"TOP","ID":"C306","COMPONENT":"Electrolytic  ","PART_VALUE":"10µF","FINGER":"6a371731e0b0dfc5e542b7954d288d63"},
{"LAYER":"TOP","ID":"E121R","COMPONENT":"Resistor  ","PART_VALUE":"27Ω","FINGER":"6ad4affbcabdbb999a1cf5b0593b89c4"},
{"LAYER":"BOT","ID":"E580R","COMPONENT":"Resistor  ","PART_VALUE":"68Ω","FINGER":"6b91496d8a492e2f7314a44e6b3584d1"},
{"LAYER":"BOT","ID":"C311","COMPONENT":"Capacitor  ","PART_VALUE":"47nF","FINGER":"6bc5f5c517cb012670a885e3c763cfd0"},
{"LAYER":"TOP","ID":"C17A","COMPONENT":"Capacitor  ","PART_VALUE":"330nF","FINGER":"6c1eb36f2ee9d0f5ebbf9de575fcc332"},
{"LAYER":"TOP","ID":"E692R","COMPONENT":"Resistor  ","PART_VALUE":"68Ω","FINGER":"6da330517f7e72744a9cd6f068c3a74a"},
{"LAYER":"BOT","ID":"E259C","COMPONENT":"Capacitor  ","PART_VALUE":"47pF","FINGER":"6dd30b32b6613657357c55dbf01c3b53"},
{"LAYER":"BOT","ID":"C458","COMPONENT":"Capacitor  ","PART_VALUE":"100nF","FINGER":"6f7bcbd7c6600c70f5285d40fbdf3d5c"},
{"LAYER":"BOT","ID":"C33","COMPONENT":"Capacitor  ","PART_VALUE":"47nF","FINGER":"7065bb8aacbe6fc9aba99576d6d90323"},
{"LAYER":"TOP","ID":"E594R","COMPONENT":"Resistor  ","PART_VALUE":"68Ω","FINGER":"71307377e3464c7a1d618d7f083efb15"},
{"LAYER":"TOP","ID":"E125C","COMPONENT":"Capacitor  ","PART_VALUE":"22","FINGER":"71b97701c60b960eba52145b7241b246"},
{"LAYER":"TOP","ID":"E122C","COMPONENT":"Capacitor  ","PART_VALUE":"22","FINGER":"72aa06ef0f5a1702826c25580a9999b4"},
{"LAYER":"TOP","ID":"E520R","COMPONENT":"Resistor  ","PART_VALUE":"68Ω","FINGER":"72e2c1ae3a01c0213af947b8abbac77b"},
{"LAYER":"BOT","ID":"C622","COMPONENT":"Capacitor * ","PART_VALUE":"22pF*","FINGER":"7460f49cbe21923ba24c7796a3b4f600"},
{"LAYER":"BOT","ID":"C314","COMPONENT":"Capacitor  ","PART_VALUE":"47nF","FINGER":"7515757d2431534993fb224b3098dece"},
{"LAYER":"TOP","ID":"U15","COMPONENT":"IC  ","PART_VALUE":"LF347","FINGER":"755f3075e814a7fe43c2424beb3e3364"},
{"LAYER":"TOP","ID":"C29","COMPONENT":"Capacitor  ","PART_VALUE":"47nF","FINGER":"763337d8c2cfc13d29b48226f27d44c8"},
{"LAYER":"BOT","ID":"C6","COMPONENT":"Capacitor  ","PART_VALUE":"330nF","FINGER":"767450706d588c22b6c68779211278f9"},
{"LAYER":"TOP","ID":"E132R","COMPONENT":"Resistor  ","PART_VALUE":"68Ω","FINGER":"76aa5bb74ae7bd23bb1c0e179ef3e157"},
{"LAYER":"BOT","ID":"R221","COMPONENT":"Resistor  ","PART_VALUE":"1.5kΩ","FINGER":"7737eea22e194b0a8742d7f6a5a6a679"},
{"LAYER":"BOT","ID":"C801","COMPONENT":"Capacitor  ","PART_VALUE":"10nF","FINGER":"77399c9538c2a31ac7474b281ccc85a7"},
{"LAYER":"BOT","ID":"E523C","COMPONENT":"Capacitor  ","PART_VALUE":"100pF","FINGER":"7800e9ca32811daa5db1702569b786ce"},
{"LAYER":"TOP","ID":"E152","COMPONENT":"Capacitor  ","PART_VALUE":"47pF","FINGER":"788e6cedd31efd3b146d19ee98516c6c"},
{"LAYER":"TOP","ID":"E520C","COMPONENT":"Capacitor  ","PART_VALUE":"100pF","FINGER":"78daae6258b2bccf72e162799e8dfb14"},
{"LAYER":"TOP","ID":"R215E","COMPONENT":"Resistor  ","PART_VALUE":"8kΩ","FINGER":"78fb5580da3f45944ddb3fffc9553ffd"},
{"LAYER":"TOP","ID":"E587R","COMPONENT":"Resistor  ","PART_VALUE":"68Ω","FINGER":"794f132bd3851bb730077264fdda9962"},
{"LAYER":"BOT","ID":"R346","COMPONENT":"Resistor  ","PART_VALUE":"10kΩ","FINGER":"7a40b90fe0ab58f3ac69bddee05d52ee"},
{"LAYER":"BOT","ID":"R951D","COMPONENT":"Resistor  ","PART_VALUE":"4.7kΩ","FINGER":"7aa92b5131507da5726370138824e04e"},
{"LAYER":"BOT","ID":"E374R","COMPONENT":"Resistor  ","PART_VALUE":"68Ω","FINGER":"7ade1ca10fbfbc6e32c7648eb226acd9"},
{"LAYER":"TOP","ID":"E254R","COMPONENT":"Resistor  ","PART_VALUE":"47Ω","FINGER":"7ade7c1830a0ba7aa2604a123110c6d5"},
{"LAYER":"TOP","ID":"E261C","COMPONENT":"Capacitor  ","PART_VALUE":"100pF","FINGER":"7cb43c0caae014180ba555733a239f31"},
{"LAYER":"BOT","ID":"R571","COMPONENT":"Resistor  ","PART_VALUE":"2.7kΩ","FINGER":"7cce5b21cdd210c707f27b6b50553a25"},
{"LAYER":"BOT","ID":"R715G","COMPONENT":"Resistor  ","PART_VALUE":"10kΩ","FINGER":"7d571df4dac9545161f5e071a28da2f3"},
{"LAYER":"BOT","ID":"E364R","COMPONENT":"Resistor  ","PART_VALUE":"68Ω","FINGER":"7e6c69c66e6c676dfd6f266840b18efa"},
{"LAYER":"BOT","ID":"C321","COMPONENT":"Capacitor  ","PART_VALUE":"100nF","FINGER":"7e8256f9d4a8faf72c2c56153bb48cb0"},
{"LAYER":"TOP","ID":"R215B","COMPONENT":"Resistor  ","PART_VALUE":"1kΩ","FINGER":"7e8fe65b7d676ea4d18f5ee7e4860a3a"},
{"LAYER":"BOT","ID":"R234C","COMPONENT":"Resistor  ","PART_VALUE":"75Ω","FINGER":"7e94e7b4f5e4d8e2b437a7de517d2193"},
{"LAYER":"TOP","ID":"E266R","COMPONENT":"Resistor  ","PART_VALUE":"68Ω","FINGER":"7e9f73b0488e54a68fa60e4ca8f5f103"},
{"LAYER":"BOT","ID":"C242","COMPONENT":"Capacitor  ","PART_VALUE":"15pF","FINGER":"7f19d7d3bff5375adde1442df1d841bc"},
{"LAYER":"BOT","ID":"R233C","COMPONENT":"Resistor  ","PART_VALUE":"150Ω","FINGER":"7f22368324fb538e77b3fe1ce9e8e527"},
{"LAYER":"BOT","ID":"E353C","COMPONENT":"Capacitor  ","PART_VALUE":"470pF","FINGER":"7f75b9d1c504bb10c219683184450344"},
{"LAYER":"TOP","ID":"E590R","COMPONENT":"Resistor  ","PART_VALUE":"68Ω","FINGER":"809f60a1170d28a9a6717d05028b3205"},
{"LAYER":"BOT","ID":"R651","COMPONENT":"Resistor  ","PART_VALUE":"4.7kΩ","FINGER":"80e629820e369bec50439b47ae75ac92"},
{"LAYER":"TOP","ID":"R232A","COMPONENT":"Resistor  ","PART_VALUE":"33kΩ","FINGER":"810acf72df857600251bb86e8a8d61ce"},
{"LAYER":"BOT","ID":"C1B","COMPONENT":"Capacitor  ","PART_VALUE":"330nF","FINGER":"81cb8743008c9d813a698a830ce2687b"},
{"LAYER":"TOP","ID":"CN13","COMPONENT":"MEMBRANE","PART_VALUE":"MEMBRANE","FINGER":"83a418980adea947da50aac2782da103"},
{"LAYER":"BOT","ID":"C301","COMPONENT":"Capacitor  ","PART_VALUE":"330nF","FINGER":"83c96f376f786bb66826c96da7ef7585"},
{"LAYER":"TOP","ID":"E263R","COMPONENT":"FB  ","PART_VALUE":"200","FINGER":"83ee3c0e51de6f3d0c6cc6d4f9ee1696"},
{"LAYER":"BOT","ID":"E555R","COMPONENT":"Resistor  ","PART_VALUE":"68Ω","FINGER":"842f66a03938c02d426363afcd2eae4d"},
{"LAYER":"TOP","ID":"R111","COMPONENT":"Resistor  ","PART_VALUE":"470Ω","FINGER":"845c53cf28fd24e8542d3ebfed664a8b"},
{"LAYER":"BOT","ID":"E556C","COMPONENT":"Capacitor  ","PART_VALUE":"470pF","FINGER":"84990d918f0047efa230d183011972d3"},
{"LAYER":"BOT","ID":"R954A","COMPONENT":"Resistor  ","PART_VALUE":"1kΩ","FINGER":"84a2ecb07bd6546bd438e0769cbf6018"},
{"LAYER":"BOT","ID":"E251C","COMPONENT":"Capacitor  ","PART_VALUE":"100pF","FINGER":"84d29c5dce7f2bd69d80a900d58ef55a"},
{"LAYER":"TOP","ID":"R151D","COMPONENT":"Resistor  ","PART_VALUE":"68Ω","FINGER":"84f934a2783acd59f43b3a7f60d45043"},
{"LAYER":"TOP","ID":"E597R","COMPONENT":"FB  ","PART_VALUE":"200","FINGER":"858ad519f2f22a6ad239e4b5f09f1099"},
{"LAYER":"TOP","ID":"R636","COMPONENT":"Resistor  ","PART_VALUE":"4.7kΩ","FINGER":"859e6bc479e702edd92faa59a987d6ed"},
{"LAYER":"TOP","ID":"R215F","COMPONENT":"Resistor  ","PART_VALUE":"330Ω","FINGER":"85fad23105b9ac51094fc577b36de72d"},
{"LAYER":"BOT","ID":"R952","COMPONENT":"Resistor  ","PART_VALUE":"470Ω","FINGER":"86558a637c3c6f3231495c237e3614ff"},
{"LAYER":"BOT","ID":"R325","COMPONENT":"Resistor  ","PART_VALUE":"390Ω","FINGER":"8712dcc9c73c3fbcfbdcfd7800e721c4"},
{"LAYER":"BOT","ID":"R653","COMPONENT":"Resistor  ","PART_VALUE":"10kΩ","FINGER":"87ba6b2a93b3f6343ce88be5a929baae"},
{"LAYER":"TOP","ID":"E512R","COMPONENT":"Resistor  ","PART_VALUE":"68Ω","FINGER":"87ce509240e9afbf3d053f3383257892"},
{"LAYER":"TOP","ID":"R151A","COMPONENT":"Resistor  ","PART_VALUE":"68Ω","FINGER":"88aa2c8827bb5575abd7870d3fbab797"},
{"LAYER":"BOT","ID":"E586R","COMPONENT":"Resistor  ","PART_VALUE":"68Ω","FINGER":"8948ed4efc40df12e1047317b8a2c236"},
{"LAYER":"BOT","ID":"C243","COMPONENT":"Capacitor  ","PART_VALUE":"1000pF","FINGER":"8ae23c87036a229571840ed9583b7f66"},
{"LAYER":"BOT","ID":"E590C","COMPONENT":"Capacitor  ","PART_VALUE":"100pF","FINGER":"8b671cb4baf4e51c7d54962ec2cd12df"},
{"LAYER":"TOP","ID":"U22","COMPONENT":"IC  ","PART_VALUE":"null","FINGER":"8b7777b7465ca2ef7bea917a6f66baa5"},
{"LAYER":"TOP","ID":"R151G","COMPONENT":"Resistor  ","PART_VALUE":"68Ω","FINGER":"8d60e043717ec046acfc491c135bd254"},
{"LAYER":"TOP","ID":"E593R","COMPONENT":"Resistor  ","PART_VALUE":"68Ω","FINGER":"8e30125750e725eae4889f7e11622f2a"},
{"LAYER":"BOT","ID":"E358R","COMPONENT":"Resistor  ","PART_VALUE":"68Ω","FINGER":"8ef501e9b7b5cdc84c7b7aabec6a0195"},
{"LAYER":"TOP","ID":"U17","COMPONENT":"IC  ","PART_VALUE":"null","FINGER":"8f74d92e9d350a9ab42ecccb429c1c45"},
{"LAYER":"TOP","ID":"E301","COMPONENT":"FB","PART_VALUE":"FB","FINGER":"8fa2c3ea2b7a113575bee856bd225860"},
{"LAYER":"TOP","ID":"E259R","COMPONENT":"FB  ","PART_VALUE":"200","FINGER":"900f8d310cc097019b2274e651428530"},
{"LAYER":"BOT","ID":"E356R","COMPONENT":"Resistor  ","PART_VALUE":"68Ω","FINGER":"906f2d39658815119058a816bbbca472"},
{"LAYER":"BOT","ID":"C302","COMPONENT":"Capacitor  ","PART_VALUE":"330nF","FINGER":"90f68f01fb57c432693052cb09fd923f"},
{"LAYER":"TOP","ID":"R638","COMPONENT":"Resistor  ","PART_VALUE":"*Ω","FINGER":"913bba73116342cfdc62db68c8aadfac"},
{"LAYER":"BOT","ID":"R233B","COMPONENT":"Resistor  ","PART_VALUE":"150Ω","FINGER":"91d0dfad124d5fd26f0cd2ed0edca108"},
{"LAYER":"BOT","ID":"E258C","COMPONENT":"Capacitor  ","PART_VALUE":"47pF","FINGER":"91e2d330da4d7072e7ccf38479b44854"},
{"LAYER":"TOP","ID":"Q651","COMPONENT":"NPN  ","PART_VALUE":"2N3904","FINGER":"937431eb3b428886ea027fd9623956bf"},
{"LAYER":"BOT","ID":"R223","COMPONENT":"Resistor  ","PART_VALUE":"1kΩ","FINGER":"93c3c4657ba92164ab59e60a1ce3b5d9"},
{"LAYER":"BOT","ID":"C14","COMPONENT":"Capacitor  ","PART_VALUE":"330nF","FINGER":"9526609632dafda20c49c374828571de"},
{"LAYER":"TOP","ID":"E372R","COMPONENT":"Resistor  ","PART_VALUE":"68Ω","FINGER":"95326248dd826e21e4c65ce08c8c7880"},
{"LAYER":"TOP","ID":"C3","COMPONENT":"Capacitor  ","PART_VALUE":"330nF","FINGER":"95a9b3aa53400f5be5f5508662b769d3"},
{"LAYER":"TOP","ID":"U2","COMPONENT":"IC  ","PART_VALUE":"8375","FINGER":"9703af42bb4a18cb93d2d6a093e3ad1a"},
{"LAYER":"BOT","ID":"E351C","COMPONENT":"Capacitor  ","PART_VALUE":"470pF","FINGER":"97310ac7c04522ee2cfaeac51479f4fb"},
{"LAYER":"BOT","ID":"E580C","COMPONENT":"Capacitor  ","PART_VALUE":"100pF","FINGER":"977fa3f8c4810a7a71267f10497864ac"},
{"LAYER":"TOP","ID":"R151H","COMPONENT":"Resistor  ","PART_VALUE":"68Ω","FINGER":"97ad346530ca4b72435daf7a316c25b6"},
{"LAYER":"TOP","ID":"C16A","COMPONENT":"Capacitor  ","PART_VALUE":"330nF","FINGER":"981449eb7a3528d14179c553c42d30b4"},
{"LAYER":"BOT","ID":"E557C","COMPONENT":"Capacitor  ","PART_VALUE":"10nF","FINGER":"983a65b5b95cc5513961985606dc8fd0"},
{"LAYER":"TOP","ID":"C303","COMPONENT":"Electrolytic  ","PART_VALUE":"22µF","FINGER":"9897060489079c902a23384bae614058"},
{"LAYER":"BOT","ID":"C552","COMPONENT":"Capacitor  ","PART_VALUE":"330nF","FINGER":"9968cc0275f90ddbfaae190134af8a76"},
{"LAYER":"BOT","ID":"C461","COMPONENT":"Capacitor  ","PART_VALUE":"100nF","FINGER":"999375204659238a8c736d753ce51855"},
{"LAYER":"BOT","ID":"E561R","COMPONENT":"Resistor  ","PART_VALUE":"47Ω","FINGER":"99ffef36d81e4e568fffefa5b54d1096"},
{"LAYER":"TOP","ID":"U46","COMPONENT":"IC  ","PART_VALUE":"74LS245","FINGER":"9a92d93049f8c0790b32436c984e4e61"},
{"LAYER":"TOP","ID":"Q652","COMPONENT":"PNP  ","PART_VALUE":"2N3906","FINGER":"9aa7c74faf26a1b0131cb658fad8c0f2"},
{"LAYER":"BOT","ID":"E582C","COMPONENT":"Capacitor  ","PART_VALUE":"100pF","FINGER":"9ab7720ef1cf859e83447e41722a2406"},
{"LAYER":"BOT","ID":"E253C","COMPONENT":"Capacitor  ","PART_VALUE":"100pF","FINGER":"9abff5ef6e8696052e2eaeb4175f942b"},
{"LAYER":"BOT","ID":"E373C","COMPONENT":"Capacitor  ","PART_VALUE":"470pF","FINGER":"9bec47d5c5378fe7cf8fdef07785b1b6"},
{"LAYER":"BOT","ID":"E598C","COMPONENT":"Capacitor  ","PART_VALUE":"10nF","FINGER":"9c732465f7125b309231070cb8d1bd2c"},
{"LAYER":"TOP","ID":"E127C","COMPONENT":"Capacitor  ","PART_VALUE":"22","FINGER":"9ccc6cae676d111fc248b7e485d2c583"},
{"LAYER":"BOT","ID":"E588C","COMPONENT":"Capacitor  ","PART_VALUE":"100pF","FINGER":"9d3f0fd56e94addce3836ca912d8e963"},
{"LAYER":"TOP","ID":"R152H","COMPONENT":"Resistor  ","PART_VALUE":"27Ω","FINGER":"9dcbd64c6f2ee979dc4bc0256cddcfda"},
{"LAYER":"TOP","ID":"R621","COMPONENT":"Resistor  ","PART_VALUE":"1kΩ","FINGER":"9e0d17f1138db0b2526cca17e5ce473d"},
{"LAYER":"TOP","ID":"U4","COMPONENT":"IC  ","PART_VALUE":"8373","FINGER":"9e4ee679130778ed1f98a2a0dab1dfa0"},
{"LAYER":"TOP","ID":"R214D","COMPONENT":"Resistor  ","PART_VALUE":"4kΩ","FINGER":"9e68b57fb2ba0f2e6273104b4ceb5a03"},
{"LAYER":"TOP","ID":"E120C","COMPONENT":"Capacitor  ","PART_VALUE":"*","FINGER":"9ece65a77a419c2ba774b15243a9d922"},
{"LAYER":"BOT","ID":"C246","COMPONENT":"Capacitor  ","PART_VALUE":"10nF","FINGER":"9ef91f8facc6588a76126d0e5fe1fcf1"},
{"LAYER":"TOP","ID":"E525R","COMPONENT":"Resistor  ","PART_VALUE":"68Ω","FINGER":"9ff882b11b7cc1fd697b831da480ca35"},
{"LAYER":"TOP","ID":"U29","COMPONENT":"IC  ","PART_VALUE":"null","FINGER":"a00a531e9a7d597c96097f8d568d8af5"},
{"LAYER":"BOT","ID":"C25","COMPONENT":"Capacitor  ","PART_VALUE":"330nF","FINGER":"a0336bb67a505b7662b5de6ba094830f"},
{"LAYER":"TOP","ID":"R253","COMPONENT":"Resistor  ","PART_VALUE":"4.7kΩ","FINGER":"a0df891bd1112e22526af2e10c7d469e"},
{"LAYER":"TOP","ID":"U44","COMPONENT":"IC  ","PART_VALUE":"74F02","FINGER":"a1fb722886ce3d1de5dd73fddfce310c"},
{"LAYER":"BOT","ID":"R202","COMPONENT":"Resistor  ","PART_VALUE":"*Ω","FINGER":"a233e716986b357d6ab879b660ad9b77"},
{"LAYER":"BOT","ID":"E512C","COMPONENT":"Capacitor  ","PART_VALUE":"100pF","FINGER":"a247e18d4e366afa7b7ac580ed8a7761"},
{"LAYER":"TOP","ID":"Q231","COMPONENT":"NPN  ","PART_VALUE":"2N3904","FINGER":"a36015ca323813ed2571798cd8aa1386"},
{"LAYER":"TOP","ID":"C305","COMPONENT":"Capacitor  ","PART_VALUE":"330nF","FINGER":"a3af400422159f6fb9db5e073bb96774"},
{"LAYER":"BOT","ID":"E354C","COMPONENT":"Capacitor  ","PART_VALUE":"470pF","FINGER":"a402bbb8cae3fc0ab003096d8ba56069"},
{"LAYER":"TOP","ID":"C239","COMPONENT":"Electrolytic  ","PART_VALUE":"100µF","FINGER":"a5ba7eb3a2e8860ca81b3f4c1b5f24a7"},
{"LAYER":"TOP","ID":"Q633","COMPONENT":"PNP  ","PART_VALUE":"2N3906","FINGER":"a6d940dcaee17a549bd5a845ac4702ce"},
{"LAYER":"BOT","ID":"C41","COMPONENT":"Capacitor  ","PART_VALUE":"330nF","FINGER":"a6f99aeab231ae514112069ac6a7d53a"},
{"LAYER":"BOT","ID":"R345","COMPONENT":"Resistor  ","PART_VALUE":"22kΩ","FINGER":"a785247918aea2dabbb53dc8cdce4fd4"},
{"LAYER":"TOP","ID":"CN10","COMPONENT":"RCA  ","PART_VALUE":"JACK","FINGER":"a7c2d50b045b21bc25b3af76368ea1de"},
{"LAYER":"TOP","ID":"E125R","COMPONENT":"Resistor  ","PART_VALUE":"27Ω","FINGER":"a8ad940d7b963ad787b0a6114a5dd796"},
{"LAYER":"TOP","ID":"E124R","COMPONENT":"Resistor  ","PART_VALUE":"27Ω","FINGER":"a9d0c521eda236707f927482002188fd"},
{"LAYER":"TOP","ID":"R336","COMPONENT":"Resistor  ","PART_VALUE":"470kΩ","FINGER":"aa4bf7073d63ec3d7d0dd4f5a6ffe847"},
{"LAYER":"BOT","ID":"R370D","COMPONENT":"Resistor  ","PART_VALUE":"4.7kX9Ω","FINGER":"ab6c1e398cf9627b19ed8c3fa136e239"},
{"LAYER":"BOT","ID":"E592C","COMPONENT":"Capacitor  ","PART_VALUE":"100pF","FINGER":"abbbe749a08cc8cf9f11bc2c8196c975"},
{"LAYER":"BOT","ID":"E232C","COMPONENT":"Capacitor  ","PART_VALUE":"10nF","FINGER":"abfaed13fa5b0c991c2b73a6b21bba6d"},
{"LAYER":"TOP","ID":"Q631","COMPONENT":"PNP  ","PART_VALUE":"2N3906","FINGER":"ac56a6a983165bd410e5bae06a2eba5a"},
{"LAYER":"BOT","ID":"R623","COMPONENT":"Resistor  ","PART_VALUE":"10kΩ","FINGER":"aca82efb9cc9644c55ea2dfe7517958c"},
{"LAYER":"TOP","ID":"D574","COMPONENT":"Diode  ","PART_VALUE":"1N4001","FINGER":"acea3c54afe7a421930147c2f852da31"},
{"LAYER":"TOP","ID":"R953A","COMPONENT":"Resistor  ","PART_VALUE":"470Ω","FINGER":"acf0bc09d718faedc654f521575e8442"},
{"LAYER":"BOT","ID":"R222","COMPONENT":"Resistor  ","PART_VALUE":"1kΩ","FINGER":"add2e3d0239ce11d66dc72e2d23a1cd7"},
{"LAYER":"TOP","ID":"Z222","COMPONENT":"LC","PART_VALUE":"LC","FINGER":"ade993a3f74ffad6788403fb450f5f94,a71b5b7ea1c06c5a7ff0709201e85980"},
{"LAYER":"TOP","ID":"FB992","COMPONENT":"FB","PART_VALUE":"FB","FINGER":"ae21392ba07e5fa96a6b7e1ab5920538"},
{"LAYER":"BOT","ID":"R245","COMPONENT":"Resistor  ","PART_VALUE":"1.8kΩ","FINGER":"ae35210dc0c0e4dec4df22011c35bf18"},
{"LAYER":"BOT","ID":"R242","COMPONENT":"Resistor  ","PART_VALUE":"6.8kΩ","FINGER":"aed7fe0c90e193952fb9d48c7da402ef"},
{"LAYER":"BOT","ID":"E589C","COMPONENT":"Capacitor  ","PART_VALUE":"100pF","FINGER":"af0dde1d37b730af2cab38568aa3c7c1"},
{"LAYER":"TOP","ID":"R406","COMPONENT":"Resistor  ","PART_VALUE":"4.7Ω","FINGER":"affe14f9106f56de0de41059dce5211a"},
{"LAYER":"BOT","ID":"E321C","COMPONENT":"Capacitor  ","PART_VALUE":"6800","FINGER":"b040a24ea3b493d3cb763d21f4eb5c30"},
{"LAYER":"TOP","ID":"C811","COMPONENT":"Electrolytic  ","PART_VALUE":"1000µF","FINGER":"b096f5b33cd9c0ac3a6143b9fc71423d"},
{"LAYER":"BOT","ID":"E554C","COMPONENT":"Capacitor  ","PART_VALUE":"470pF","FINGER":"b0bfb680a1ede99cc8f72f2ddf0db62f"},
{"LAYER":"BOT","ID":"E561C","COMPONENT":"Capacitor  ","PART_VALUE":"10nF","FINGER":"b0ddb51a5bb1b420d508414a06aeb1a3"},
{"LAYER":"TOP","ID":"Q211","COMPONENT":"NPN  ","PART_VALUE":"2N3904","FINGER":"b11ef66e16c44d00d090122a36783e49"},
{"LAYER":"BOT","ID":"C13","COMPONENT":"Capacitor  ","PART_VALUE":"330nF","FINGER":"b15e4118fde5e3e165e0421eafe8d217"},
{"LAYER":"BOT","ID":"C802","COMPONENT":"Capacitor  ","PART_VALUE":"10nF","FINGER":"b183d9be020e412f135bc05487d1fc7a"},
{"LAYER":"BOT","ID":"R241","COMPONENT":"Resistor  ","PART_VALUE":"4.7kΩ","FINGER":"b1e1d4a6088a330bd43f87ae27002b03"},
{"LAYER":"BOT","ID":"R370B","COMPONENT":"Resistor  ","PART_VALUE":"4.7kX9Ω","FINGER":"b2e69a9329af7a8e9505aa09ca6c5bc6"},
{"LAYER":"BOT","ID":"C362","COMPONENT":"Capacitor  ","PART_VALUE":"100nF","FINGER":"b37559704d2c86cea07cff16d41d26f5"},
{"LAYER":"BOT","ID":"C800","COMPONENT":"Capacitor  ","PART_VALUE":"10nF","FINGER":"b3ae0737197efcf1f0de56eccec377bf"},
{"LAYER":"TOP","ID":"R213","COMPONENT":"Resistor  ","PART_VALUE":"150Ω","FINGER":"b3d9985c8db37f954d88f18e70c9ae24"},
{"LAYER":"TOP","ID":"C28A","COMPONENT":"Capacitor  ","PART_VALUE":"47nF","FINGER":"b422f62f8ea0455c6e70004098ade71c"},
{"LAYER":"BOT","ID":"E594C","COMPONENT":"Capacitor  ","PART_VALUE":"100pF","FINGER":"b48ed2a28c95e9320abc8938d4c255c9"},
{"LAYER":"TOP","ID":"CN16","COMPONENT":"DIL_44","PART_VALUE":"DIL_44","FINGER":"b52fe113889caf51fb4fa2efbe37ae70"},
{"LAYER":"TOP","ID":"C334","COMPONENT":"Electrolytic  ","PART_VALUE":"22µF","FINGER":"b55cfee6dac5cb2d1fcf016da25844dd"},
{"LAYER":"BOT","ID":"C322","COMPONENT":"Capacitor  ","PART_VALUE":"6800pF","FINGER":"b5c627a1466f86997c513edf340e221c"},
{"LAYER":"TOP","ID":"Q233","COMPONENT":"NPN  ","PART_VALUE":"2N3904","FINGER":"b60e9942c2c0509f73ff27c8ae43070c"},
{"LAYER":"BOT","ID":"C221","COMPONENT":"Capacitor  ","PART_VALUE":"100nF","FINGER":"b6185821e1eb45c048053d3dfcd6ccc8"},
{"LAYER":"TOP","ID":"Q232","COMPONENT":"NPN  ","PART_VALUE":"2N3904","FINGER":"b655b3c28a51ced9889f836ec8008abf"},
{"LAYER":"TOP","ID":"D571","COMPONENT":"Diode  ","PART_VALUE":"1N914","FINGER":"b6ed75971a8a92c5953ea3e6f5b407cc"},
{"LAYER":"TOP","ID":"E151","COMPONENT":"Capacitor  ","PART_VALUE":"47pF","FINGER":"b71f148b66b05312ab0fe8ab53e86d97"},
{"LAYER":"TOP","ID":"E513R","COMPONENT":"Resistor  ","PART_VALUE":"68Ω","FINGER":"b769a4edc0480d11db1579a824232cce"},
{"LAYER":"BOT","ID":"E321R","COMPONENT":"Resistor  ","PART_VALUE":"0Ω","FINGER":"b7b2764a7316f98cf9a0f398dde797fd"},
{"LAYER":"BOT","ID":"R654","COMPONENT":"Resistor  ","PART_VALUE":"1kΩ","FINGER":"b8d174fc9a5e419de1b986ce0a9f4554"},
{"LAYER":"TOP","ID":"R339","COMPONENT":"Resistor  ","PART_VALUE":"10kΩ","FINGER":"b8f7e69290193e1b79925ba50f1e18bc"},
{"LAYER":"TOP","ID":"E515R","COMPONENT":"Resistor  ","PART_VALUE":"68Ω","FINGER":"b9031bd5069eae3b10c3db72d8b09d2d"},
{"LAYER":"BOT","ID":"R715D","COMPONENT":"Resistor  ","PART_VALUE":"10kΩ","FINGER":"b91ee708a2d01053295faaa767bc9826"},
{"LAYER":"TOP","ID":"E260R","COMPONENT":"FB  ","PART_VALUE":"200","FINGER":"b9b84d21c81c11a6984b63fa2445a618"},
{"LAYER":"TOP","ID":"U8","COMPONENT":"IC  ","PART_VALUE":"8520","FINGER":"b9fbe24640d3a0c1571e6570c33642ad"},
{"LAYER":"TOP","ID":"R370F","COMPONENT":"Resistor  ","PART_VALUE":"4.7kX9Ω","FINGER":"ba0de67486e07c765e3cc94c82857bf2"},
{"LAYER":"BOT","ID":"E584C","COMPONENT":"Capacitor  ","PART_VALUE":"100pF","FINGER":"babbfd67e14cbf2d92002b1cd08696c1"},
{"LAYER":"BOT","ID":"E554R","COMPONENT":"Resistor  ","PART_VALUE":"68Ω","FINGER":"bb1b6f4e658146a1686199350d167d2a"},
{"LAYER":"TOP","ID":"E592R","COMPONENT":"Resistor  ","PART_VALUE":"68Ω","FINGER":"bc4bd006bb537e734bcb3c28a8a40234"},
{"LAYER":"TOP","ID":"Q622","COMPONENT":"NPN  ","PART_VALUE":"2N3904","FINGER":"bc4c9d5dc9bf3a8a2de6ce4f80ca50c4"},
{"LAYER":"BOT","ID":"R370H","COMPONENT":"Resistor  ","PART_VALUE":"4.7kX9Ω","FINGER":"bc98c5f713746fb1fbb525fab4ab9dab"},
{"LAYER":"TOP","ID":"R622","COMPONENT":"Resistor  ","PART_VALUE":"100Ω","FINGER":"bcb0647623c58d82311b75dd887a2985"},
{"LAYER":"TOP","ID":"E122R","COMPONENT":"Resistor  ","PART_VALUE":"27Ω","FINGER":"bd14b6c603fe306a03113fc67026398a"},
{"LAYER":"TOP","ID":"C612","COMPONENT":"Electrolytic  ","PART_VALUE":"10µF","FINGER":"bd459ffb4d04a25eb20c9a95744c0aab"},
{"LAYER":"BOT","ID":"C332","COMPONENT":"Capacitor  ","PART_VALUE":"6800pF","FINGER":"bd5bb67d9957b8d5e5f0bd71d8372134"},
{"LAYER":"TOP","ID":"R215A","COMPONENT":"Resistor  ","PART_VALUE":"270Ω","FINGER":"becc5f9dedbf2716b408291bb6475d34"},
{"LAYER":"TOP","ID":"E585R","COMPONENT":"Resistor  ","PART_VALUE":"68Ω","FINGER":"beda329a324a62890225bd3964b18651"},
{"LAYER":"TOP","ID":"R639","COMPONENT":"Resistor  ","PART_VALUE":"100Ω","FINGER":"bfd5745765667061f613bd95572e41bc"},
{"LAYER":"BOT","ID":"R717","COMPONENT":"Resistor  ","PART_VALUE":"10kΩ","FINGER":"c05014e4d3bb84d15d6a62ab8ed9b4bf"},
{"LAYER":"BOT","ID":"R612","COMPONENT":"Resistor  ","PART_VALUE":"47kΩ","FINGER":"c075214813b01c556c557bc6b8da77bb"},
{"LAYER":"BOT","ID":"E361C","COMPONENT":"Capacitor  ","PART_VALUE":"470pF","FINGER":"c0de075c3f0bb992fa38cfdb66bbd401"},
{"LAYER":"TOP","ID":"R231A","COMPONENT":"Resistor  ","PART_VALUE":"1kΩ","FINGER":"c154af6c924377f0ebe4ea169de436a7"},
{"LAYER":"BOT","ID":"R333","COMPONENT":"Resistor  ","PART_VALUE":"10kΩ","FINGER":"c1ee469a0c02dfd980ae140c59a9eee3"},
{"LAYER":"BOT","ID":"E591C","COMPONENT":"Capacitor  ","PART_VALUE":"100pF","FINGER":"c22654d87074a938c751c395d6f7b0a3"},
{"LAYER":"TOP","ID":"U1","COMPONENT":"IC  ","PART_VALUE":"MC68000","FINGER":"c228a804cf949a1453cb7248476e21a4"},
{"LAYER":"TOP","ID":"E372C","COMPONENT":"Capacitor  ","PART_VALUE":"470pF","FINGER":"c261df443a60e91e55929c1c8dfb68ac"},
{"LAYER":"BOT","ID":"R611","COMPONENT":"Resistor  ","PART_VALUE":"1MΩ","FINGER":"c28e48260fb590695360b6544c988056"},
{"LAYER":"TOP","ID":"C236","COMPONENT":"Electrolytic  ","PART_VALUE":"100µF","FINGER":"c3ee6ef9516118f88808f8c12b2db933"},
{"LAYER":"TOP","ID":"E516R","COMPONENT":"Resistor  ","PART_VALUE":"68Ω","FINGER":"c4802aefc87c5a7ec7329d5b9767770b"},
{"LAYER":"TOP","ID":"E517R","COMPONENT":"Resistor  ","PART_VALUE":"68Ω","FINGER":"c4afe1f3adb618b689574fb57db767fa"},
{"LAYER":"BOT","ID":"C352","COMPONENT":"Capacitor  ","PART_VALUE":"47nF","FINGER":"c4e59948f70c8e08c63776487f42cd3f"},
{"LAYER":"BOT","ID":"R114","COMPONENT":"Resistor  ","PART_VALUE":"27Ω","FINGER":"c6dc9db0968f10f2f922fc0e3cb59cfc"},
{"LAYER":"TOP","ID":"CN15","COMPONENT":"MEMORY_CARD","PART_VALUE":"MEMORY_CARD","FINGER":"c6e48604efa5c8126f08a799bd4f32e2"},
{"LAYER":"TOP","ID":"E120R","COMPONENT":"Resistor  ","PART_VALUE":"27Ω","FINGER":"c705abbebee62106c91dfba08ea1f458"},
{"LAYER":"BOT","ID":"C804","COMPONENT":"Capacitor  ","PART_VALUE":"330nF","FINGER":"c7752236abf41b022907dc6d4d4c13bf"},
{"LAYER":"BOT","ID":"C7","COMPONENT":"Capacitor  ","PART_VALUE":"47nF","FINGER":"c82f88fd9d3d7024e66d2fbcd16af892"},
{"LAYER":"TOP","ID":"U31","COMPONENT":"IC  ","PART_VALUE":"74HCT244","FINGER":"c94811c0d18453ce171acadadc459a38"},
{"LAYER":"TOP","ID":"R216B","COMPONENT":"Resistor  ","PART_VALUE":"1kΩ","FINGER":"c9cd159c4ed18bd9698bdf9249dc4b32"},
{"LAYER":"TOP","ID":"CN3","COMPONENT":"RCA  ","PART_VALUE":"JACK","FINGER":"ca144e11ad621bea26f0773eaac0951a"},
{"LAYER":"TOP","ID":"Q213","COMPONENT":"NPN  ","PART_VALUE":"2N3904","FINGER":"caea01c306e960f1b998e659d3a6b4b5"},
{"LAYER":"TOP","ID":"E693C","COMPONENT":"Capacitor  ","PART_VALUE":"47pF","FINGER":"cb0a934ad0356b38f348a60acc6f36d6"},
{"LAYER":"TOP","ID":"R349","COMPONENT":"Resistor  ","PART_VALUE":"33kΩ","FINGER":"cb2a9d67679f81c70aa3f9b3b315ef1e"},
{"LAYER":"TOP","ID":"L241","COMPONENT":"INDUCTOR  ","PART_VALUE":"1.2µH","FINGER":"cb43854d764b6f65d580f71330915718"},
{"LAYER":"BOT","ID":"R657","COMPONENT":"Resistor  ","PART_VALUE":"10kΩ","FINGER":"cbd511175d4e860d9ccc574fe0512217"},
{"LAYER":"TOP","ID":"R152B","COMPONENT":"Resistor  ","PART_VALUE":"27Ω","FINGER":"cbe8239c57b40db10872dc9a745ab091"},
{"LAYER":"TOP","ID":"C821","COMPONENT":"Electrolytic  ","PART_VALUE":"47µF","FINGER":"cc2dee8d83a39ddd64991af7ca00239e"},
{"LAYER":"TOP","ID":"E589R","COMPONENT":"Resistor  ","PART_VALUE":"68Ω","FINGER":"cc48c3d7ba948d297fc90b2b04b0f598"},
{"LAYER":"BOT","ID":"C592","COMPONENT":"Capacitor  ","PART_VALUE":"10nF","FINGER":"cd2eeac8a26caebe8466ec674f6fd1f7"},
{"LAYER":"TOP","ID":"C32","COMPONENT":"Capacitor  ","PART_VALUE":"330nF","FINGER":"cd356e086d311f7d002b8dd5cf04db1e"},
{"LAYER":"BOT","ID":"E374C","COMPONENT":"Capacitor  ","PART_VALUE":"470pF","FINGER":"cd48e4df7a739d07b4f98668d72a882a"},
{"LAYER":"BOT","ID":"C213","COMPONENT":"Capacitor  ","PART_VALUE":"330nF","FINGER":"cd523e0ef05c0ff83c19654e115e6c79"},
{"LAYER":"BOT","ID":"E364C","COMPONENT":"Capacitor  ","PART_VALUE":"470pF","FINGER":"cd805629c5fe5a2fe8d43f630279ec0b"},
{"LAYER":"TOP","ID":"R304","COMPONENT":"Resistor  ","PART_VALUE":"1kΩ","FINGER":"ce1b1698c422b4e3c582c46b0353ad15"},
{"LAYER":"TOP","ID":"Q212","COMPONENT":"NPN  ","PART_VALUE":"2N3904","FINGER":"ce43c73d7ac1bcf21edbb26d56e8ae72"},
{"LAYER":"TOP","ID":"Q571","COMPONENT":"NPN  ","PART_VALUE":"2N3904","FINGER":"ce9d2efd8a6bc9f0320f8702e214a2de"},
{"LAYER":"TOP","ID":"E258R","COMPONENT":"FB  ","PART_VALUE":"200","FINGER":"cf7380e2af2bedcdd853479f8243171a"},
{"LAYER":"TOP","ID":"CN9","COMPONENT":"DB23S","PART_VALUE":"DB23S","FINGER":"d017cfe09bcf882bcef34bdc2b1f4aa7"},
{"LAYER":"BOT","ID":"E596C","COMPONENT":"Capacitor  ","PART_VALUE":"100pF","FINGER":"d10dae9cbadac11be96d43a986e49a92"},
{"LAYER":"TOP","ID":"R721","COMPONENT":"Resistor  ","PART_VALUE":"4.7kΩ","FINGER":"d1619125493548f6afede1acb4e87e25"},
{"LAYER":"TOP","ID":"U14","COMPONENT":"IC  ","PART_VALUE":"NE555","FINGER":"d1f1936b6d15506d91adaba412795bad"},
{"LAYER":"BOT","ID":"R238","COMPONENT":"Resistor  ","PART_VALUE":"*Ω","FINGER":"d2401cb083a863404257e1cfcadbaecc"},
{"LAYER":"BOT","ID":"R718","COMPONENT":"Resistor  ","PART_VALUE":"10kΩ","FINGER":"d2e1fa39273e66b3f648dc4b199a2017"},
{"LAYER":"TOP","ID":"R715X","COMPONENT":"Resistor  ","PART_VALUE":"4.7kΩ","FINGER":"d39ef825eef99b4a0dacfa44662a5a8e"},
{"LAYER":"BOT","ID":"E562R","COMPONENT":"Resistor  ","PART_VALUE":"47Ω","FINGER":"d403706a9f94aec3fe065ed4844d587a"},
{"LAYER":"BOT","ID":"C711","COMPONENT":"Capacitor  ","PART_VALUE":"330nF","FINGER":"d43c99a6c3a57c998d495726fedf7c6e"},
{"LAYER":"TOP","ID":"R152E","COMPONENT":"Resistor  ","PART_VALUE":"27Ω","FINGER":"d443d683d2ffae51c43021b1601e5c87"},
{"LAYER":"TOP","ID":"C22","COMPONENT":"Capacitor  ","PART_VALUE":"330nF","FINGER":"d4cc46b1940125cffe9ebed9196c2f97"},
{"LAYER":"TOP","ID":"C611","COMPONENT":"Capacitor  ","PART_VALUE":"100nF","FINGER":"d565892d1c0048474a31ce1b26e28680"},
{"LAYER":"TOP","ID":"C591","COMPONENT":"Capacitor  ","PART_VALUE":"10nF","FINGER":"d5c1c40185fd10caaad24f5a20edfd58"},
{"LAYER":"TOP","ID":"R251","COMPONENT":"Resistor  ","PART_VALUE":"4.7kΩ","FINGER":"d5e8a2f6a2a3e1d7050a038c88ee4bb4"},
{"LAYER":"TOP","ID":"C333","COMPONENT":"Capacitor  ","PART_VALUE":"3900pF","FINGER":"d6e121e3ff82518994a0cd408a125996"},
{"LAYER":"TOP","ID":"CN7","COMPONENT":"DB25S","PART_VALUE":"DB25S","FINGER":"d6e1fa3b91d45077b3c117eb9b827008"},
{"LAYER":"TOP","ID":"C460","COMPONENT":"Electrolytic  ","PART_VALUE":"10µF","FINGER":"d766f7cb026170c62d58b443fcffff68"},
{"LAYER":"BOT","ID":"C45","COMPONENT":"Capacitor  ","PART_VALUE":"330nF","FINGER":"d769f3ceb3649e9cce7d8fe88afc761c"},
{"LAYER":"BOT","ID":"C36","COMPONENT":"Capacitor  ","PART_VALUE":"47nF","FINGER":"d781afe1d74ae55885dd611546975784"},
{"LAYER":"TOP","ID":"X1","COMPONENT":"null","PART_VALUE":"null","FINGER":"d80b16921aa7143a5c851b83e7987006"},
{"LAYER":"TOP","ID":"U21","COMPONENT":"IC  ","PART_VALUE":"74LS245","FINGER":"d8c34c7e0bda81ce278b1bb1f13304aa"},
{"LAYER":"BOT","ID":"E265C","COMPONENT":"Capacitor  ","PART_VALUE":"10nF","FINGER":"d980f30b428043186fb8f4bcfd0b98b8"},
{"LAYER":"BOT","ID":"E514C","COMPONENT":"Capacitor  ","PART_VALUE":"100pF","FINGER":"daa7495002f045cb81bc931b5e7bdaab"},
{"LAYER":"TOP","ID":"E264R","COMPONENT":"FB  ","PART_VALUE":"200","FINGER":"daccd61f7416106139e60301d394b61d"},
{"LAYER":"BOT","ID":"R332","COMPONENT":"Resistor  ","PART_VALUE":"10kΩ","FINGER":"db1edaf1799cbe3668132253f913c105"},
{"LAYER":"TOP","ID":"E692C","COMPONENT":"Capacitor  ","PART_VALUE":"47pF","FINGER":"db27f95449ad88bb8f9d58088d6e9da1"},
{"LAYER":"BOT","ID":"E599C","COMPONENT":"Capacitor  ","PART_VALUE":"100pF","FINGER":"dc191ab939b212ad91abbb2bef7c6430"},
{"LAYER":"TOP","ID":"E262R","COMPONENT":"Resistor  ","PART_VALUE":"68Ω","FINGER":"dc1fda64017ff264722da95643076d25"},
{"LAYER":"TOP","ID":"C211","COMPONENT":"Capacitor  ","PART_VALUE":"330nF","FINGER":"dd008cdb53b2103146e5b197092b4288"},
{"LAYER":"TOP","ID":"CN12","COMPONENT":"4-PIN  ","PART_VALUE":"SIL","FINGER":"dd49a3d3c5b2b13942c3ac53a4a20fa9"},
{"LAYER":"BOT","ID":"R243","COMPONENT":"Resistor  ","PART_VALUE":"10kΩ","FINGER":"ddbf63251a2875e3ba6fd07d70c53199"},
{"LAYER":"BOT","ID":"R103","COMPONENT":"Resistor  ","PART_VALUE":"1kΩ","FINGER":"ddc3157f8f7f6266f9dd877a9f748c9d"},
{"LAYER":"BOT","ID":"C701","COMPONENT":"Capacitor  ","PART_VALUE":"330nF","FINGER":"de3848eaa071284c5bb433b6c2178975"},
{"LAYER":"TOP","ID":"Z221","COMPONENT":"LC","PART_VALUE":"LC","FINGER":"dec98789e4323da263b8c50b5368f324"},
{"LAYER":"TOP","ID":"U5","COMPONENT":"IC  ","PART_VALUE":"4145R0F020","FINGER":"decf73284c40fbd56dee88c41aa6ecac"},
{"LAYER":"BOT","ID":"R329","COMPONENT":"Resistor  ","PART_VALUE":"10kΩ","FINGER":"df2ed213cb4b71bb3b4aa545f256a47d"},
{"LAYER":"TOP","ID":"R659","COMPONENT":"Resistor  ","PART_VALUE":"470Ω","FINGER":"dff355007c4bfaeb5750149c9a131cd1"},
{"LAYER":"TOP","ID":"E252R","COMPONENT":"Resistor  ","PART_VALUE":"68Ω","FINGER":"dff72bcc1066ef16847f63930ff5949b"},
{"LAYER":"TOP","ID":"Q654","COMPONENT":"PNP  ","PART_VALUE":"2N3906","FINGER":"e098d6908b498b777016b333622ca9a1"},
{"LAYER":"TOP","ID":"Q331","COMPONENT":"JFET  ","PART_VALUE":"MPF102","FINGER":"e0db4c194a77fb117de96fa2be738719"},
{"LAYER":"BOT","ID":"R244","COMPONENT":"Resistor  ","PART_VALUE":"1kΩ","FINGER":"e2483d094e8dacc3b1b11fc8be2716e1"},
{"LAYER":"TOP","ID":"U43","COMPONENT":"IC  ","PART_VALUE":"74LS245","FINGER":"e2486cab7e63a2110c7cda5869a22650"},
{"LAYER":"TOP","ID":"E521C","COMPONENT":"Capacitor  ","PART_VALUE":"100pF","FINGER":"e2c5cc31dd393bfd4a7a82d606ce820d"},
{"LAYER":"TOP","ID":"C235","COMPONENT":"Electrolytic  ","PART_VALUE":"100µF","FINGER":"e33b9375a761c9d546394a7d8076e0ce"},
{"LAYER":"BOT","ID":"R231C","COMPONENT":"Resistor  ","PART_VALUE":"1kΩ","FINGER":"e33e1919697a69c9651adf7757848a02"},
{"LAYER":"BOT","ID":"E523R","COMPONENT":"Resistor  ","PART_VALUE":"68Ω","FINGER":"e3835340bda7edcbca63e20f44161c98"},
{"LAYER":"BOT","ID":"C47","COMPONENT":"Capacitor  ","PART_VALUE":"330nF","FINGER":"e45edeeae94a489f960d8cba375a62d9"},
{"LAYER":"BOT","ID":"E511C","COMPONENT":"Capacitor  ","PART_VALUE":"100pF","FINGER":"e48efcf52dc278ed2c686b58030afefa"},
{"LAYER":"BOT","ID":"E363C","COMPONENT":"Capacitor  ","PART_VALUE":"470pF","FINGER":"e4fb88c5c14aa2b1cf6cdd9a54fa3d8e"},
{"LAYER":"BOT","ID":"R515","COMPONENT":"Resistor  ","PART_VALUE":"470Ω","FINGER":"e51c347c8a56dc24bec402056652896d"},
{"LAYER":"TOP","ID":"R637","COMPONENT":"Resistor  ","PART_VALUE":"*Ω","FINGER":"e59c4fa2191c5487860cad6ba5f5c67b"},
{"LAYER":"BOT","ID":"R714A","COMPONENT":"Resistor  ","PART_VALUE":"120Ω","FINGER":"e6601db47dd1afda27d0991655cef2dc"},
{"LAYER":"BOT","ID":"R234B","COMPONENT":"Resistor  ","PART_VALUE":"75Ω","FINGER":"e6750522860b0530d84f84b8219bfcea"},
{"LAYER":"TOP","ID":"U34","COMPONENT":"IC  ","PART_VALUE":"null","FINGER":"e68164d1fad686a9e8e9071ff7ee469f"},
{"LAYER":"TOP","ID":"E581R","COMPONENT":"Resistor  ","PART_VALUE":"68Ω","FINGER":"e6d1c9e7b30a7f752622fcd11373d81c"},
{"LAYER":"TOP","ID":"Y451","COMPONENT":"PIN","PART_VALUE":"PIN","FINGER":"e6ee2a35b8ff9370fd1581e803c870a5"},
{"LAYER":"TOP","ID":"U26","COMPONENT":"IC  ","PART_VALUE":"null","FINGER":"e6ffb6a2746f521c297f54ae1c937a72"},
{"LAYER":"TOP","ID":"U6","COMPONENT":"IC  ","PART_VALUE":"62408","FINGER":"e7cf6ed90262cf7f4adbbd8a3c233cdc"},
{"LAYER":"BOT","ID":"R203","COMPONENT":"Resistor  ","PART_VALUE":"0Ω","FINGER":"e856021439047f7e7cd6c191580518fa"},
{"LAYER":"TOP","ID":"E255R","COMPONENT":"Resistor  ","PART_VALUE":"47Ω","FINGER":"e9014849a77ae9d1c44d224d6239485c"},
{"LAYER":"BOT","ID":"E354R","COMPONENT":"Resistor  ","PART_VALUE":"68Ω","FINGER":"e90e4e4ed1cd4f75e8ad5e5de6dd5103"},
{"LAYER":"BOT","ID":"R715B","COMPONENT":"Resistor  ","PART_VALUE":"10kΩ","FINGER":"e9112a14723e30c8a36f89d9b497143b"},
{"LAYER":"BOT","ID":"E351R","COMPONENT":"Resistor  ","PART_VALUE":"68Ω","FINGER":"e919f5e95f592ccc8f6304758abd1520"},
{"LAYER":"BOT","ID":"R715F","COMPONENT":"Resistor  ","PART_VALUE":"10kΩ","FINGER":"e934de1eeb6a01b8c9003b55ddd86ab5"},
{"LAYER":"BOT","ID":"E593C","COMPONENT":"Capacitor  ","PART_VALUE":"100pF","FINGER":"e96f3de64345ce7b728792230dc18a39"},
{"LAYER":"TOP","ID":"C822","COMPONENT":"Electrolytic  ","PART_VALUE":"47µF","FINGER":"e9aff2df9f99ea86f0af20d6cfc2fa65"},
{"LAYER":"TOP","ID":"R216D","COMPONENT":"Resistor  ","PART_VALUE":"4kΩ","FINGER":"ea4010e494c3899b2fe0e6d6c55193a5"},
{"LAYER":"BOT","ID":"E551R","COMPONENT":"Resistor  ","PART_VALUE":"68Ω","FINGER":"eb0b7e75366743aae516818b0297c919"},
{"LAYER":"BOT","ID":"E367R","COMPONENT":"Resistor  ","PART_VALUE":"68Ω","FINGER":"eb725209b09c5ed90c2b4bddfa93d2d5"},
{"LAYER":"BOT","ID":"R951C","COMPONENT":"Resistor  ","PART_VALUE":"4.7kΩ","FINGER":"ec4a4d84507a5afef8ac733660207e97"},
{"LAYER":"BOT","ID":"E516C","COMPONENT":"Capacitor  ","PART_VALUE":"100pF","FINGER":"ec695e2a9f5d557bc618a32af710d847"},
{"LAYER":"TOP","ID":"R152A","COMPONENT":"Resistor  ","PART_VALUE":"68Ω","FINGER":"ed15c8bbdca42f6f05237646eafae026"},
{"LAYER":"BOT","ID":"E231C","COMPONENT":"Capacitor  ","PART_VALUE":"100pF","FINGER":"ed9488f94e1e637fb5f03261271db74b"},
{"LAYER":"BOT","ID":"E552R","COMPONENT":"Resistor  ","PART_VALUE":"68Ω","FINGER":"ed9bf758b5a6efb8f50e3d533d61beb2"},
{"LAYER":"BOT","ID":"E558R","COMPONENT":"Resistor  ","PART_VALUE":"68Ω","FINGER":"eda5cd43417c3ef77b9f2fc35edd1fd3"},
{"LAYER":"TOP","ID":"R214A","COMPONENT":"Resistor  ","PART_VALUE":"270Ω","FINGER":"ee0da35dc289bb104e8ecd9b986f8eb4"},
{"LAYER":"TOP","ID":"D572","COMPONENT":"Diode  ","PART_VALUE":"1N4001","FINGER":"ef15e7d508e234cd3b3b5a8a5ca22962"},
{"LAYER":"TOP","ID":"R327","COMPONENT":"Resistor  ","PART_VALUE":"10kΩ","FINGER":"ef9e7edc7cad265f0d63a44af95d1b38"},
{"LAYER":"BOT","ID":"R234A","COMPONENT":"Resistor  ","PART_VALUE":"75Ω","FINGER":"efc60bcf7f8555a66f76f3536a4b82fc"},
{"LAYER":"BOT","ID":"R631","COMPONENT":"Resistor  ","PART_VALUE":"10kΩ","FINGER":"efcfb1492ce3a9ad7c105b72b0a1cb74"},
{"LAYER":"TOP","ID":"U33","COMPONENT":"IC  ","PART_VALUE":"null","FINGER":"efeb1403aa4bec0343f763b98785b5c3"},
{"LAYER":"BOT","ID":"E358C","COMPONENT":"Capacitor  ","PART_VALUE":"6800pF","FINGER":"f03f84abbfed65ab94c3ca7165fe0197"},
{"LAYER":"TOP","ID":"C28B","COMPONENT":"Capacitor  ","PART_VALUE":"47nF","FINGER":"f0c301a784af9d3cd5b664015ab7a765"},
{"LAYER":"BOT","ID":"R652","COMPONENT":"Resistor  ","PART_VALUE":"10kΩ","FINGER":"f11446ecdaba5a17d87f12a25466e815"},
{"LAYER":"TOP","ID":"U28","COMPONENT":"IC  ","PART_VALUE":"null","FINGER":"f147850d11f10238b4f7445d9a8f8870"},
{"LAYER":"TOP","ID":"U42","COMPONENT":"IC  ","PART_VALUE":"null","FINGER":"f1b722d7028a3620eb1e2e55d34fd6a5"},
{"LAYER":"BOT","ID":"E581C","COMPONENT":"Capacitor  ","PART_VALUE":"100pF","FINGER":"f1bdc13152319f6b1d74e2df122e1dca"},
{"LAYER":"BOT","ID":"C46","COMPONENT":"Capacitor  ","PART_VALUE":"330nF","FINGER":"f251f9eb1d6a1f0773e67d424937bfea"},
{"LAYER":"TOP","ID":"R572","COMPONENT":"Resistor  ","PART_VALUE":"10kΩ","FINGER":"f28f7c98d5ffcc548b404522784a30f8"},
{"LAYER":"BOT","ID":"R319","COMPONENT":"Resistor  ","PART_VALUE":"1kΩ","FINGER":"f2988556ee2518a6ff08bc3ec4c62fed"},
{"LAYER":"BOT","ID":"E587C","COMPONENT":"Capacitor  ","PART_VALUE":"100pF","FINGER":"f2b7c205eeacaf7cb659d36caf064678"},
{"LAYER":"TOP","ID":"C214","COMPONENT":"Electrolytic  ","PART_VALUE":"10µF","FINGER":"f2c20d7f63da7d5c84ab5b6427058433"},
{"LAYER":"TOP","ID":"R215C","COMPONENT":"Resistor  ","PART_VALUE":"2kΩ","FINGER":"f335b9dc326a3aa4c416bba52014a122"},
{"LAYER":"TOP","ID":"Q653","COMPONENT":"NPN  ","PART_VALUE":"2N3904","FINGER":"f39209b1a998869c920801f761b17dac"},
{"LAYER":"TOP","ID":"C304","COMPONENT":"Electrolytic  ","PART_VALUE":"22µF","FINGER":"f39656ff21219a6a3cfce910893068a4"},
{"LAYER":"TOP","ID":"R151E","COMPONENT":"Resistor  ","PART_VALUE":"68Ω","FINGER":"f3ac38322f0ed8fba6a8c790d2f7bfd7"},
{"LAYER":"BOT","ID":"R236","COMPONENT":"Resistor  ","PART_VALUE":"360Ω","FINGER":"f3c125671970a80268234c2eff1c095e"},
{"LAYER":"TOP","ID":"E128C","COMPONENT":"Capacitor  ","PART_VALUE":"22","FINGER":"f3cf4005ea926658e7e652e6d319b3e4"},
{"LAYER":"TOP","ID":"R214B","COMPONENT":"Resistor  ","PART_VALUE":"1kΩ","FINGER":"f4ed4186542be50645e6e8b82455168d"},
{"LAYER":"BOT","ID":"C8","COMPONENT":"Capacitor  ","PART_VALUE":"47nF","FINGER":"f566b39a95c2c1391599a1f4e7917e11"},
{"LAYER":"BOT","ID":"E517C","COMPONENT":"Capacitor  ","PART_VALUE":"100pF","FINGER":"f56b954e22a6f00eda5b343d13dfbdb7"},
{"LAYER":"BOT","ID":"R514","COMPONENT":"Resistor  ","PART_VALUE":"4.7kΩ","FINGER":"f5a372334b4d3b236924c504ae567586"},
{"LAYER":"BOT","ID":"R511F","COMPONENT":"Resistor  ","PART_VALUE":"10kΩ","FINGER":"f5da262700b106c732495d7d441d773f"},
{"LAYER":"BOT","ID":"E515C","COMPONENT":"Capacitor  ","PART_VALUE":"100pF","FINGER":"f62dab16b2f56c019c09c5683f81d30b"},
{"LAYER":"BOT","ID":"E260C","COMPONENT":"Capacitor  ","PART_VALUE":"47pF","FINGER":"f6b322970b041e679b2626fa4a4d78c1"},
{"LAYER":"TOP","ID":"E232R","COMPONENT":"Resistor  ","PART_VALUE":"4.7Ω","FINGER":"f6ce263ded58dbca6ad65a8c3d91a060"},
{"LAYER":"BOT","ID":"E562C","COMPONENT":"Capacitor  ","PART_VALUE":"10nF","FINGER":"f78571228a2e887827839d91f24f2615"},
{"LAYER":"TOP","ID":"E257R","COMPONENT":"Resistor  ","PART_VALUE":"68Ω","FINGER":"f87fcb3adc03ec2221b7cc02d05ab194"},
{"LAYER":"BOT","ID":"R370C","COMPONENT":"Resistor  ","PART_VALUE":"4.7kX9Ω","FINGER":"f9ba17a8d51cd37d7415ff8a95973d56"},
{"LAYER":"TOP","ID":"R635","COMPONENT":"Resistor  ","PART_VALUE":"10kΩ","FINGER":"f9d6e9837e662afceb323e99cb01678b"},
{"LAYER":"TOP","ID":"E693R","COMPONENT":"Resistor  ","PART_VALUE":"68Ω","FINGER":"fa070403207d457bd492c8212b45a442"},
{"LAYER":"BOT","ID":"R459","COMPONENT":"Resistor  ","PART_VALUE":"27kΩ","FINGER":"fa4fd23a012dfeb7ad818e322722f05b"},
{"LAYER":"TOP","ID":"R152D","COMPONENT":"Resistor  ","PART_VALUE":"27Ω","FINGER":"fa72c33614f57a2a1b718d0403c7fa7b"},
{"LAYER":"TOP","ID":"R216F","COMPONENT":"Resistor  ","PART_VALUE":"330Ω","FINGER":"fa7b8633444b93b45295359a00c5279f"},
{"LAYER":"BOT","ID":"R370G","COMPONENT":"Resistor  ","PART_VALUE":"4.7kX9Ω","FINGER":"fab7afc1310c7a7dec2078c3027c8393"},
{"LAYER":"TOP","ID":"R215D","COMPONENT":"Resistor  ","PART_VALUE":"4kΩ","FINGER":"fb09adc18b250b6fee608340b3d01138"},
{"LAYER":"BOT","ID":"C12B","COMPONENT":"Capacitor  ","PART_VALUE":"330nF","FINGER":"fb13bd38d1a1473e78f4c470bd17f57d"},
{"LAYER":"TOP","ID":"C408","COMPONENT":"Electrolytic  ","PART_VALUE":"1000µF","FINGER":"fb32ce0a9d147f7a562680ca00029c6c"},
{"LAYER":"BOT","ID":"E357C","COMPONENT":"Capacitor  ","PART_VALUE":"6800pF","FINGER":"fb924cbaa91f0d61c3bd6d3045cdafdc"},
{"LAYER":"TOP","ID":"E591R","COMPONENT":"Resistor  ","PART_VALUE":"68Ω","FINGER":"fbee0d312d1a655ff7c0635fc1fe45e8"},
{"LAYER":"TOP","ID":"E150R","COMPONENT":"Resistor  ","PART_VALUE":"27Ω","FINGER":"fca72b0945c65acd9b684bee67d1731b"},
{"LAYER":"BOT","ID":"E518C","COMPONENT":"Capacitor  ","PART_VALUE":"100pF","FINGER":"fcdfa7c5e450be6013bcad79e95baa9e"},
{"LAYER":"TOP","ID":"E596R","COMPONENT":"Resistor  ","PART_VALUE":"68Ω","FINGER":"fd2a116d85f475e6023a90c7439d9c4c"},
{"LAYER":"TOP","ID":"Q321","COMPONENT":"JFET  ","PART_VALUE":"MPF102","FINGER":"fd39a7a6f20e458d202bad5e70a98612"},
{"LAYER":"TOP","ID":"U45","COMPONENT":"IC  ","PART_VALUE":"74LS245","FINGER":"fd5fd9579d5a921952d2757dcb29180c"},
{"LAYER":"BOT","ID":"E556R","COMPONENT":"Resistor  ","PART_VALUE":"68Ω","FINGER":"fdc32f2549a22c21da0660fa9f30a2f4"},
{"LAYER":"TOP","ID":"LF1","COMPONENT":"Line  ","PART_VALUE":"Filter","FINGER":"fe635391b65bdf6275c6ab25758ba4e5"},
{"LAYER":"BOT","ID":"R233A","COMPONENT":"Resistor  ","PART_VALUE":"150Ω","FINGER":"fefeea60fb08a68d3e152afa8e648e63"},
{"LAYER":"BOT","ID":"R626","COMPONENT":"Resistor  ","PART_VALUE":"*Ω","FINGER":"ff019cf3f956e9420962463c15a76798"},
{"LAYER":"TOP","ID":"C409","COMPONENT":"Electrolytic  ","PART_VALUE":"100µF","FINGER":"ff2a8807ee10322031d22d278f530cdb"},
{"LAYER":"BOT","ID":"E256C","COMPONENT":"Capacitor  ","PART_VALUE":"100pF","FINGER":"ffb9db4f81e2f6155764d43deabaf31b"},
{"LAYER":"BOT","ID":"R225","COMPONENT":"Resistor  ","PART_VALUE":"*Ω","FINGER":"fff5d353b3ecd3d36595982f5a1320a8"}
]