[
{"LAYER":"TOP","ID":"TP7","COMPONENT":"PIN ","PART_VALUE":"PIN","FINGER":"0045564f5af9e2601061ef8717f5abd1"},
{"LAYER":"BOT","ID":"C282","COMPONENT":"Capacitor 1000pF ","PART_VALUE":"1000pF","FINGER":"0067dee918f087fc1bb7d550b6c5e798"},
{"LAYER":"BOT","ID":"E375R","COMPONENT":"Resistor 68Ω ","PART_VALUE":"68Ω","FINGER":"00d2bf96cd68fc1581b22f0dde2fd1a9"},
{"LAYER":"TOP","ID":"D629","COMPONENT":"Diode 1N914 ","PART_VALUE":"1N914","FINGER":"00dbab4785b11345073d15188c8960d0"},
{"LAYER":"TOP","ID":"C17A","COMPONENT":"Capacitor 220nF ","PART_VALUE":"220nF","FINGER":"011745cc5691696e432b3d13f3eac0d6"},
{"LAYER":"BOT","ID":"R345","COMPONENT":"Resistor 100kΩ ","PART_VALUE":"100kΩ","FINGER":"015fa08a5e0c65e7ba6bc0f28fa0c431"},
{"LAYER":"BOT","ID":"C893","COMPONENT":"Capacitor 220nF ","PART_VALUE":"220nF","FINGER":"01ef563e044091d954f6a45729a7c8b8"},
{"LAYER":"BOT","ID":"C332","COMPONENT":"Capacitor 6800pF ","PART_VALUE":"6800pF","FINGER":"01f9be6c0d8e8b17c38dd473fcf31eed"},
{"LAYER":"TOP","ID":"C16B","COMPONENT":"Capacitor 220nF ","PART_VALUE":"220nF","FINGER":"0214400f8d248fb7e0d83406e99639ac"},
{"LAYER":"BOT","ID":"C222","COMPONENT":"Capacitor 100nF ","PART_VALUE":"100nF","FINGER":"03fc8c345eeae102c587b3cb34b371ac"},
{"LAYER":"BOT","ID":"E355C","COMPONENT":"Capacitor 6800pF ","PART_VALUE":"6800pF","FINGER":"042344cbae3ea6b6f38b804427ce9803"},
{"LAYER":"TOP","ID":"R801","COMPONENT":"Resistor 0Ω ","PART_VALUE":"0Ω","FINGER":"04d8c0291cf6c6388e3da68f787df862"},
{"LAYER":"TOP","ID":"U34","COMPONENT":"IC null ","PART_VALUE":"null","FINGER":"05d01edc6ba9dc9d837f436a0eefddf9"},
{"LAYER":"TOP","ID":"R777","COMPONENT":"Resistor 100kΩ ","PART_VALUE":"100kΩ","FINGER":"060c213c64f707327f7dd44f9f10001d"},
{"LAYER":"BOT","ID":"E365R","COMPONENT":"FB 1K ","PART_VALUE":"1K","FINGER":"06edfb96d9f79145ec3449d73553dadc"},
{"LAYER":"TOP","ID":"C852","COMPONENT":"Electrolytic 22µF ","PART_VALUE":"22µF","FINGER":"078569731a2fe632998cd21797b18373"},
{"LAYER":"BOT","ID":"R599","COMPONENT":"JUMP-RES 27 ","PART_VALUE":"27","FINGER":"07a66ba0d6593ef818606f11fa78c88a"},
{"LAYER":"BOT","ID":"R239E","COMPONENT":"Resistor 68Ω ","PART_VALUE":"68Ω","FINGER":"089001018664a50d4cfd1b1e225dd393"},
{"LAYER":"TOP","ID":"CN17","COMPONENT":"26 PIN CD CONNECTOR ","PART_VALUE":"CONNECTOR","FINGER":"089d4f31633384dd89f503f089d4469b"},
{"LAYER":"BOT","ID":"R242","COMPONENT":"Resistor 6.8kΩ ","PART_VALUE":"6.8kΩ","FINGER":"091c79227b6cb4f6b2abae75d0ec2c41"},
{"LAYER":"BOT","ID":"R395","COMPONENT":"Resistor 47kΩ ","PART_VALUE":"47kΩ","FINGER":"0926c44a917e9f38665ff97516fa548a"},
{"LAYER":"TOP","ID":"Q751","COMPONENT":"NPN 2N3904 ","PART_VALUE":"2N3904","FINGER":"097dbeed3de76598f78de3bb7d6d23af"},
{"LAYER":"BOT","ID":"C30D","COMPONENT":"Capacitor 470nF ","PART_VALUE":"470nF","FINGER":"0a0ce4f2798f5ddfe57f84c1fb8348dd"},
{"LAYER":"TOP","ID":"R261C","COMPONENT":"Resistor 68Ω ","PART_VALUE":"68Ω","FINGER":"0b1b9bec747303f553cc291472a8ae48"},
{"LAYER":"TOP","ID":"TP1","COMPONENT":"10-PIN SIL ","PART_VALUE":"SIL","FINGER":"0b6a1eaadc2e6243d7394849d2174350"},
{"LAYER":"BOT","ID":"R217","COMPONENT":"Resistor 470Ω ","PART_VALUE":"470Ω","FINGER":"0c9e9b2b596d6095e3943f58f39f4afe"},
{"LAYER":"TOP","ID":"R379","COMPONENT":"Resistor 470Ω ","PART_VALUE":"470Ω","FINGER":"0ce8101dde24100409187335d27c2683"},
{"LAYER":"BOT","ID":"R511B","COMPONENT":"Resistor 1kΩ ","PART_VALUE":"1kΩ","FINGER":"0d33e5b481d4448171669f2f18e6399f"},
{"LAYER":"TOP","ID":"R347","COMPONENT":"Resistor 4.7kΩ ","PART_VALUE":"4.7kΩ","FINGER":"0dc75dd92bf02cce0b2405f1527531c1"},
{"LAYER":"TOP","ID":"R152B","COMPONENT":"Resistor 68Ω ","PART_VALUE":"68Ω","FINGER":"0e1002372df72679a8aebd1d5a0d2d28"},
{"LAYER":"TOP","ID":"E751R","COMPONENT":"Resistor 68Ω ","PART_VALUE":"68Ω","FINGER":"0e2e586ee00a25e2ecf0c891f21d4296"},
{"LAYER":"TOP","ID":"Q396","COMPONENT":"NPN 2N3904 ","PART_VALUE":"2N3904","FINGER":"0e690dcf3a178882eaf48625b6c3d66b"},
{"LAYER":"TOP","ID":"CN2","COMPONENT":"DB9P ","PART_VALUE":"DB9P","FINGER":"0ee9520587b0126f01a7c8e9462bdbd0"},
{"LAYER":"BOT","ID":"R370G","COMPONENT":"Resistor 4.7kΩ ","PART_VALUE":"4.7kΩ","FINGER":"10022532c33fde8d37d005372d23c8dd"},
{"LAYER":"BOT","ID":"R320","COMPONENT":"Resistor 330Ω ","PART_VALUE":"330Ω","FINGER":"101517ef0bd8425d757a92c7660f9383"},
{"LAYER":"TOP","ID":"U4","COMPONENT":"IC null ","PART_VALUE":"null","FINGER":"10f2626980ffe9ccbad6d6ecea49fe89"},
{"LAYER":"BOT","ID":"R768","COMPONENT":"Resistor 1.5kΩ ","PART_VALUE":"1.5kΩ","FINGER":"11162ad22a52d3f27336b435bf78c53e"},
{"LAYER":"TOP","ID":"C751","COMPONENT":"Capacitor 33pF ","PART_VALUE":"33pF","FINGER":"1252427f44e028ff62073982436d5614"},
{"LAYER":"BOT","ID":"R763D","COMPONENT":"Resistor 4.7kΩ ","PART_VALUE":"4.7kΩ","FINGER":"133b052946ccdca9949607d4b9cdaa5d"},
{"LAYER":"TOP","ID":"XC2","COMPONENT":"Capacitor 220nF ","PART_VALUE":"220nF","FINGER":"14109d32a2e619a31d6db0ac17d41b20"},
{"LAYER":"BOT","ID":"E376C","COMPONENT":"Capacitor 22pF ","PART_VALUE":"22pF","FINGER":"142704c0602a345acb18585db2f63705"},
{"LAYER":"BOT","ID":"C881","COMPONENT":"Capacitor 220nF ","PART_VALUE":"220nF","FINGER":"1429c418c2eb19aeae85b48b1e097719"},
{"LAYER":"BOT","ID":"R760","COMPONENT":"Resistor 10kΩ ","PART_VALUE":"10kΩ","FINGER":"142a9b9d7b73927c29e62a9b56f1a47b"},
{"LAYER":"TOP","ID":"FB622","COMPONENT":"FB ","PART_VALUE":"FB","FINGER":"143d5abe9ceea32310c3c0bda9054759"},
{"LAYER":"TOP","ID":"U38B","COMPONENT":"IC null ","PART_VALUE":"null","FINGER":"143f9481dac73ac29aa05d91d847e6b9"},
{"LAYER":"BOT","ID":"R778","COMPONENT":"Resistor 22kΩ ","PART_VALUE":"22kΩ","FINGER":"147616278df794f6a14d473c183d43bb"},
{"LAYER":"BOT","ID":"R241","COMPONENT":"Resistor 4.7kΩ ","PART_VALUE":"4.7kΩ","FINGER":"152fce309e861f0983805501522ac4bc"},
{"LAYER":"BOT","ID":"R781","COMPONENT":"Resistor 4.7kΩ ","PART_VALUE":"4.7kΩ","FINGER":"15313e1e319d5d9e34ce77807c014f0a"},
{"LAYER":"BOT","ID":"C355","COMPONENT":"Capacitor 100nF ","PART_VALUE":"100nF","FINGER":"1769b529d685e0f63809b5d4b5c7d41e"},
{"LAYER":"BOT","ID":"E134C","COMPONENT":"Capacitor * ","PART_VALUE":"*","FINGER":"178b0b038d08e1ef24ab460909aa326a"},
{"LAYER":"TOP","ID":"C35","COMPONENT":"Capacitor 220nF ","PART_VALUE":"220nF","FINGER":"18504cbdb9887bd79947bc16edd59cc3"},
{"LAYER":"BOT","ID":"R152E","COMPONENT":"Resistor 68Ω ","PART_VALUE":"68Ω","FINGER":"18c819b43a238d347d02ce45c4efb1cd"},
{"LAYER":"TOP","ID":"L751","COMPONENT":"INDUCTOR 2.7µH ","PART_VALUE":"2.7µH","FINGER":"19474bf30b8e18f3f7e39bf3fd49ec5e"},
{"LAYER":"TOP","ID":"R789","COMPONENT":"Resistor 6.8kΩ ","PART_VALUE":"6.8kΩ","FINGER":"195bf02c6058e077719cce3e8ccfe92f"},
{"LAYER":"BOT","ID":"E641R","COMPONENT":"Resistor 27Ω ","PART_VALUE":"27Ω","FINGER":"19665dbc245f629a7eb78c16d97eda6b"},
{"LAYER":"BOT","ID":"R239B","COMPONENT":"Resistor 68Ω ","PART_VALUE":"68Ω","FINGER":"1974b2a84431b2e14ecddd589ca7915f"},
{"LAYER":"TOP","ID":"E374R","COMPONENT":"Resistor 68Ω ","PART_VALUE":"68Ω","FINGER":"1a059a40fb6c784a1c29041309a4f9bf"},
{"LAYER":"TOP","ID":"E232R","COMPONENT":"Resistor 4.7Ω ","PART_VALUE":"4.7Ω","FINGER":"1a57613ab03f81eee7613aa8b20d8285"},
{"LAYER":"TOP","ID":"R775","COMPONENT":"Resistor 5.1kΩ ","PART_VALUE":"5.1kΩ","FINGER":"1ac8b4514247090f863640e6631b1d6d"},
{"LAYER":"BOT","ID":"R221","COMPONENT":"Resistor 1k\/820Ω ","PART_VALUE":"1k\/820Ω","FINGER":"1b3a79c7967251fb06b425db07c05140"},
{"LAYER":"TOP","ID":"U32","COMPONENT":"IC 78L05 ","PART_VALUE":"78L05","FINGER":"1b82a24110a62c4ee3581a0b770b2dfc"},
{"LAYER":"BOT","ID":"R236","COMPONENT":"Resistor 180\/120Ω ","PART_VALUE":"180\/120Ω","FINGER":"1bd8ede842291a169c54a30ef09ed078"},
{"LAYER":"TOP","ID":"U17","COMPONENT":"IC null ","PART_VALUE":"null","FINGER":"1d3691fec6bcd9538c0596ad9e4266db"},
{"LAYER":"TOP","ID":"Y452","COMPONENT":"Crystal * MHz ","PART_VALUE":"MHz","FINGER":"1d499803939a56f248baac94f16b33d8"},
{"LAYER":"TOP","ID":"R263D","COMPONENT":"Resistor 68Ω ","PART_VALUE":"68Ω","FINGER":"1db16a71d61dc11a5e4f662fdf0818fe"},
{"LAYER":"BOT","ID":"C241","COMPONENT":"Capacitor 56pF ","PART_VALUE":"56pF","FINGER":"1dd15916b2ed2e61cc503069f34fe1d6"},
{"LAYER":"BOT","ID":"R337","COMPONENT":"Resistor 82kΩ ","PART_VALUE":"82kΩ","FINGER":"1e2b136b3a75d7bcc2cd56fe4443b3ff"},
{"LAYER":"TOP","ID":"R204","COMPONENT":"Resistor 4.7kΩ ","PART_VALUE":"4.7kΩ","FINGER":"1e3a467930b92017d671ebf17eb58669"},
{"LAYER":"TOP","ID":"C407","COMPONENT":"Tantalum 10µF ","PART_VALUE":"10µF","FINGER":"1e57a9a36c295719773ff76b79216c94"},
{"LAYER":"TOP","ID":"R763G","COMPONENT":"Resistor 4.7kΩ ","PART_VALUE":"4.7kΩ","FINGER":"1e9a269e5f63f5c15637543f9bf9929d"},
{"LAYER":"TOP","ID":"R751","COMPONENT":"Resistor 470Ω ","PART_VALUE":"470Ω","FINGER":"1eb91290c20fe3386d2363137c53cb21"},
{"LAYER":"BOT","ID":"E364C","COMPONENT":"Capacitor 470pF ","PART_VALUE":"470pF","FINGER":"1ef99f4252b0e1066ebbeb5ff067c0c7"},
{"LAYER":"BOT","ID":"C5C","COMPONENT":"Capacitor 220nF ","PART_VALUE":"220nF","FINGER":"202cfb6a778e411680ab4a90eabbeaf7"},
{"LAYER":"TOP","ID":"C37","COMPONENT":"Capacitor 47nF ","PART_VALUE":"47nF","FINGER":"21e0e52d5818f50cbedca051a56731aa"},
{"LAYER":"TOP","ID":"R340","COMPONENT":"Resistor 4.7kΩ ","PART_VALUE":"4.7kΩ","FINGER":"22656d22279f9510b73d862681664327"},
{"LAYER":"TOP","ID":"R324","COMPONENT":"Resistor 470Ω ","PART_VALUE":"470Ω","FINGER":"22a04cbebd050b5a5f23dc29ca4746e8"},
{"LAYER":"TOP","ID":"R634","COMPONENT":"Resistor 4.7kΩ ","PART_VALUE":"4.7kΩ","FINGER":"23678979d359a23aed5dc435b9460e9d"},
{"LAYER":"TOP","ID":"C334","COMPONENT":"Electrolytic 22µF-NP ","PART_VALUE":"22µF-NP","FINGER":"2480524e560b3540c1f0476c45d1f293"},
{"LAYER":"TOP","ID":"U5","COMPONENT":"IC AKIKO ","PART_VALUE":"AKIKO","FINGER":"248d419d551287b95f2526f5efa58977"},
{"LAYER":"BOT","ID":"XJ1","COMPONENT":"JUMP-RES 0 ","PART_VALUE":"0","FINGER":"24c0e7f5f7f35e4d52d8523ef6825a53"},
{"LAYER":"BOT","ID":"R750","COMPONENT":"Resistor 470Ω ","PART_VALUE":"470Ω","FINGER":"24f981bdce8e6373150e87d47add0145"},
{"LAYER":"BOT","ID":"R398","COMPONENT":"Resistor 4.7kΩ ","PART_VALUE":"4.7kΩ","FINGER":"25540642dc504fb5638f8680fe06d2fe"},
{"LAYER":"TOP","ID":"C17B","COMPONENT":"Capacitor 220nF ","PART_VALUE":"220nF","FINGER":"25dc296db01a9b847948b5b25c0619e6"},
{"LAYER":"TOP","ID":"U33","COMPONENT":"IC 74LS74A ","PART_VALUE":"74LS74A","FINGER":"2688171565713ba48842578629fb73a8"},
{"LAYER":"BOT","ID":"R343","COMPONENT":"Resistor *Ω ","PART_VALUE":"*Ω","FINGER":"26ad7a4fd4cc0e41d6c880cb45f0db41"},
{"LAYER":"TOP","ID":"FB992","COMPONENT":"FB ","PART_VALUE":"FB","FINGER":"26b859a6d43ccf9e6da1cb9da34650f1"},
{"LAYER":"TOP","ID":"C629","COMPONENT":"Capacitor 470nF ","PART_VALUE":"470nF","FINGER":"272ef9cf8d00906a0892321f9fdd0d7d"},
{"LAYER":"BOT","ID":"R151G","COMPONENT":"Resistor 68Ω ","PART_VALUE":"68Ω","FINGER":"27eea5a79b51a7c9264c1c2f5aa3f0f9"},
{"LAYER":"BOT","ID":"R853","COMPONENT":"Resistor 1kΩ ","PART_VALUE":"1kΩ","FINGER":"284b88a9ca5e29e2accd05a8132eba4c"},
{"LAYER":"BOT","ID":"E761C","COMPONENT":"Capacitor * ","PART_VALUE":"*","FINGER":"28d7368e8c15b4adbee98b324b70127e"},
{"LAYER":"BOT","ID":"R304","COMPONENT":"Resistor 1.02kΩ ","PART_VALUE":"1.02kΩ","FINGER":"28f9d69f86ebb50d87c884e22deb79f1"},
{"LAYER":"TOP","ID":"R263F","COMPONENT":"Resistor 68Ω ","PART_VALUE":"68Ω","FINGER":"2982ad9952dcff5c99b246c7cd5badb5"},
{"LAYER":"BOT","ID":"R237","COMPONENT":"Resistor 100Ω ","PART_VALUE":"100Ω","FINGER":"298909623d8f4eda8985c181f5f697ae"},
{"LAYER":"BOT","ID":"R952B","COMPONENT":"Resistor 470Ω ","PART_VALUE":"470Ω","FINGER":"2993e6e15fee459594974d9bd2579f1b"},
{"LAYER":"TOP","ID":"R281","COMPONENT":"Resistor 2.2kΩ ","PART_VALUE":"2.2kΩ","FINGER":"29cdd6b139369949f6d6118323162c1e"},
{"LAYER":"TOP","ID":"R253","COMPONENT":"Resistor 4.7kΩ ","PART_VALUE":"4.7kΩ","FINGER":"2a1029ddfdcb61d2c06002c46aaab74f"},
{"LAYER":"BOT","ID":"R332","COMPONENT":"Resistor 10kΩ ","PART_VALUE":"10kΩ","FINGER":"2a6beaca80355e2617ad58f5ba40e964"},
{"LAYER":"TOP","ID":"R773","COMPONENT":"Resistor 18kΩ ","PART_VALUE":"18kΩ","FINGER":"2a9454e64976e902465a439d63413760"},
{"LAYER":"TOP","ID":"D644","COMPONENT":"Diode 1N4001 ","PART_VALUE":"1N4001","FINGER":"2ab280e9692b87e3d507ac74e92613e1"},
{"LAYER":"TOP","ID":"Q765A","COMPONENT":"PIN ","PART_VALUE":"PIN","FINGER":"2acc32f82eb6f1d902134c5ac439d5dc"},
{"LAYER":"BOT","ID":"C19B","COMPONENT":"Capacitor 220nF ","PART_VALUE":"220nF","FINGER":"2aef00719e8e7e36909ed9b60a536a22"},
{"LAYER":"BOT","ID":"E376R","COMPONENT":"Resistor 27Ω ","PART_VALUE":"27Ω","FINGER":"2b537f6a8ad777dcfe190b5f0e8d3cf4"},
{"LAYER":"TOP","ID":"C792","COMPONENT":"Electrolytic 10µF ","PART_VALUE":"10µF","FINGER":"2b6a7e0a25e1e9f5a1c6c7b6bc6dbc62"},
{"LAYER":"TOP","ID":"U32A","COMPONENT":"IC PIN ","PART_VALUE":"PIN","FINGER":"2b8c74852fe71bcee5eef9e4e9058745"},
{"LAYER":"TOP","ID":"CL1A","COMPONENT":"THERMISTOR NTC ","PART_VALUE":"NTC","FINGER":"2c161168c963b7479a64e8138f0f6785"},
{"LAYER":"TOP","ID":"R396","COMPONENT":"Resistor 47kΩ ","PART_VALUE":"47kΩ","FINGER":"2c3bce430006c4be97b1e40f6783d725"},
{"LAYER":"BOT","ID":"E761R","COMPONENT":"Resistor 68Ω ","PART_VALUE":"68Ω","FINGER":"2c6f77f82d5ce0eb59ccdfa53a0d084d"},
{"LAYER":"BOT","ID":"R754","COMPONENT":"Resistor 4.7kΩ ","PART_VALUE":"4.7kΩ","FINGER":"2d1fdd895351c446aaaf8683bcc784d5"},
{"LAYER":"BOT","ID":"R636","COMPONENT":"Resistor 4.7kΩ ","PART_VALUE":"4.7kΩ","FINGER":"2d55bb0b107ae4649ae95fe22d0b9a63"},
{"LAYER":"TOP","ID":"D281","COMPONENT":"Diode 1N914 ","PART_VALUE":"1N914","FINGER":"2e6b9b14e9eea29fe436d95ccc63a6c9"},
{"LAYER":"TOP","ID":"R342","COMPONENT":"Resistor 4.7kΩ ","PART_VALUE":"4.7kΩ","FINGER":"2e95d755a418bc864e9a3f56b7b58d52"},
{"LAYER":"TOP","ID":"R262C","COMPONENT":"Resistor 68Ω ","PART_VALUE":"68Ω","FINGER":"2faabb440793e7fdf9902ad96e16e7e8"},
{"LAYER":"TOP","ID":"R597","COMPONENT":"JUMP-RES 27 ","PART_VALUE":"27","FINGER":"301b5c8ea2a6aa867c50274223783a88"},
{"LAYER":"BOT","ID":"R951A","COMPONENT":"Resistor 1kΩ ","PART_VALUE":"1kΩ","FINGER":"30be4ab25a0138b3e76018f55bda5204"},
{"LAYER":"TOP","ID":"Q342","COMPONENT":"PNP 2N3906 ","PART_VALUE":"2N3906","FINGER":"31662365f93ea2842ae8a0f9ab011fd9"},
{"LAYER":"TOP","ID":"R953E","COMPONENT":"Resistor 470Ω ","PART_VALUE":"470Ω","FINGER":"318f1c6192b31a65faf3d467d06cc633"},
{"LAYER":"TOP","ID":"CN1","COMPONENT":"PIN ","PART_VALUE":"PIN","FINGER":"33995c0f208aebf0e2b77ae378964b6a"},
{"LAYER":"BOT","ID":"C15B","COMPONENT":"Capacitor 220nF ","PART_VALUE":"220nF","FINGER":"34570061e99a7e3313f6344fc4b44353"},
{"LAYER":"TOP","ID":"CN9","COMPONENT":"4-PIN MINI-DIN ","PART_VALUE":"MINI-DIN","FINGER":"3457bbb48b3f2375a0a0d525e8ef7a32"},
{"LAYER":"TOP","ID":"CN4","COMPONENT":"RCA JACK ","PART_VALUE":"JACK","FINGER":"346eac0d374887dd51d0bd90465a7811"},
{"LAYER":"TOP","ID":"R596","COMPONENT":"JUMP-RES * ","PART_VALUE":"*","FINGER":"34e3107fb4540cf39a7648dcdc603920"},
{"LAYER":"TOP","ID":"C771","COMPONENT":"Capacitor 1000pF ","PART_VALUE":"1000pF","FINGER":"35166c570f30340a995c610a8db15450"},
{"LAYER":"TOP","ID":"E356R","COMPONENT":"FB 1K ","PART_VALUE":"1K","FINGER":"35916fe34d91b31b17c8817b52370923"},
{"LAYER":"TOP","ID":"E752C","COMPONENT":"Capacitor * ","PART_VALUE":"*","FINGER":"363ad1f5ffec861173eccddd81823d2a"},
{"LAYER":"BOT","ID":"E354R","COMPONENT":"FB 1K ","PART_VALUE":"1K","FINGER":"36a71cd720ed7a66a89117e0afcf0b1c"},
{"LAYER":"BOT","ID":"R370C","COMPONENT":"Resistor 4.7kΩ ","PART_VALUE":"4.7kΩ","FINGER":"36ed9b95e165b1f50c9df75cb7ab3337"},
{"LAYER":"BOT","ID":"C4A","COMPONENT":"Capacitor 220nF ","PART_VALUE":"220nF","FINGER":"36f383f71bab40a4bd5b96bbb6bec000"},
{"LAYER":"TOP","ID":"C38B","COMPONENT":"Capacitor 220nF ","PART_VALUE":"220nF","FINGER":"370547a8d9332c36f50a7c87fab7d6c1"},
{"LAYER":"TOP","ID":"R779","COMPONENT":"Resistor 6.8kΩ ","PART_VALUE":"6.8kΩ","FINGER":"373d355263b4f7a3b6cf9651b20282bb"},
{"LAYER":"TOP","ID":"E131R","COMPONENT":"Resistor 68Ω ","PART_VALUE":"68Ω","FINGER":"3750607289e37c93d74132191a6bdffc"},
{"LAYER":"BOT","ID":"E353C","COMPONENT":"Capacitor 470pF ","PART_VALUE":"470pF","FINGER":"3752923c085a2054e33a36e180834185"},
{"LAYER":"BOT","ID":"E623R","COMPONENT":"FB 1K ","PART_VALUE":"1K","FINGER":"37af57d7b03675d19bf9a999a6353b28"},
{"LAYER":"BOT","ID":"E358R","COMPONENT":"FB 1K ","PART_VALUE":"1K","FINGER":"37e06f740a515b4b4387e41517148db7"},
{"LAYER":"TOP","ID":"Q855","COMPONENT":"NPN 2N3904 ","PART_VALUE":"2N3904","FINGER":"37ec3c8cf3f9a3f31c139540f64fe8b7"},
{"LAYER":"BOT","ID":"C314","COMPONENT":"Capacitor 47nF ","PART_VALUE":"47nF","FINGER":"3888c500aaaf194fd72528e9bfe49b5f"},
{"LAYER":"BOT","ID":"E644R","COMPONENT":"Resistor 68Ω ","PART_VALUE":"68Ω","FINGER":"38ada62bb43be87d162590b5395808aa"},
{"LAYER":"BOT","ID":"R321","COMPONENT":"Resistor 330Ω ","PART_VALUE":"330Ω","FINGER":"3922eeb64f6435da631f3ef8d1931a52"},
{"LAYER":"TOP","ID":"C885","COMPONENT":"Electrolytic 47µF ","PART_VALUE":"47µF","FINGER":"39e8a98cdddd22cf3e5004c8e20388c8"},
{"LAYER":"BOT","ID":"E377R","COMPONENT":"Resistor 27Ω ","PART_VALUE":"27Ω","FINGER":"3a1ffa0665c05f2181a5cc5ad447b19b"},
{"LAYER":"BOT","ID":"R245","COMPONENT":"JUMP-RES *\/2.7K ","PART_VALUE":"*\/2.7K","FINGER":"3ae4dfe0a17f4d81719599fcb6c6a9fa"},
{"LAYER":"TOP","ID":"Q865","COMPONENT":"NPN 2N3904 ","PART_VALUE":"2N3904","FINGER":"3b6545f0e551287c9b49b12d6c97340a"},
{"LAYER":"TOP","ID":"C777","COMPONENT":"Electrolytic 4.7µF ","PART_VALUE":"4.7µF","FINGER":"3b93dfef195045d8b6dc61e049c0a64d"},
{"LAYER":"TOP","ID":"C772","COMPONENT":"Capacitor 120pF ","PART_VALUE":"120pF","FINGER":"3c34b52dcd150dc96a053a14a60ffc8f"},
{"LAYER":"TOP","ID":"R247","COMPONENT":"Resistor 15k*Ω ","PART_VALUE":"15k*Ω","FINGER":"3c94233ca9ee84573a944757d96222d2"},
{"LAYER":"TOP","ID":"R787","COMPONENT":"Resistor 100kΩ ","PART_VALUE":"100kΩ","FINGER":"3cbef46aa0b5a228938221bc423baed6"},
{"LAYER":"TOP","ID":"TP8","COMPONENT":"PIN ","PART_VALUE":"PIN","FINGER":"3d63f3046ad1e68e7769b5a399b00286"},
{"LAYER":"TOP","ID":"SW1","COMPONENT":"PIN ","PART_VALUE":"PIN","FINGER":"3d6a6019428e712a585e70fcefff24cf"},
{"LAYER":"BOT","ID":"R152G","COMPONENT":"Resistor 68Ω ","PART_VALUE":"68Ω","FINGER":"3dbc4229435cef7dce1f8670c3c0a6b1"},
{"LAYER":"BOT","ID":"C349","COMPONENT":"Capacitor 10nF ","PART_VALUE":"10nF","FINGER":"3dc66adcd1f770739ac79b374ea53fb1"},
{"LAYER":"BOT","ID":"C331","COMPONENT":"Capacitor 6800pF ","PART_VALUE":"6800pF","FINGER":"3dcb68afa130cd83be41f73b0b8c2a54"},
{"LAYER":"TOP","ID":"TP9","COMPONENT":"10-PIN SIL ","PART_VALUE":"SIL","FINGER":"3e9f4bdf56dafb0f567a02ab6cefaa55"},
{"LAYER":"BOT","ID":"C5A","COMPONENT":"Capacitor 220nF ","PART_VALUE":"220nF","FINGER":"3f010baf7cf288b62c7ad9224ad25e79"},
{"LAYER":"BOT","ID":"C761","COMPONENT":"Capacitor 220nF ","PART_VALUE":"220nF","FINGER":"40f4487a531d7666a2fb498183edbfc8"},
{"LAYER":"BOT","ID":"R765","COMPONENT":"Resistor *Ω ","PART_VALUE":"*Ω","FINGER":"41172b6bb27f4a3fd87d671a2c4d775d"},
{"LAYER":"BOT","ID":"C321","COMPONENT":"Capacitor 6800pF ","PART_VALUE":"6800pF","FINGER":"41658908187a9f52eb3279fc645fede8"},
{"LAYER":"TOP","ID":"D891","COMPONENT":"ZENER 6.2V ","PART_VALUE":"6.2V","FINGER":"41f96dce676e03f835b9c0295d378e9b"},
{"LAYER":"BOT","ID":"R152D","COMPONENT":"Resistor 68Ω ","PART_VALUE":"68Ω","FINGER":"423079fefc44af9d8497b970ebebfcce"},
{"LAYER":"TOP","ID":"R397","COMPONENT":"Resistor 4.7kΩ ","PART_VALUE":"4.7kΩ","FINGER":"4353371ea555fc38c2163ad0aea671d1"},
{"LAYER":"TOP","ID":"R763E","COMPONENT":"Resistor 4.7kΩ ","PART_VALUE":"4.7kΩ","FINGER":"4471b527b87df96902b6b6f8bd9b8d26"},
{"LAYER":"TOP","ID":"E374C","COMPONENT":"Capacitor 470pF ","PART_VALUE":"470pF","FINGER":"44cfd96f5d7b9bf0bfdb951bc475f52b"},
{"LAYER":"TOP","ID":"R628","COMPONENT":"Resistor 10kΩ ","PART_VALUE":"10kΩ","FINGER":"450c6d86c884c2c9df672191444ea151"},
{"LAYER":"TOP","ID":"C214","COMPONENT":"Electrolytic 10µF ","PART_VALUE":"10µF","FINGER":"4532487c382cfe79143c2c4a3016255b"},
{"LAYER":"TOP","ID":"U9","COMPONENT":"IC 24C08 ","PART_VALUE":"24C08","FINGER":"45dddda4ac885581dcd2c3fe5b04c521"},
{"LAYER":"BOT","ID":"E365C","COMPONENT":"Capacitor 6800pF ","PART_VALUE":"6800pF","FINGER":"45f0fa6ba817cfeab666b5deb97b8a1e"},
{"LAYER":"BOT","ID":"E643R","COMPONENT":"Resistor 68Ω ","PART_VALUE":"68Ω","FINGER":"4617389d55a0dcfd296d93657d82cc1a"},
{"LAYER":"BOT","ID":"R365","COMPONENT":"Resistor 10MΩ ","PART_VALUE":"10MΩ","FINGER":"46218d205bdbc31cc7f39997f4edd571"},
{"LAYER":"TOP","ID":"R344","COMPONENT":"Resistor 47kΩ ","PART_VALUE":"47kΩ","FINGER":"463425133c023bdc04c5048a3fdbd9eb"},
{"LAYER":"BOT","ID":"E112R","COMPONENT":"Resistor 27Ω ","PART_VALUE":"27Ω","FINGER":"46b3fc6de182a04bdd48beb518e24240"},
{"LAYER":"BOT","ID":"C805","COMPONENT":"Capacitor 220nF ","PART_VALUE":"220nF","FINGER":"46e952b96e809bc7407db107a49a7af4"},
{"LAYER":"TOP","ID":"C352","COMPONENT":"Capacitor 220nF ","PART_VALUE":"220nF","FINGER":"471981a4ebf563cdd0f8f4663a5e90df"},
{"LAYER":"BOT","ID":"C217","COMPONENT":"Capacitor 220nF ","PART_VALUE":"220nF","FINGER":"474c2744fb8e797bedd5d34071e18da5"},
{"LAYER":"TOP","ID":"FB401B","COMPONENT":"FB ","PART_VALUE":"FB","FINGER":"475aaa5b174bc5be47074bf9d03f8168"},
{"LAYER":"TOP","ID":"E121C","COMPONENT":"Capacitor 22pF ","PART_VALUE":"22pF","FINGER":"48d2a71f434286bd986bc62e6e06fd0e"},
{"LAYER":"BOT","ID":"E368R","COMPONENT":"FB 1K ","PART_VALUE":"1K","FINGER":"48d72ec82600266d511ccac5bb1455a6"},
{"LAYER":"BOT","ID":"R105","COMPONENT":"*ResistorNull, Signal","PART_VALUE":"Signal","FINGER":"4915028eb75fdb0c4d66916317d5c54d"},
{"LAYER":"BOT","ID":"R953B","COMPONENT":"Resistor 470Ω ","PART_VALUE":"470Ω","FINGER":"49639742c0cd018935e8d0cbf678e853"},
{"LAYER":"TOP","ID":"Z221","COMPONENT":"LC ","PART_VALUE":"LC","FINGER":"4a48c22fba1f92b21f6e502d2cc0ecee"},
{"LAYER":"TOP","ID":"X2","COMPONENT":"MODULATOR ","PART_VALUE":"MODULATOR","FINGER":"4afa9fb64413f2a4ee8ee412693d7fc2"},
{"LAYER":"TOP","ID":"R154","COMPONENT":"Resistor 4.7kΩ ","PART_VALUE":"4.7kΩ","FINGER":"4b2d2475fca732b50e636a5095717049"},
{"LAYER":"BOT","ID":"R239F","COMPONENT":"Resistor 68Ω ","PART_VALUE":"68Ω","FINGER":"4b780124c011a4305d14d0a501b9b9c8"},
{"LAYER":"BOT","ID":"C333","COMPONENT":"Capacitor 3900pF ","PART_VALUE":"3900pF","FINGER":"4b88fc69394f95da2843775a90f0149e"},
{"LAYER":"BOT","ID":"C323","COMPONENT":"Capacitor 3900pF ","PART_VALUE":"3900pF","FINGER":"4c32f73f00e7a17f228ac1894b0c5f06"},
{"LAYER":"BOT","ID":"E623C","COMPONENT":"Capacitor 100pF ","PART_VALUE":"100pF","FINGER":"4cac63c233bd0e0ab545419356ff2f74"},
{"LAYER":"TOP","ID":"R261E","COMPONENT":"Resistor 68Ω ","PART_VALUE":"68Ω","FINGER":"4cc475d63a39203f84621df7b6feb9d8"},
{"LAYER":"TOP","ID":"D642","COMPONENT":"Diode 1N4001 ","PART_VALUE":"1N4001","FINGER":"4cebae4d65427c28fd8b5e41cd505f0f"},
{"LAYER":"BOT","ID":"R243","COMPONENT":"Resistor 10kΩ ","PART_VALUE":"10kΩ","FINGER":"4d2114921980554b2d87773e1e756581"},
{"LAYER":"BOT","ID":"R635","COMPONENT":"Resistor 1kΩ ","PART_VALUE":"1kΩ","FINGER":"4d7decb7e911b86414d44eef040c4d0e"},
{"LAYER":"TOP","ID":"R232E","COMPONENT":"Resistor 75Ω ","PART_VALUE":"75Ω","FINGER":"4d8bb0f71b55fe71928cc47fa08d97fb"},
{"LAYER":"TOP","ID":"E356C","COMPONENT":"Capacitor 6800pF ","PART_VALUE":"6800pF","FINGER":"4d8fbd1b83bd8a1ad48e90178e234682"},
{"LAYER":"TOP","ID":"R151A","COMPONENT":"Resistor 68Ω ","PART_VALUE":"68Ω","FINGER":"4dce45e2ddc4d1e0e44b90e2a6716f55"},
{"LAYER":"TOP","ID":"E122R","COMPONENT":"Resistor 27Ω ","PART_VALUE":"27Ω","FINGER":"4e3b7d1234fcb54a2c4bcd1387b2d56d"},
{"LAYER":"BOT","ID":"R219","COMPONENT":"Resistor 4.7kΩ ","PART_VALUE":"4.7kΩ","FINGER":"4fb5c7fc2516dc707a791da59218f4e3"},
{"LAYER":"BOT","ID":"C365","COMPONENT":"Capacitor 100nF ","PART_VALUE":"100nF","FINGER":"4fc68da86ef85494d1fb152e840dcee2"},
{"LAYER":"TOP","ID":"C39","COMPONENT":"Capacitor 220nF ","PART_VALUE":"220nF","FINGER":"508be4f2717d51c0bfda362f3915fd46"},
{"LAYER":"BOT","ID":"E367R","COMPONENT":"FB 1K ","PART_VALUE":"1K","FINGER":"50909c2605066e7ebfff52013050c544"},
{"LAYER":"BOT","ID":"R205","COMPONENT":"JUMP-RES * ","PART_VALUE":"*","FINGER":"50a42bde60713b5ea39f2478946a6550"},
{"LAYER":"BOT","ID":"E641C","COMPONENT":"Capacitor 100pF ","PART_VALUE":"100pF","FINGER":"50dec064d406907cb0cc124eb24d73e2"},
{"LAYER":"BOT","ID":"C762","COMPONENT":"Capacitor 220nF ","PART_VALUE":"220nF","FINGER":"513dad9d5047d83686afde10a26e7dab"},
{"LAYER":"TOP","ID":"R371","COMPONENT":"Resistor 47Ω ","PART_VALUE":"47Ω","FINGER":"518d137de7f4885590dabdc9e3f0fac5"},
{"LAYER":"TOP","ID":"R782","COMPONENT":"Resistor 4.7kΩ ","PART_VALUE":"4.7kΩ","FINGER":"5219bd8948f2c7e4cd902463aa9b26f9"},
{"LAYER":"TOP","ID":"FB621","COMPONENT":"FB ","PART_VALUE":"FB","FINGER":"52adfbe42a6a0974732bfb49df4620bc"},
{"LAYER":"TOP","ID":"R951B","COMPONENT":"Resistor 1kΩ ","PART_VALUE":"1kΩ","FINGER":"5356c13e4037894d6055c14e601095e6"},
{"LAYER":"TOP","ID":"R951F","COMPONENT":"Resistor 4.7kΩ ","PART_VALUE":"4.7kΩ","FINGER":"5394db9f9331f1db71e83ee878f3606f"},
{"LAYER":"TOP","ID":"C790","COMPONENT":"Electrolytic 100µF ","PART_VALUE":"100µF","FINGER":"53d4f9ede9b0b90b6af3ef47d94b5413"},
{"LAYER":"BOT","ID":"R323","COMPONENT":"Resistor 10kΩ ","PART_VALUE":"10kΩ","FINGER":"54bb08c38857876f412240c36dace14f"},
{"LAYER":"TOP","ID":"E123R","COMPONENT":"Resistor 27Ω ","PART_VALUE":"27Ω","FINGER":"54d96245760422c3eb53d2befcab839c"},
{"LAYER":"TOP","ID":"C781","COMPONENT":"Capacitor 1000pF ","PART_VALUE":"1000pF","FINGER":"56907515407e17296ba542edacdf6d41"},
{"LAYER":"TOP","ID":"Z222","COMPONENT":"LC ","PART_VALUE":"LC","FINGER":"56f54ec2f1980a36cb2b5b7c24c5153a"},
{"LAYER":"TOP","ID":"C2X","COMPONENT":"Capacitor 330nF ","PART_VALUE":"330nF","FINGER":"576bb72c54f29db4f51ffd33049542ca"},
{"LAYER":"TOP","ID":"R511A","COMPONENT":"Resistor 1kΩ ","PART_VALUE":"1kΩ","FINGER":"57c068372a2a57ec85e5653dcab141dd"},
{"LAYER":"TOP","ID":"R370F","COMPONENT":"Resistor 4.7kΩ ","PART_VALUE":"4.7kΩ","FINGER":"5858471b8eebd7f31ceccbbf69ecab6d"},
{"LAYER":"BOT","ID":"R953C","COMPONENT":"Resistor 470Ω ","PART_VALUE":"470Ω","FINGER":"58ab8e8260178d66f1ce0ed012f1a525"},
{"LAYER":"BOT","ID":"E624R","COMPONENT":"Resistor 68Ω ","PART_VALUE":"68Ω","FINGER":"58ae26b9b317eea0202b5bd102a33efe"},
{"LAYER":"BOT","ID":"R239D","COMPONENT":"Resistor 68Ω ","PART_VALUE":"68Ω","FINGER":"58d77a92f8a727e4a0774ee60058d870"},
{"LAYER":"BOT","ID":"C211A","COMPONENT":"Capacitor 220nF ","PART_VALUE":"220nF","FINGER":"596ae4708162dfce47c535b97ad2cb8a"},
{"LAYER":"BOT","ID":"R788","COMPONENT":"Resistor 22kΩ ","PART_VALUE":"22kΩ","FINGER":"59a24106dfc5d6472350bc45ff5e9480"},
{"LAYER":"BOT","ID":"C25","COMPONENT":"Capacitor 47nF ","PART_VALUE":"47nF","FINGER":"59a9987f84d0e800efe3940932fa1b72"},
{"LAYER":"BOT","ID":"E124C","COMPONENT":"Capacitor 22pF ","PART_VALUE":"22pF","FINGER":"5a92d1ca8cfe96da7a5c6c94c9e7526b"},
{"LAYER":"BOT","ID":"R370E","COMPONENT":"Resistor 4.7kΩ ","PART_VALUE":"4.7kΩ","FINGER":"5afeea7e12360597570278b95f6c00ff"},
{"LAYER":"BOT","ID":"R951C","COMPONENT":"Resistor 4.7kΩ ","PART_VALUE":"4.7kΩ","FINGER":"5bdac522bb29c1ed0b959bab3fc7a112"},
{"LAYER":"BOT","ID":"C1D","COMPONENT":"Capacitor 47nF ","PART_VALUE":"47nF","FINGER":"5c3ceaf2162ce5f40281d1d621baaac7"},
{"LAYER":"BOT","ID":"C18A","COMPONENT":"Capacitor 220nF ","PART_VALUE":"220nF","FINGER":"5cdf0c2fce038e1865a088a803498cc7"},
{"LAYER":"TOP","ID":"C2B","COMPONENT":"Capacitor 220nF ","PART_VALUE":"220nF","FINGER":"5dfcb46300b3bf91846a3094df47b54d"},
{"LAYER":"BOT","ID":"R851","COMPONENT":"Resistor 8.2kΩ ","PART_VALUE":"8.2kΩ","FINGER":"5e37a1839a546d0dd8c4b47ba64a193b"},
{"LAYER":"TOP","ID":"C236","COMPONENT":"Electrolytic 47µF ","PART_VALUE":"47µF","FINGER":"5e985d6ab53022b0df9227e70a51c61b"},
{"LAYER":"TOP","ID":"R633","COMPONENT":"Resistor 1kΩ ","PART_VALUE":"1kΩ","FINGER":"5ef29d14430807130d80dbc5fac3d0cf"},
{"LAYER":"TOP","ID":"U14","COMPONENT":"IC RH5VA43A ","PART_VALUE":"RH5VA43A","FINGER":"5f7bf1353ac2a97700c2359fdb7f6576"},
{"LAYER":"TOP","ID":"D356","COMPONENT":"Diode 1N914 ","PART_VALUE":"1N914","FINGER":"5f97d57fce0cbed9c971a2f995f89a43"},
{"LAYER":"TOP","ID":"R391","COMPONENT":"Resistor 4.7kΩ ","PART_VALUE":"4.7kΩ","FINGER":"5fb8dbcace33206f585db72cf018d957"},
{"LAYER":"TOP","ID":"U36","COMPONENT":"IC null ","PART_VALUE":"null","FINGER":"5fbc587837be40d52c15e2f7c9d64862"},
{"LAYER":"TOP","ID":"E125C","COMPONENT":"Capacitor * ","PART_VALUE":"*","FINGER":"5fe4f0e9e20375b9cf48a5da79a59ace"},
{"LAYER":"TOP","ID":"U31","COMPONENT":"IC null ","PART_VALUE":"null","FINGER":"608cfbfb3a2f312dc8e19365e431cbe3"},
{"LAYER":"TOP","ID":"R261H","COMPONENT":"Resistor 68Ω ","PART_VALUE":"68Ω","FINGER":"610990cd855d5dd8260e3b6f1f792148"},
{"LAYER":"TOP","ID":"TP4","COMPONENT":"10-PIN SIL ","PART_VALUE":"SIL","FINGER":"610f463814655ee831d956c47224786b"},
{"LAYER":"BOT","ID":"C15A","COMPONENT":"Capacitor 220nF ","PART_VALUE":"220nF","FINGER":"614a7cda0b0a4982c7cae3f6d63bac78"},
{"LAYER":"TOP","ID":"C460","COMPONENT":"Capacitor 1000pF ","PART_VALUE":"1000pF","FINGER":"6155a3ed2326a765b4d6d377f78c4c78"},
{"LAYER":"TOP","ID":"Q341","COMPONENT":"PNP 2N3906 ","PART_VALUE":"2N3906","FINGER":"6195d4830b47a6d77a1858cac40c7b5c"},
{"LAYER":"TOP","ID":"D355","COMPONENT":"Diode 1N914 ","PART_VALUE":"1N914","FINGER":"61a158e04a6ae701b9da072c40a5ee5c"},
{"LAYER":"TOP","ID":"R263E","COMPONENT":"Resistor 68Ω ","PART_VALUE":"68Ω","FINGER":"620a0ab66b6e1de024b895f1c88d13a7"},
{"LAYER":"TOP","ID":"R262D","COMPONENT":"Resistor 68Ω ","PART_VALUE":"68Ω","FINGER":"62172aafe4802c1a83bafe17b0d3357c"},
{"LAYER":"BOT","ID":"XR1","COMPONENT":"Resistor 1kΩ ","PART_VALUE":"1kΩ","FINGER":"631f8c73e3bb3783a93fc5062564f070"},
{"LAYER":"BOT","ID":"R151F","COMPONENT":"Resistor 68Ω ","PART_VALUE":"68Ω","FINGER":"647f6620e2b27d93c4b797f10cf84f67"},
{"LAYER":"TOP","ID":"TP5","COMPONENT":"10-PIN SIL ","PART_VALUE":"SIL","FINGER":"64b29b1627c75a4c131e6eb1ab02c4f1"},
{"LAYER":"TOP","ID":"TP3","COMPONENT":"10-PIN SIL ","PART_VALUE":"SIL","FINGER":"64e6852efcdd59bcb5e463453936bb75"},
{"LAYER":"TOP","ID":"E131C","COMPONENT":"Capacitor * ","PART_VALUE":"*","FINGER":"65cf44cefefbcb1b25791e7ec1f530d9"},
{"LAYER":"TOP","ID":"E361C","COMPONENT":"Capacitor 470pF ","PART_VALUE":"470pF","FINGER":"65ed817918ea0b8a96726d5ab6b5a0dd"},
{"LAYER":"BOT","ID":"E368C","COMPONENT":"Capacitor 6800pF ","PART_VALUE":"6800pF","FINGER":"667de6a70979488d58d7add30eb42ba0"},
{"LAYER":"TOP","ID":"R954G","COMPONENT":"Resistor 4.7kΩ ","PART_VALUE":"4.7kΩ","FINGER":"668750500233b46da6f788baafefe4bc"},
{"LAYER":"TOP","ID":"U12","COMPONENT":"IC null ","PART_VALUE":"null","FINGER":"67c0b298cff412c10751d90619a9d0b2"},
{"LAYER":"BOT","ID":"R784","COMPONENT":"Resistor 47kΩ ","PART_VALUE":"47kΩ","FINGER":"67c3b09b622314f1b3d96bd7ea9e603b"},
{"LAYER":"BOT","ID":"E355R","COMPONENT":"FB 1K ","PART_VALUE":"1K","FINGER":"68765bca395387e746808ea5b21b50dd"},
{"LAYER":"TOP","ID":"C804","COMPONENT":"Capacitor 220nF ","PART_VALUE":"220nF","FINGER":"688e8cceb6d26a7e32c8fc8449b46047"},
{"LAYER":"TOP","ID":"C215","COMPONENT":"Capacitor * ","PART_VALUE":"*","FINGER":"68d2ceac20c73b8816365393587d075d"},
{"LAYER":"BOT","ID":"E625C","COMPONENT":"Capacitor 100pF ","PART_VALUE":"100pF","FINGER":"69212943620c73dde58355ffe96c06e5"},
{"LAYER":"BOT","ID":"E626R","COMPONENT":"FB 1K ","PART_VALUE":"1K","FINGER":"69a5a8000f4ba102929c8b17da279f9e"},
{"LAYER":"TOP","ID":"Q633","COMPONENT":"PNP 2N3906 ","PART_VALUE":"2N3906","FINGER":"69b5f181df275dd69dc91a4ab25a862b"},
{"LAYER":"BOT","ID":"E363R","COMPONENT":"FB 1K ","PART_VALUE":"1K","FINGER":"69dc79c1a68068e89b81447f4461f51f"},
{"LAYER":"BOT","ID":"E351R","COMPONENT":"FB 1K ","PART_VALUE":"1K","FINGER":"6a044ebaf5f6c7073751754a25872418"},
{"LAYER":"BOT","ID":"R953D","COMPONENT":"Resistor 470Ω ","PART_VALUE":"470Ω","FINGER":"6a16cc3913c71a1cd736811cc3898c6d"},
{"LAYER":"BOT","ID":"C32","COMPONENT":"Capacitor 220nF ","PART_VALUE":"220nF","FINGER":"6a371731e0b0dfc5e542b7954d288d63"},
{"LAYER":"BOT","ID":"R322","COMPONENT":"Resistor 10kΩ ","PART_VALUE":"10kΩ","FINGER":"6a7660a6d352f896cc820a6690a8339d"},
{"LAYER":"BOT","ID":"E354C","COMPONENT":"Capacitor 470pF ","PART_VALUE":"470pF","FINGER":"6aa91c30fbb2e055f51175a8e7e123a3"},
{"LAYER":"BOT","ID":"R104","COMPONENT":"Resistor 1kΩ ","PART_VALUE":"1kΩ","FINGER":"6b33335d965b679da37b8b8a87cad226"},
{"LAYER":"BOT","ID":"E375C","COMPONENT":"Capacitor 22pF ","PART_VALUE":"22pF","FINGER":"6b8890f6027c1755de89002133d5a455"},
{"LAYER":"TOP","ID":"R352","COMPONENT":"Resistor 4.7Ω ","PART_VALUE":"4.7Ω","FINGER":"6baee2a02d7e05cb56bf547030057acf"},
{"LAYER":"BOT","ID":"R370A","COMPONENT":"Resistor 4.7kΩ ","PART_VALUE":"4.7kΩ","FINGER":"6bb0ae9e1c122a420a2fd6422bbb9ec6"},
{"LAYER":"BOT","ID":"R953A","COMPONENT":"Resistor 470Ω ","PART_VALUE":"470Ω","FINGER":"6be766e742fbb3671b8efa3d795c2ba2"},
{"LAYER":"TOP","ID":"R309","COMPONENT":"Resistor 1Ω ","PART_VALUE":"1Ω","FINGER":"6c9981ceaf01e420bfdcf7ce9389154e"},
{"LAYER":"TOP","ID":"R772","COMPONENT":"Resistor 4.7kΩ ","PART_VALUE":"4.7kΩ","FINGER":"6c99be3c6a972fcfb7f642a93226baec"},
{"LAYER":"BOT","ID":"R774","COMPONENT":"Resistor 47kΩ ","PART_VALUE":"47kΩ","FINGER":"6cf200206f3fa7c6aa2d8eb7f6f61bd8"},
{"LAYER":"TOP","ID":"R301","COMPONENT":"Resistor 27Ω ","PART_VALUE":"27Ω","FINGER":"6cf6197d1d5e29348d3638f0f53ed6d5"},
{"LAYER":"TOP","ID":"C306","COMPONENT":"Electrolytic * ","PART_VALUE":"*","FINGER":"6d5b7c7e4b6d1d36e3026e0ae547e5cd"},
{"LAYER":"BOT","ID":"R250","COMPONENT":"Resistor 4.7kΩ ","PART_VALUE":"4.7kΩ","FINGER":"6dabf8362061715c6b7fb6d5dfbc9d53"},
{"LAYER":"TOP","ID":"CN13","COMPONENT":"6-PIN MINI-DIN ","PART_VALUE":"MINI-DIN","FINGER":"6ed1ae5761c388b2a8ccd5f380e510db"},
{"LAYER":"TOP","ID":"R261F","COMPONENT":"Resistor 68Ω ","PART_VALUE":"68Ω","FINGER":"6f09246a02296f0ffe21a77870907e21"},
{"LAYER":"BOT","ID":"E626C","COMPONENT":"Capacitor 100pF ","PART_VALUE":"100pF","FINGER":"6f8f65e9d15c9f31c1a0182cf1873740"},
{"LAYER":"BOT","ID":"C199","COMPONENT":"Capacitor 220nF ","PART_VALUE":"220nF","FINGER":"6fc5c4fb3d3beee5ac565e0c8a57b7f3"},
{"LAYER":"TOP","ID":"E361R","COMPONENT":"FB 1K ","PART_VALUE":"1K","FINGER":"715f40f312354b86d30cac778e4bc039"},
{"LAYER":"TOP","ID":"CN3","COMPONENT":"RCA JACK ","PART_VALUE":"JACK","FINGER":"71e48c9d0ef6b3bfee55cbc1ee3c5be5"},
{"LAYER":"TOP","ID":"U25","COMPONENT":"IC 74F00 ","PART_VALUE":"74F00","FINGER":"71e4ae5c5fbcacdbffbeb4f8a7ab1ad7"},
{"LAYER":"TOP","ID":"C324","COMPONENT":"Electrolytic 22µF-NP ","PART_VALUE":"22µF-NP","FINGER":"725dfdca5fb5e47ed2baeba576980b13"},
{"LAYER":"TOP","ID":"R752","COMPONENT":"Resistor 4.7kΩ ","PART_VALUE":"4.7kΩ","FINGER":"72a45b7e952a37ec691004f8267dc0f6"},
{"LAYER":"TOP","ID":"D365","COMPONENT":"Diode 1N914 ","PART_VALUE":"1N914","FINGER":"730643b8ed3a68a597fb42489cdc7463"},
{"LAYER":"TOP","ID":"C459","COMPONENT":"Electrolytic 22µF ","PART_VALUE":"22µF","FINGER":"7338535b41a8ee724f86ed0d8c43ddb7"},
{"LAYER":"BOT","ID":"E624C","COMPONENT":"Capacitor 100pF ","PART_VALUE":"100pF","FINGER":"7371d8be564fc7c1d9516720234c742c"},
{"LAYER":"BOT","ID":"C221","COMPONENT":"Capacitor 100nF ","PART_VALUE":"100nF","FINGER":"738850a2739ab2179799fbc3bc563eaa"},
{"LAYER":"BOT","ID":"C1C","COMPONENT":"Capacitor 220nF ","PART_VALUE":"220nF","FINGER":"73dfb1c17fd621113ec086354d2d3376"},
{"LAYER":"TOP","ID":"C865","COMPONENT":"Electrolytic 4.7µF ","PART_VALUE":"4.7µF","FINGER":"740de4b97e946b4e3b7b9906b3385ae9"},
{"LAYER":"TOP","ID":"E231C","COMPONENT":"Capacitor 100pF ","PART_VALUE":"100pF","FINGER":"7429bf5f52f3e3abb3ab229c9ff18933"},
{"LAYER":"BOT","ID":"R234","COMPONENT":"Resistor 75Ω ","PART_VALUE":"75Ω","FINGER":"745ddb8b11bc51205cfbc6465711ffbf"},
{"LAYER":"TOP","ID":"E120R","COMPONENT":"Resistor 27Ω ","PART_VALUE":"27Ω","FINGER":"74980bd9d7940cc869e4b75fcc58f1af"},
{"LAYER":"TOP","ID":"Q765","COMPONENT":"PIN ","PART_VALUE":"PIN","FINGER":"752227b537f81063ebca433b312b0ecf"},
{"LAYER":"TOP","ID":"R265","COMPONENT":"Resistor 68Ω ","PART_VALUE":"68Ω","FINGER":"75a3151170f5a533e089f186836326ee"},
{"LAYER":"TOP","ID":"U35","COMPONENT":"IC 74F373 ","PART_VALUE":"74F373","FINGER":"7697f040b68848f7743166ef3d28386c"},
{"LAYER":"TOP","ID":"R262B","COMPONENT":"Resistor 68Ω ","PART_VALUE":"68Ω","FINGER":"76d98f92aa1982f1e9cc7c732b5b037e"},
{"LAYER":"BOT","ID":"R330","COMPONENT":"Resistor 330Ω ","PART_VALUE":"330Ω","FINGER":"76f58b1a1ab9aa64f51df1abbcc80b05"},
{"LAYER":"BOT","ID":"R151I","COMPONENT":"Resistor 68Ω ","PART_VALUE":"68Ω","FINGER":"77195015dac467c5912d68dff7bd6899"},
{"LAYER":"TOP","ID":"Q355","COMPONENT":"MOSFET MMBF170L ","PART_VALUE":"MMBF170L","FINGER":"775100628298bf34ed63ab8726ea1e83"},
{"LAYER":"TOP","ID":"C864A","COMPONENT":"Electrolytic * ","PART_VALUE":"*","FINGER":"77626ef03bb00379cd277c4671528c37"},
{"LAYER":"BOT","ID":"C18B","COMPONENT":"Capacitor 220nF ","PART_VALUE":"220nF","FINGER":"789942034995d4f5158217ef2ff6dcf9"},
{"LAYER":"TOP","ID":"R763H","COMPONENT":"Resistor 4.7kΩ ","PART_VALUE":"4.7kΩ","FINGER":"79bb4440e5e2a89d6820fbdb3c082050"},
{"LAYER":"TOP","ID":"C239","COMPONENT":"Electrolytic 100µF ","PART_VALUE":"100µF","FINGER":"7a2122172f1e384d0675922a2c66954c"},
{"LAYER":"TOP","ID":"U15B","COMPONENT":"IC LF353 ","PART_VALUE":"LF353","FINGER":"7a40b851ed4f3b75c130267f38fbf701"},
{"LAYER":"TOP","ID":"FB751","COMPONENT":"FB ","PART_VALUE":"FB","FINGER":"7b27d58cf490e8b1409fd50299de3b44"},
{"LAYER":"BOT","ID":"R223","COMPONENT":"Resistor 698\/866Ω ","PART_VALUE":"698\/866Ω","FINGER":"7b804d5da21a5239013d30a68b973278"},
{"LAYER":"BOT","ID":"R326","COMPONENT":"Resistor 470kΩ ","PART_VALUE":"470kΩ","FINGER":"7b8c41d0d121c2d0134c8577f7b4177b"},
{"LAYER":"BOT","ID":"R954B","COMPONENT":"Resistor 1kΩ ","PART_VALUE":"1kΩ","FINGER":"7bc78a5a0b2b480cd2e0b2a4e2603054"},
{"LAYER":"BOT","ID":"C242","COMPONENT":"Capacitor 15pF ","PART_VALUE":"15pF","FINGER":"7cb95d8281a423673512423162335c19"},
{"LAYER":"TOP","ID":"E120C","COMPONENT":"Capacitor 22pF ","PART_VALUE":"22pF","FINGER":"7e0ce61e279514f6618bdfcfe7e86408"},
{"LAYER":"BOT","ID":"R855","COMPONENT":"Resistor 4.7kΩ ","PART_VALUE":"4.7kΩ","FINGER":"7e3f65c570df43ee084b60fdd5979cb7"},
{"LAYER":"TOP","ID":"U39","COMPONENT":"IC CXA1553 ","PART_VALUE":"CXA1553","FINGER":"7ea1f284ee69b6f3ca095fcb0ce832e0"},
{"LAYER":"TOP","ID":"Q461","COMPONENT":"NPN 2N3904 ","PART_VALUE":"2N3904","FINGER":"802b76fc3c2afab0505754edff195ffc"},
{"LAYER":"TOP","ID":"C33","COMPONENT":"Capacitor 47nF ","PART_VALUE":"47nF","FINGER":"80a5816e9a45d32e1ef1225c1f8a80f6"},
{"LAYER":"BOT","ID":"R331","COMPONENT":"Resistor 330Ω ","PART_VALUE":"330Ω","FINGER":"80e18eb69e43fc77f9a479359cb23e0b"},
{"LAYER":"BOT","ID":"R951D","COMPONENT":"Resistor 4.7kΩ ","PART_VALUE":"4.7kΩ","FINGER":"8104ffc57836ba9add8cb464c853692e"},
{"LAYER":"BOT","ID":"R224","COMPONENT":"Resistor 820Ω ","PART_VALUE":"820Ω","FINGER":"81852534a39d9c5e3f4fe6fe6cd50cd4"},
{"LAYER":"BOT","ID":"R766","COMPONENT":"Resistor 1kΩ ","PART_VALUE":"1kΩ","FINGER":"81a77e839b411a43ffa1623e2fe1a587"},
{"LAYER":"BOT","ID":"R771","COMPONENT":"Resistor 4.7kΩ ","PART_VALUE":"4.7kΩ","FINGER":"81cb8743008c9d813a698a830ce2687b"},
{"LAYER":"TOP","ID":"C247","COMPONENT":"Varicap 47pF* ","PART_VALUE":"47pF*","FINGER":"82201e41da9cf56f3659ede4bfaa2863"},
{"LAYER":"BOT","ID":"R235","COMPONENT":"Resistor 360Ω ","PART_VALUE":"360Ω","FINGER":"8247dfdbff02459b2ea7bde09fe4e9ae"},
{"LAYER":"BOT","ID":"R785","COMPONENT":"Resistor 5.1kΩ ","PART_VALUE":"5.1kΩ","FINGER":"82d4b6ba84d1fbc93ff4d2bc13439bb3"},
{"LAYER":"TOP","ID":"U16","COMPONENT":"IC null ","PART_VALUE":"null","FINGER":"83835855c77fd60974fe8db1bb3331af"},
{"LAYER":"BOT","ID":"E232C","COMPONENT":"Capacitor 100nF ","PART_VALUE":"100nF","FINGER":"84e1f0ca6245c6f17ed2da35f299a08e"},
{"LAYER":"TOP","ID":"X3","COMPONENT":"null ","PART_VALUE":"null","FINGER":"85031da54135cb4d9c23bfc13e5e7af5"},
{"LAYER":"TOP","ID":"R892","COMPONENT":"Resistor 680Ω ","PART_VALUE":"680Ω","FINGER":"85b694c803fa1c79c9b7ac24d6c65b22"},
{"LAYER":"TOP","ID":"C307","COMPONENT":"Electrolytic 100µF ","PART_VALUE":"100µF","FINGER":"85bb9aa0489106af81b49a0fc4e1969c"},
{"LAYER":"BOT","ID":"E282C","COMPONENT":"Capacitor 100pF ","PART_VALUE":"100pF","FINGER":"8635d56a4ef4be949842dbe8589aac25"},
{"LAYER":"TOP","ID":"FB301A","COMPONENT":"FB ","PART_VALUE":"FB","FINGER":"8736c24ce0faf64fa97d66e36310804d"},
{"LAYER":"BOT","ID":"E132C","COMPONENT":"Capacitor * ","PART_VALUE":"*","FINGER":"8777b49741116275ba15276cadc3cabf"},
{"LAYER":"BOT","ID":"E281C","COMPONENT":"Capacitor 100pF ","PART_VALUE":"100pF","FINGER":"88579e41a21199d8bdc26d3d06cdb8e6"},
{"LAYER":"TOP","ID":"U15A","COMPONENT":"IC MC34182 ","PART_VALUE":"MC34182","FINGER":"885b8790205759eb3f1588737f55f1aa"},
{"LAYER":"TOP","ID":"C408","COMPONENT":"Electrolytic 1000µF ","PART_VALUE":"1000µF","FINGER":"88c6f0379ba671fe9f938abade4719cb"},
{"LAYER":"TOP","ID":"E129C","COMPONENT":"Capacitor 22pF* ","PART_VALUE":"22pF*","FINGER":"8906168d901cdb64a7282bd0b2e92b49"},
{"LAYER":"TOP","ID":"E331R","COMPONENT":"FB 1K ","PART_VALUE":"1K","FINGER":"896207c4925047bae4b90f8a8937da79"},
{"LAYER":"TOP","ID":"R215","COMPONENT":"Resistor 1kΩ ","PART_VALUE":"1kΩ","FINGER":"897d4462d9df3e03f2ca765e00468ff4"},
{"LAYER":"BOT","ID":"R239C","COMPONENT":"Resistor 68Ω ","PART_VALUE":"68Ω","FINGER":"899eeb067c874c79dbe165df9fdc1caf"},
{"LAYER":"BOT","ID":"R232C","COMPONENT":"Resistor 24.9Ω ","PART_VALUE":"24.9Ω","FINGER":"8ba18c867a7d021959bf51becf5757d1"},
{"LAYER":"TOP","ID":"R261B","COMPONENT":"Resistor 68Ω ","PART_VALUE":"68Ω","FINGER":"8ba70f8ab65aadeed40eb692b282f18f"},
{"LAYER":"TOP","ID":"U18","COMPONENT":"IC null ","PART_VALUE":"null","FINGER":"8bca4e4e1f880e3f407607e72e671b91"},
{"LAYER":"TOP","ID":"C821","COMPONENT":"Electrolytic 470µF ","PART_VALUE":"470µF","FINGER":"8bfe18d2f8a8875a3f8473bdcd48d7a4"},
{"LAYER":"BOT","ID":"R862","COMPONENT":"Resistor *Ω ","PART_VALUE":"*Ω","FINGER":"8c26988528da880d8e8a9ac0dabf1449"},
{"LAYER":"TOP","ID":"Q346","COMPONENT":"NPN 2N3904 ","PART_VALUE":"2N3904","FINGER":"8d3d7c30cc1e8d4f285264e028aed482"},
{"LAYER":"BOT","ID":"C322","COMPONENT":"Capacitor 6800pF ","PART_VALUE":"6800pF","FINGER":"8db2226ee758f2d8372c42b90d3e7319"},
{"LAYER":"BOT","ID":"E132R","COMPONENT":"Resistor 68Ω ","PART_VALUE":"68Ω","FINGER":"8e4139afc5b190b823bde4ac274f4311"},
{"LAYER":"TOP","ID":"CL1C","COMPONENT":"THERMISTOR NTC ","PART_VALUE":"NTC","FINGER":"8eb4700f586402085c0f1b218a21838d"},
{"LAYER":"TOP","ID":"U1","COMPONENT":"IC MC68EC020 ","PART_VALUE":"MC68EC020","FINGER":"8ebad866873ea2e10337a83bc128a915"},
{"LAYER":"BOT","ID":"C31","COMPONENT":"Capacitor 470nF ","PART_VALUE":"470nF","FINGER":"8f0a91d2dc45430eec5f3d74072a99b1"},
{"LAYER":"BOT","ID":"R336","COMPONENT":"Resistor 470kΩ ","PART_VALUE":"470kΩ","FINGER":"8f0fa9a2171e466755c2fb94aa906583"},
{"LAYER":"TOP","ID":"R346","COMPONENT":"Resistor *Ω ","PART_VALUE":"*Ω","FINGER":"8f40bce8ce3e948963317c266bc573f9"},
{"LAYER":"TOP","ID":"FB402A","COMPONENT":"FB ","PART_VALUE":"FB","FINGER":"8f851b8102b75f060bdf2b0ddde90411"},
{"LAYER":"TOP","ID":"U3","COMPONENT":"IC 8364 ","PART_VALUE":"8364","FINGER":"8fac64764a5fb68b8f82784d174ef51d"},
{"LAYER":"TOP","ID":"C3","COMPONENT":"Capacitor 220nF ","PART_VALUE":"220nF","FINGER":"90686bd89db93535abf92fe697b2407b"},
{"LAYER":"TOP","ID":"D366","COMPONENT":"Diode 1N914 ","PART_VALUE":"1N914","FINGER":"9096ada52adfa5fa51141d135bbd4840"},
{"LAYER":"BOT","ID":"C5D","COMPONENT":"Capacitor 47nF ","PART_VALUE":"47nF","FINGER":"91564126464df6f14d57bf9779822cc9"},
{"LAYER":"TOP","ID":"C409","COMPONENT":"Electrolytic 100µF ","PART_VALUE":"100µF","FINGER":"916addbf078fca305e78bbc86f53160c"},
{"LAYER":"BOT","ID":"C30B","COMPONENT":"Capacitor 47nF ","PART_VALUE":"47nF","FINGER":"91e2d330da4d7072e7ccf38479b44854"},
{"LAYER":"BOT","ID":"R333","COMPONENT":"Resistor 10kΩ ","PART_VALUE":"10kΩ","FINGER":"920dcc213fd725f5b4f0c945ead99a61"},
{"LAYER":"TOP","ID":"C782","COMPONENT":"Capacitor 120pF ","PART_VALUE":"120pF","FINGER":"9302a6898a998f4bd99bf2ec8f9e0ae1"},
{"LAYER":"TOP","ID":"C341","COMPONENT":"Electrolytic 10µF ","PART_VALUE":"10µF","FINGER":"938557cb0fc8ca0a43fb8ccf3ec9400e"},
{"LAYER":"BOT","ID":"E363C","COMPONENT":"Capacitor 470pF ","PART_VALUE":"470pF","FINGER":"93936caa55e19db72b79bf3b0b365d56"},
{"LAYER":"TOP","ID":"R251","COMPONENT":"Resistor 4.7kΩ ","PART_VALUE":"4.7kΩ","FINGER":"945f8ab9c65dad1684cf0adb8bc0148a"},
{"LAYER":"BOT","ID":"R852","COMPONENT":"Resistor *Ω ","PART_VALUE":"*Ω","FINGER":"955d2928f9ae60c7e3ce3cf00cdcc4a1"},
{"LAYER":"BOT","ID":"R262G","COMPONENT":"Resistor 68Ω ","PART_VALUE":"68Ω","FINGER":"9580383a0bcb5a142e17f6ac451e5d12"},
{"LAYER":"BOT","ID":"R222","COMPONENT":"Resistor 1kΩ ","PART_VALUE":"1kΩ","FINGER":"96bf24d7b049c59c4949be0fac577f8c"},
{"LAYER":"TOP","ID":"E127C","COMPONENT":"Capacitor 22pF ","PART_VALUE":"22pF","FINGER":"96cb4e46bf9e126d7215ccb83aa02e9c"},
{"LAYER":"BOT","ID":"R953F","COMPONENT":"Resistor 470Ω ","PART_VALUE":"470Ω","FINGER":"9703af42bb4a18cb93d2d6a093e3ad1a"},
{"LAYER":"TOP","ID":"C806","COMPONENT":"Capacitor 47nF ","PART_VALUE":"47nF","FINGER":"9837288446b910556eddfd4390ac7410"},
{"LAYER":"BOT","ID":"C2A","COMPONENT":"Capacitor 220nF ","PART_VALUE":"220nF","FINGER":"9855171a5956ae9ca4a4ad9469e6ce8c"},
{"LAYER":"TOP","ID":"R261G","COMPONENT":"Resistor 68Ω ","PART_VALUE":"68Ω","FINGER":"9893b9e9ce006e697f0822cf556717e7"},
{"LAYER":"TOP","ID":"E125R","COMPONENT":"Resistor 27Ω ","PART_VALUE":"27Ω","FINGER":"98e64dd959f2e71e16f2828f98d63598"},
{"LAYER":"BOT","ID":"R238","COMPONENT":"Resistor *Ω ","PART_VALUE":"*Ω","FINGER":"9942c79c033541a661a61f8f7f6bfb05"},
{"LAYER":"TOP","ID":"TP6","COMPONENT":"PIN ","PART_VALUE":"PIN","FINGER":"9a7d8238b524b7230a3c06a80052da7d"},
{"LAYER":"BOT","ID":"R770","COMPONENT":"Resistor 10kΩ ","PART_VALUE":"10kΩ","FINGER":"9ab32bb09ff41c6c6a7d9df9961c9b79"},
{"LAYER":"TOP","ID":"R629","COMPONENT":"Resistor 10kΩ ","PART_VALUE":"10kΩ","FINGER":"9ab88c1a55c3b5be426f0fab2f60bfeb"},
{"LAYER":"TOP","ID":"U6B","COMPONENT":"IC 62408 ","PART_VALUE":"62408","FINGER":"9b5cc8fb8dee69745c68ce71dd0a0b7f"},
{"LAYER":"BOT","ID":"C34","COMPONENT":"Capacitor 47nF ","PART_VALUE":"47nF","FINGER":"9b6d7cbf6e889fb843198108214f2005"},
{"LAYER":"TOP","ID":"R209","COMPONENT":"Resistor 10kΩ ","PART_VALUE":"10kΩ","FINGER":"9b885f8d3fb066da7cc07bed18bebc68"},
{"LAYER":"BOT","ID":"E124R","COMPONENT":"Resistor 68Ω ","PART_VALUE":"68Ω","FINGER":"9be306adec9e91c18b70600d67cc4ea7"},
{"LAYER":"TOP","ID":"U2","COMPONENT":"IC 8374 ","PART_VALUE":"8374","FINGER":"9cc7da66a22d28bb197f4cec11c0c568"},
{"LAYER":"BOT","ID":"R101","COMPONENT":"Resistor 1kΩ ","PART_VALUE":"1kΩ","FINGER":"9cd1e50158b4ddee2fc4f122c04e0382"},
{"LAYER":"BOT","ID":"R370H","COMPONENT":"Resistor 4.7kΩ ","PART_VALUE":"4.7kΩ","FINGER":"9cf3de60d266d1533277dea3abcbf40c"},
{"LAYER":"BOT","ID":"C313","COMPONENT":"Capacitor 47nF ","PART_VALUE":"47nF","FINGER":"9cfe12bd2b77101210ca95e89e66de7e"},
{"LAYER":"TOP","ID":"U6A","COMPONENT":"IC 62408 ","PART_VALUE":"62408","FINGER":"9d2e843b817626b4a497cc640963a20a"},
{"LAYER":"BOT","ID":"C1A","COMPONENT":"Capacitor 220nF ","PART_VALUE":"220nF","FINGER":"9d9fd754a8ee50fd93befd2b7e043045"},
{"LAYER":"TOP","ID":"R593","COMPONENT":"Resistor 470Ω ","PART_VALUE":"470Ω","FINGER":"9e9125d951f84567f20eec1479afb791"},
{"LAYER":"TOP","ID":"C216","COMPONENT":"Capacitor 10nF ","PART_VALUE":"10nF","FINGER":"9f2d9209e06368c1989631936fb03382"},
{"LAYER":"BOT","ID":"R866","COMPONENT":"Resistor 100kΩ ","PART_VALUE":"100kΩ","FINGER":"9f4fb0c335c7ff11b5a56fb09aec7ce6"},
{"LAYER":"TOP","ID":"Q395","COMPONENT":"NPN 2N3904 ","PART_VALUE":"2N3904","FINGER":"a0336343572dabf168060db5a665b6b4"},
{"LAYER":"BOT","ID":"C1B","COMPONENT":"Capacitor 47nF ","PART_VALUE":"47nF","FINGER":"a07c36e79a63db7fa501b6588a137603"},
{"LAYER":"BOT","ID":"C311","COMPONENT":"Capacitor 47nF ","PART_VALUE":"47nF","FINGER":"a09cf4db80fdac3aae2d337346fa654d"},
{"LAYER":"TOP","ID":"LF1B","COMPONENT":"FB ","PART_VALUE":"FB","FINGER":"a0ac50cf8a988f0c1c8bfa26ec6118e9"},
{"LAYER":"TOP","ID":"X1","COMPONENT":"null ","PART_VALUE":"null","FINGER":"a126f3cadb2376cd5e6795dca1108f39"},
{"LAYER":"TOP","ID":"R341","COMPONENT":"Resistor 470Ω ","PART_VALUE":"470Ω","FINGER":"a14b307ac4aa63b560e64accc4a034e2"},
{"LAYER":"TOP","ID":"C16A","COMPONENT":"Capacitor 220nF ","PART_VALUE":"220nF","FINGER":"a1862b362906b6fb1c5fa0275221a354"},
{"LAYER":"BOT","ID":"R263H","COMPONENT":"Resistor 68Ω ","PART_VALUE":"68Ω","FINGER":"a2cab902e00bb93e7309fcd5ea8e825a"},
{"LAYER":"BOT","ID":"C243","COMPONENT":"Capacitor 1000pF ","PART_VALUE":"1000pF","FINGER":"a2d6bd935c60333acb75126687406c73"},
{"LAYER":"TOP","ID":"Q331","COMPONENT":"JFET MMBF5484 ","PART_VALUE":"MMBF5484","FINGER":"a2f400524155fa872506b68ffc59432f"},
{"LAYER":"TOP","ID":"CN8","COMPONENT":"4-PIN DIN ","PART_VALUE":"DIN","FINGER":"a31a48e7dc4f091b760eb8dc9131cb4e"},
{"LAYER":"BOT","ID":"R151H","COMPONENT":"Resistor 68Ω ","PART_VALUE":"68Ω","FINGER":"a350b7ae8d3ea36311be0ee543c07645"},
{"LAYER":"BOT","ID":"R370B","COMPONENT":"Resistor 4.7kΩ ","PART_VALUE":"4.7kΩ","FINGER":"a36047017800429d36a72718d50fad0e"},
{"LAYER":"TOP","ID":"Q321","COMPONENT":"JFET MMBF5484 ","PART_VALUE":"MMBF5484","FINGER":"a40e0353148fd3606b11de363ed6ceb1"},
{"LAYER":"BOT","ID":"R865","COMPONENT":"Resistor 4.7kΩ ","PART_VALUE":"4.7kΩ","FINGER":"a41f7035eba1d7aeb8e97ed6f6b8d173"},
{"LAYER":"BOT","ID":"C641","COMPONENT":"Capacitor 220nF ","PART_VALUE":"220nF","FINGER":"a44bae583c12366fc018d3a54628f1dc"},
{"LAYER":"BOT","ID":"C6B","COMPONENT":"Capacitor 220nF ","PART_VALUE":"220nF","FINGER":"a4678fe0b9a480ff49d2f0e972fec068"},
{"LAYER":"BOT","ID":"E351C","COMPONENT":"Capacitor 470pF ","PART_VALUE":"470pF","FINGER":"a54889023c918cc5d2ae80e6332aa8fd"},
{"LAYER":"BOT","ID":"R761","COMPONENT":"Resistor 10kΩ ","PART_VALUE":"10kΩ","FINGER":"a5573fd483c5f971b63b1718fb496461"},
{"LAYER":"BOT","ID":"R263A","COMPONENT":"Resistor 68Ω ","PART_VALUE":"68Ω","FINGER":"a616929a75178e4ee59ee8bce6b37cd3"},
{"LAYER":"TOP","ID":"C246","COMPONENT":"Capacitor 10nF ","PART_VALUE":"10nF","FINGER":"a6759dd8a03fb835e7fe50ed443fad54"},
{"LAYER":"TOP","ID":"R392","COMPONENT":"Resistor 4.7kΩ ","PART_VALUE":"4.7kΩ","FINGER":"a6f3e030ba8d62d1bdf149ce7dbf9655"},
{"LAYER":"BOT","ID":"R881","COMPONENT":"Resistor 1kΩ ","PART_VALUE":"1kΩ","FINGER":"a6fd280d358641fbe703e2006d869074"},
{"LAYER":"TOP","ID":"R952A","COMPONENT":"Resistor 470Ω ","PART_VALUE":"470Ω","FINGER":"a71f1981e92effdabee6c78e62e8079c"},
{"LAYER":"BOT","ID":"R151C","COMPONENT":"Resistor 68Ω ","PART_VALUE":"68Ω","FINGER":"a7e1f35154c7407cb2009ffc2139946f"},
{"LAYER":"BOT","ID":"R151D","COMPONENT":"Resistor 68Ω ","PART_VALUE":"68Ω","FINGER":"a875837cb4597144763d0f58297fede5"},
{"LAYER":"TOP","ID":"FB301","COMPONENT":"FB ","PART_VALUE":"FB","FINGER":"a87826a1f69106356bc5cb488ba8ade8"},
{"LAYER":"TOP","ID":"E122C","COMPONENT":"Capacitor 22pF ","PART_VALUE":"22pF","FINGER":"a893656079ea54169b71f54622bf34ba"},
{"LAYER":"TOP","ID":"FB301B","COMPONENT":"FB ","PART_VALUE":"FB","FINGER":"a90ec0e047efcd503d8f0ce3d9feefa1"},
{"LAYER":"BOT","ID":"R598","COMPONENT":"JUMP-RES * ","PART_VALUE":"*","FINGER":"a9615c73065a22536c237d9342df7e65"},
{"LAYER":"TOP","ID":"R783","COMPONENT":"Resistor 18kΩ ","PART_VALUE":"18kΩ","FINGER":"a97e51d5d20c0f72574c69f3037f90d0"},
{"LAYER":"TOP","ID":"TP0","COMPONENT":"PIN ","PART_VALUE":"PIN","FINGER":"aa9b4d64f12141eddb416ba69c29b046"},
{"LAYER":"BOT","ID":"R232A","COMPONENT":"Resistor 24.9Ω ","PART_VALUE":"24.9Ω","FINGER":"aaf99bbadafbeb4c696eebf97fdd8c28"},
{"LAYER":"BOT","ID":"E762C","COMPONENT":"Capacitor 22pF ","PART_VALUE":"22pF","FINGER":"ab8791da8dc8e36c0d5f6c637be52096"},
{"LAYER":"TOP","ID":"R262H","COMPONENT":"Resistor 68Ω ","PART_VALUE":"68Ω","FINGER":"ac1bb82e9ec3e66a1eba6fed9c4a5ea6"},
{"LAYER":"TOP","ID":"E753R","COMPONENT":"Resistor 180Ω ","PART_VALUE":"180Ω","FINGER":"ac2f89c7009d1c552038f91062b29c2d"},
{"LAYER":"TOP","ID":"E127R","COMPONENT":"Resistor 27Ω ","PART_VALUE":"27Ω","FINGER":"ad25093483f9c5e64724bb68c0dea4a1"},
{"LAYER":"BOT","ID":"R763C","COMPONENT":"Resistor 4.7kΩ ","PART_VALUE":"4.7kΩ","FINGER":"ad7a2ad9d57fc7f1354ebac1159ba2d5"},
{"LAYER":"TOP","ID":"FB401A","COMPONENT":"FB ","PART_VALUE":"FB","FINGER":"adaa6e1cd59a28da33ff98997e6f14a9"},
{"LAYER":"TOP","ID":"R362","COMPONENT":"Resistor 4.7Ω ","PART_VALUE":"4.7Ω","FINGER":"adbd6514b4f096fce50e24db97d17cef"},
{"LAYER":"TOP","ID":"L241","COMPONENT":"INDUCTOR 1.2µH ","PART_VALUE":"1.2µH","FINGER":"ae1a72b6e824550d0e9eab7eeb481508"},
{"LAYER":"BOT","ID":"E642R","COMPONENT":"Resistor 27Ω ","PART_VALUE":"27Ω","FINGER":"ae2b15262ac84b074430463a45ef75c1"},
{"LAYER":"BOT","ID":"C4B","COMPONENT":"Capacitor 220nF ","PART_VALUE":"220nF","FINGER":"ae60455d1c7972720da6addaaa81cb81"},
{"LAYER":"BOT","ID":"R109","COMPONENT":"Resistor 470Ω ","PART_VALUE":"470Ω","FINGER":"ae703a4e17219c34e89e30294726efb8"},
{"LAYER":"BOT","ID":"E366R","COMPONENT":"FB 1K ","PART_VALUE":"1K","FINGER":"ae73c5bd2e9b61fa4a1f2d8312ca3979"},
{"LAYER":"BOT","ID":"R113","COMPONENT":"Resistor 27Ω ","PART_VALUE":"27Ω","FINGER":"ae925900263b9595a26c4666831a4586"},
{"LAYER":"BOT","ID":"R264","COMPONENT":"Resistor 27Ω ","PART_VALUE":"27Ω","FINGER":"aeaaea4680b09c5347d6ede0350cc9b3"},
{"LAYER":"BOT","ID":"R756","COMPONENT":"Resistor 4.7kΩ ","PART_VALUE":"4.7kΩ","FINGER":"af0dde1d37b730af2cab38568aa3c7c1"},
{"LAYER":"BOT","ID":"R232B","COMPONENT":"Resistor 24.9Ω ","PART_VALUE":"24.9Ω","FINGER":"b10f70e8d66f795baf61a71c6b711891"},
{"LAYER":"TOP","ID":"E133R","COMPONENT":"Resistor 68Ω ","PART_VALUE":"68Ω","FINGER":"b14dcf90844024ef478489361585de36"},
{"LAYER":"TOP","ID":"R153","COMPONENT":"Resistor 4.7kΩ ","PART_VALUE":"4.7kΩ","FINGER":"b165343598cd3173e7428e50018dcf9d"},
{"LAYER":"BOT","ID":"C211C","COMPONENT":"Capacitor 220nF ","PART_VALUE":"220nF","FINGER":"b171456f7ec2c74d3ef024eade39742a"},
{"LAYER":"BOT","ID":"R141","COMPONENT":"Resistor 1kΩ ","PART_VALUE":"1kΩ","FINGER":"b193f93948ca368d75dedecd45289c85"},
{"LAYER":"BOT","ID":"E377C","COMPONENT":"Capacitor 22pF ","PART_VALUE":"22pF","FINGER":"b19d9fa6f9c59ccb4e59009eb65400ce"},
{"LAYER":"BOT","ID":"E281R","COMPONENT":"FB 100 ","PART_VALUE":"100","FINGER":"b205b7bdae74b88ea48c653e269275b6"},
{"LAYER":"BOT","ID":"C12A","COMPONENT":"Capacitor 220nF ","PART_VALUE":"220nF","FINGER":"b249957663f5590971b9397b3b769198"},
{"LAYER":"BOT","ID":"E367C","COMPONENT":"Capacitor 6800pF ","PART_VALUE":"6800pF","FINGER":"b26278bb23f49efe22785e5ead62454b"},
{"LAYER":"TOP","ID":"FB133","COMPONENT":"FB ","PART_VALUE":"FB","FINGER":"b2d88603f818bd251b10f52d09fb646a"},
{"LAYER":"BOT","ID":"C5B","COMPONENT":"Capacitor 47nF ","PART_VALUE":"47nF","FINGER":"b2d9e319dbb53ae02619eb1aabeb459e"},
{"LAYER":"BOT","ID":"R283","COMPONENT":"Resistor 75Ω ","PART_VALUE":"75Ω","FINGER":"b361c8b41591201bfa47c3611d69853a"},
{"LAYER":"BOT","ID":"R763A","COMPONENT":"Resistor 4.7kΩ ","PART_VALUE":"4.7kΩ","FINGER":"b38b3c9b3481b98f02d86aa8ab5c5f00"},
{"LAYER":"TOP","ID":"C892","COMPONENT":"Electrolytic 47µF ","PART_VALUE":"47µF","FINGER":"b3bc06bba091cba3f440e6ab4103124a"},
{"LAYER":"BOT","ID":"R231A","COMPONENT":"Resistor 49.9Ω ","PART_VALUE":"49.9Ω","FINGER":"b55aabb86a8e27cc657e51dea17192f7"},
{"LAYER":"BOT","ID":"R643","COMPONENT":"Resistor 1kΩ ","PART_VALUE":"1kΩ","FINGER":"b5ba1eb940939162040bab20ca1a5063"},
{"LAYER":"BOT","ID":"C211B","COMPONENT":"Capacitor 220nF ","PART_VALUE":"220nF","FINGER":"b5dea3643ddeb2e6fe496cba394101ee"},
{"LAYER":"BOT","ID":"R225","COMPONENT":"Resistor 0\/*Ω ","PART_VALUE":"0\/*Ω","FINGER":"b5e9d80c8ccb3d1e85110c5e197b90a6"},
{"LAYER":"TOP","ID":"R348","COMPONENT":"Resistor 4.7kΩ ","PART_VALUE":"4.7kΩ","FINGER":"b6592fe2f4a6b944b59276da585f2c4d"},
{"LAYER":"TOP","ID":"R252","COMPONENT":"Resistor 4.7kΩ ","PART_VALUE":"4.7kΩ","FINGER":"b77512edc16c8dc6050abd79ba9deaae"},
{"LAYER":"TOP","ID":"E321R","COMPONENT":"FB 1K ","PART_VALUE":"1K","FINGER":"b835765e32a38bb4925dfb1198ae6b1c"},
{"LAYER":"TOP","ID":"E121R","COMPONENT":"Resistor 27Ω ","PART_VALUE":"27Ω","FINGER":"b8b664b1312017b766a66ef431c4fb1f"},
{"LAYER":"BOT","ID":"E621C","COMPONENT":"Capacitor 100pF ","PART_VALUE":"100pF","FINGER":"b8c478cac909dad47a54fb79a552d271"},
{"LAYER":"TOP","ID":"D32","COMPONENT":"Diode 1N4001 ","PART_VALUE":"1N4001","FINGER":"b9651f9e79c361341ba2434cf326270d"},
{"LAYER":"TOP","ID":"R263G","COMPONENT":"Resistor 68Ω ","PART_VALUE":"68Ω","FINGER":"b99f76e3e405bd5872e51ad301cf6cdf"},
{"LAYER":"TOP","ID":"Q632","COMPONENT":"PNP 2N3906 ","PART_VALUE":"2N3906","FINGER":"badc077aea5794c3d60ede8d162e923d"},
{"LAYER":"BOT","ID":"R370D","COMPONENT":"Resistor 4.7kΩ ","PART_VALUE":"4.7kΩ","FINGER":"bae94700cf79fd65bd3446beab0795fe"},
{"LAYER":"TOP","ID":"Q356","COMPONENT":"MOSFET MMBF170L ","PART_VALUE":"MMBF170L","FINGER":"baff37e394aa3d827ca3edddfb5fd385"},
{"LAYER":"BOT","ID":"R856","COMPONENT":"Resistor 100kΩ ","PART_VALUE":"100kΩ","FINGER":"bc3427bf1c057e5a364258e2ff3b8e6d"},
{"LAYER":"TOP","ID":"E133C","COMPONENT":"Capacitor * ","PART_VALUE":"*","FINGER":"bccc19913721539cf36c976b100276e3"},
{"LAYER":"TOP","ID":"U37","COMPONENT":"IC null ","PART_VALUE":"null","FINGER":"bd1adae342d05cc9532351ddec7cf1c2"},
{"LAYER":"TOP","ID":"C854A","COMPONENT":"Electrolytic * ","PART_VALUE":"*","FINGER":"bd3fa4547e612b42d0b8cb6e2eaa2413"},
{"LAYER":"TOP","ID":"LF1A","COMPONENT":"FB ","PART_VALUE":"FB","FINGER":"bdad1dc1d04b7f448c15c6fd4a9f9eb8"},
{"LAYER":"TOP","ID":"D643","COMPONENT":"Diode 1N4001 ","PART_VALUE":"1N4001","FINGER":"bebc964944dd20130df8003d4a0b5482"},
{"LAYER":"TOP","ID":"C891","COMPONENT":"Electrolytic 47µF ","PART_VALUE":"47µF","FINGER":"bf493cb25d4f30be904d72fdd0e86ccc"},
{"LAYER":"BOT","ID":"E353R","COMPONENT":"FB 1K ","PART_VALUE":"1K","FINGER":"c001871660e2f65d14d8c9026587d7ed"},
{"LAYER":"TOP","ID":"C791","COMPONENT":"Electrolytic 10µF ","PART_VALUE":"10µF","FINGER":"c0235bed6cc148cc113f103b2e4447d9"},
{"LAYER":"BOT","ID":"R231C","COMPONENT":"Resistor 49.9Ω ","PART_VALUE":"49.9Ω","FINGER":"c0fafeaccd18104148af146459997051"},
{"LAYER":"BOT","ID":"C36","COMPONENT":"Capacitor 220nF ","PART_VALUE":"220nF","FINGER":"c114aa641f2166b3070ccf4a634c122c"},
{"LAYER":"TOP","ID":"R216","COMPONENT":"Resistor 15Ω ","PART_VALUE":"15Ω","FINGER":"c11cc84009d026e106f70864ddea4d8b"},
{"LAYER":"TOP","ID":"R776","COMPONENT":"Resistor 18kΩ ","PART_VALUE":"18kΩ","FINGER":"c1a72d52e7076cf3b47f4511a0ea1eca"},
{"LAYER":"BOT","ID":"E357R","COMPONENT":"FB 1K ","PART_VALUE":"1K","FINGER":"c1cf18fb9b2ce465c6d886748caa81cb"},
{"LAYER":"BOT","ID":"R763F","COMPONENT":"Resistor 4.7kΩ ","PART_VALUE":"4.7kΩ","FINGER":"c267136aed599c7c1c92592f383dee0f"},
{"LAYER":"BOT","ID":"E621R","COMPONENT":"Resistor 68Ω ","PART_VALUE":"68Ω","FINGER":"c2e900f7222abe391fc9ce42185568bf"},
{"LAYER":"BOT","ID":"R349","COMPONENT":"Resistor 33kΩ ","PART_VALUE":"33kΩ","FINGER":"c34c02ec5a345c031c8eae2755a4e49e"},
{"LAYER":"BOT","ID":"R644","COMPONENT":"Resistor 1kΩ ","PART_VALUE":"1kΩ","FINGER":"c4802aefc87c5a7ec7329d5b9767770b"},
{"LAYER":"BOT","ID":"E627C","COMPONENT":"Capacitor 100pF ","PART_VALUE":"100pF","FINGER":"c4cb2647ab57eda2e0fe043a46556967"},
{"LAYER":"TOP","ID":"D215","COMPONENT":"ZENER 1.2V ","PART_VALUE":"1.2V","FINGER":"c5e8423e386a0ebb34ccc635e1dc1564"},
{"LAYER":"BOT","ID":"E358C","COMPONENT":"Capacitor 6800pF ","PART_VALUE":"6800pF","FINGER":"c68523f2a18bd0ac85e592abc228dc54"},
{"LAYER":"BOT","ID":"R115","COMPONENT":"Resistor 27Ω ","PART_VALUE":"27Ω","FINGER":"c6d60f364526576bbf9b24a701b1efaa"},
{"LAYER":"BOT","ID":"C19A","COMPONENT":"Capacitor 220nF ","PART_VALUE":"220nF","FINGER":"c72dbf05261faa34854aae99164a8b28"},
{"LAYER":"BOT","ID":"E627R","COMPONENT":"FB 1K ","PART_VALUE":"1K","FINGER":"c73bce6358b5a6d94574ae2e6c169007"},
{"LAYER":"BOT","ID":"R755","COMPONENT":"Resistor 47kΩ ","PART_VALUE":"47kΩ","FINGER":"c751e1e507df2c1f036d270714e15f98"},
{"LAYER":"BOT","ID":"E112C","COMPONENT":"Capacitor 22pF ","PART_VALUE":"22pF","FINGER":"c78727719df103ade6f47216e41a82e0"},
{"LAYER":"TOP","ID":"C801","COMPONENT":"Capacitor 10nF ","PART_VALUE":"10nF","FINGER":"c849267ab4c691c1efa349aefad721cd"},
{"LAYER":"TOP","ID":"R155","COMPONENT":"Resistor 47Ω ","PART_VALUE":"47Ω","FINGER":"c85fc2188c0933c2070ee0f68c6469dc"},
{"LAYER":"TOP","ID":"R261D","COMPONENT":"Resistor 68Ω ","PART_VALUE":"68Ω","FINGER":"c8fd254c70c0fdf3f008fd2f1e988ac9"},
{"LAYER":"TOP","ID":"R786","COMPONENT":"Resistor 18kΩ ","PART_VALUE":"18kΩ","FINGER":"c914754b0ce3d2cf92d3c05fa96ab3a9"},
{"LAYER":"TOP","ID":"U19","COMPONENT":"IC null ","PART_VALUE":"null","FINGER":"c9d98a495a1d91578b1cdf1cf46565bd"},
{"LAYER":"BOT","ID":"R753","COMPONENT":"Resistor 47kΩ ","PART_VALUE":"47kΩ","FINGER":"cb2d351d07c4ac6df489da69960b76a5"},
{"LAYER":"BOT","ID":"C30A","COMPONENT":"Capacitor 47nF ","PART_VALUE":"47nF","FINGER":"cbc3f2ff59b5d8f92e73353f3eb7dc2c"},
{"LAYER":"TOP","ID":"LF1C","COMPONENT":"FB ","PART_VALUE":"FB","FINGER":"cbd4fc0299e6297f684788c243bdf283"},
{"LAYER":"TOP","ID":"E751C","COMPONENT":"Capacitor * ","PART_VALUE":"*","FINGER":"cbfd8b1e664fcc355bd9665e81818874"},
{"LAYER":"TOP","ID":"X2B","COMPONENT":"PIN ","PART_VALUE":"PIN","FINGER":"cd5ef2e6b3abd47ffd5c75e64dc2de87"},
{"LAYER":"BOT","ID":"C312","COMPONENT":"Capacitor 47nF ","PART_VALUE":"47nF","FINGER":"cdd9fecc03eb1dfa12e04ce035117a53"},
{"LAYER":"TOP","ID":"FB402B","COMPONENT":"FB ","PART_VALUE":"FB","FINGER":"cddbc993eea498d59bb3b685dbdbc096"},
{"LAYER":"TOP","ID":"R284","COMPONENT":"Resistor 100Ω ","PART_VALUE":"100Ω","FINGER":"ce238b54bce3deaf5e342c7cf390ce9a"},
{"LAYER":"TOP","ID":"C811","COMPONENT":"Electrolytic 1000µF ","PART_VALUE":"1000µF","FINGER":"cef198e6c0536ee3aec1a51721afb299"},
{"LAYER":"BOT","ID":"R327","COMPONENT":"Resistor 82kΩ ","PART_VALUE":"82kΩ","FINGER":"cfdcf5839fa2b921d5477e1ddc1a6b6f"},
{"LAYER":"BOT","ID":"R303","COMPONENT":"Resistor 1.02kΩ ","PART_VALUE":"1.02kΩ","FINGER":"cffcb6e123d640fe0c221dc421c92a9a"},
{"LAYER":"TOP","ID":"R954E","COMPONENT":"Resistor 1kΩ ","PART_VALUE":"1kΩ","FINGER":"d0d95b3fcb7b29c96f6e79ec76f6642a"},
{"LAYER":"TOP","ID":"E129R","COMPONENT":"Resistor 27Ω ","PART_VALUE":"27Ω","FINGER":"d1394a053ccca4179d0351d4147398d9"},
{"LAYER":"TOP","ID":"U49","COMPONENT":"IC RH5VA43A ","PART_VALUE":"RH5VA43A","FINGER":"d1f7aaa51f683dadacbc7e1d65528fea"},
{"LAYER":"BOT","ID":"R246","COMPONENT":"JUMP-RES 2.7K\/* ","PART_VALUE":"2.7K\/*","FINGER":"d1fa9b195523d1068c5b81ee0125eef3"},
{"LAYER":"BOT","ID":"C22","COMPONENT":"Capacitor 220nF ","PART_VALUE":"220nF","FINGER":"d2f45384911dea44f93d05defbba086e"},
{"LAYER":"BOT","ID":"R861","COMPONENT":"Resistor 8.2kΩ ","PART_VALUE":"8.2kΩ","FINGER":"d2f93eaceba945600a987dcf937eabdb"},
{"LAYER":"TOP","ID":"R951E","COMPONENT":"Resistor 4.7kΩ ","PART_VALUE":"4.7kΩ","FINGER":"d334b78afd1aa64d45f08450a5bb5824"},
{"LAYER":"TOP","ID":"FB750","COMPONENT":"FB ","PART_VALUE":"FB","FINGER":"d34a6f206b2e29d5084556c837157ece"},
{"LAYER":"TOP","ID":"D215A","COMPONENT":"PIN ","PART_VALUE":"PIN","FINGER":"d36cc2443a8dcc4c61ee6d395b95ca01"},
{"LAYER":"TOP","ID":"R152C","COMPONENT":"Resistor 68Ω ","PART_VALUE":"68Ω","FINGER":"d374c3029565346b549ce39d10dfe0eb"},
{"LAYER":"BOT","ID":"E134R","COMPONENT":"Resistor 68Ω ","PART_VALUE":"68Ω","FINGER":"d397aea2abb73bd07786fe1423e54d91"},
{"LAYER":"TOP","ID":"U30","COMPONENT":"IC BT101 ","PART_VALUE":"BT101","FINGER":"d5023c56ac850ec937b9a90022bd31f0"},
{"LAYER":"TOP","ID":"C855","COMPONENT":"Electrolytic 4.7µF ","PART_VALUE":"4.7µF","FINGER":"d51fb579e42c900d9fcfb83b8ce60a41"},
{"LAYER":"BOT","ID":"R802","COMPONENT":"Resistor 0Ω ","PART_VALUE":"0Ω","FINGER":"d586f639394e7c1b948cc09c79821ac8"},
{"LAYER":"BOT","ID":"R231B","COMPONENT":"Resistor 49.9Ω ","PART_VALUE":"49.9Ω","FINGER":"d5e6fad91ab05aea73d2ea2ff57b9c98"},
{"LAYER":"BOT","ID":"R142","COMPONENT":"Resistor 1kΩ ","PART_VALUE":"1kΩ","FINGER":"d60d12e357ff2274c2e15194b2a06bea"},
{"LAYER":"BOT","ID":"R152F","COMPONENT":"Resistor 68Ω ","PART_VALUE":"68Ω","FINGER":"d70f2a682b87b294037f871d8f6b98bd"},
{"LAYER":"TOP","ID":"R951G","COMPONENT":"Resistor 4.7kΩ ","PART_VALUE":"4.7kΩ","FINGER":"d86a85169a74543afaa80f5d080a45fc"},
{"LAYER":"TOP","ID":"E753C","COMPONENT":"Capacitor * ","PART_VALUE":"*","FINGER":"d94f494c70e2bb3c00d9559d6232110f"},
{"LAYER":"TOP","ID":"Q281","COMPONENT":"NPN 2N3904 ","PART_VALUE":"2N3904","FINGER":"d9d34fbca2199e240cb05251a6fa34bc"},
{"LAYER":"TOP","ID":"R282","COMPONENT":"Resistor 100Ω ","PART_VALUE":"100Ω","FINGER":"dac4189db1a7e2fc194f3650fd9f6a94"},
{"LAYER":"BOT","ID":"R114","COMPONENT":"Resistor 27Ω ","PART_VALUE":"27Ω","FINGER":"dbe6e14d156cbe4de5259da2ee48d147"},
{"LAYER":"TOP","ID":"U38A","COMPONENT":"IC null ","PART_VALUE":"null","FINGER":"dc1724c89c6c84d67573d5da47935375"},
{"LAYER":"TOP","ID":"XU1","COMPONENT":"74F125 ","PART_VALUE":"74F125","FINGER":"ddfc5197d90f855178c32204717e51fe"},
{"LAYER":"TOP","ID":"E321C","COMPONENT":"Capacitor 6800pF ","PART_VALUE":"6800pF","FINGER":"de3960c89a576ef781bdec5f1fa8fe32"},
{"LAYER":"TOP","ID":"CN14","COMPONENT":"10-PIN SIL ","PART_VALUE":"SIL","FINGER":"de664d6830aec5deff43b0f1283d6b23"},
{"LAYER":"TOP","ID":"E752R","COMPONENT":"Resistor 68Ω ","PART_VALUE":"68Ω","FINGER":"df220db13b52a1a5b514c8eabba6987c"},
{"LAYER":"BOT","ID":"E625R","COMPONENT":"FB 1K ","PART_VALUE":"1K","FINGER":"df8edc0c8319aa3441d8f87400528eca"},
{"LAYER":"BOT","ID":"R762","COMPONENT":"Resistor 10kΩ ","PART_VALUE":"10kΩ","FINGER":"e144115f5d1c4c22bea1ffdc9afedb40"},
{"LAYER":"TOP","ID":"C890","COMPONENT":"Electrolytic 100µF ","PART_VALUE":"100µF","FINGER":"e1b8633b945c1019b7108f7678486483"},
{"LAYER":"BOT","ID":"R262F","COMPONENT":"Resistor 68Ω ","PART_VALUE":"68Ω","FINGER":"e1c5076d751362e18014951875650c54"},
{"LAYER":"TOP","ID":"R203","COMPONENT":"JUMP-RES 0\/* ","PART_VALUE":"0\/*","FINGER":"e23f0e9f52e3e6ce761a41d21ac30223"},
{"LAYER":"BOT","ID":"E364R","COMPONENT":"FB 1K ","PART_VALUE":"1K","FINGER":"e245b87595a46ebd892dd87b449d6cb3"},
{"LAYER":"BOT","ID":"E762R","COMPONENT":"Resistor 68Ω ","PART_VALUE":"68Ω","FINGER":"e272cc06d63c805c863d7dd9a97e55e7"},
{"LAYER":"TOP","ID":"Y451","COMPONENT":"Crystal 4.33619MHz ","PART_VALUE":"4.33619MHz","FINGER":"e28ec1cde2983e1b0b319ee77b1a9118"},
{"LAYER":"BOT","ID":"R319","COMPONENT":"Resistor 1kΩ ","PART_VALUE":"1kΩ","FINGER":"e2c5b96cedddc9d41067f2afadac6417"},
{"LAYER":"TOP","ID":"U22","COMPONENT":"IC 4066 ","PART_VALUE":"4066","FINGER":"e3314d77a4a502d974dfb2b3a4114053"},
{"LAYER":"BOT","ID":"R954F","COMPONENT":"Resistor 4.7kΩ ","PART_VALUE":"4.7kΩ","FINGER":"e34d064dc032b0df20f8f02336fee1fa"},
{"LAYER":"TOP","ID":"R151J","COMPONENT":"Resistor 68Ω ","PART_VALUE":"68Ω","FINGER":"e376a3d724e6286467bc893db8874d2c"},
{"LAYER":"TOP","ID":"R263C","COMPONENT":"Resistor 68Ω ","PART_VALUE":"68Ω","FINGER":"e4349cc59330ed8e6315f13cca8c6658"},
{"LAYER":"BOT","ID":"R355","COMPONENT":"Resistor 10MΩ ","PART_VALUE":"10MΩ","FINGER":"e4df1df89bed7dd5a706a41b9d6356d3"},
{"LAYER":"BOT","ID":"R639","COMPONENT":"Resistor 180Ω ","PART_VALUE":"180Ω","FINGER":"e4e9d05ddb1ae6717a04f262df9fae74"},
{"LAYER":"BOT","ID":"E642C","COMPONENT":"Capacitor 100pF ","PART_VALUE":"100pF","FINGER":"e50b6b5b761f1ad123d5ebcfffb7e87b"},
{"LAYER":"BOT","ID":"C30C","COMPONENT":"Capacitor 470nF ","PART_VALUE":"470nF","FINGER":"e51ed3b3b5ce30aa35056365b3d97389"},
{"LAYER":"BOT","ID":"R893","COMPONENT":"Resistor *Ω ","PART_VALUE":"*Ω","FINGER":"e55fccb38f96cee85a6faf1469c30399"},
{"LAYER":"BOT","ID":"R151E","COMPONENT":"Resistor 68Ω ","PART_VALUE":"68Ω","FINGER":"e58622b2fd66ea884c6a6968c6ba49ad"},
{"LAYER":"TOP","ID":"C38A","COMPONENT":"Capacitor 220nF ","PART_VALUE":"220nF","FINGER":"e60787e2e8685d0c8e8883e566aa77ad"},
{"LAYER":"TOP","ID":"R263B","COMPONENT":"Resistor 68Ω ","PART_VALUE":"68Ω","FINGER":"e6538f3457149cd835f830ca44405865"},
{"LAYER":"TOP","ID":"E231R","COMPONENT":"FB 100 ","PART_VALUE":"100","FINGER":"e6750522860b0530d84f84b8219bfcea"},
{"LAYER":"TOP","ID":"Q282","COMPONENT":"NPN 2N3904 ","PART_VALUE":"2N3904","FINGER":"e6e8e495c1d2ffab5903240ff0352bac"},
{"LAYER":"BOT","ID":"R767","COMPONENT":"Resistor 6.8kΩ ","PART_VALUE":"6.8kΩ","FINGER":"e7780fd07bbe1540477c265db6601abc"},
{"LAYER":"TOP","ID":"C237","COMPONENT":"Electrolytic 100µF ","PART_VALUE":"100µF","FINGER":"e7c049b751e74eeb56ed2c45769925ad"},
{"LAYER":"TOP","ID":"E123C","COMPONENT":"Capacitor * ","PART_VALUE":"*","FINGER":"e82f9130da80e6b2a68ddb4e9e54798e"},
{"LAYER":"TOP","ID":"C303","COMPONENT":"Electrolytic 470µF ","PART_VALUE":"470µF","FINGER":"e856021439047f7e7cd6c191580518fa"},
{"LAYER":"BOT","ID":"E644C","COMPONENT":"Capacitor 22pF ","PART_VALUE":"22pF","FINGER":"e8d32b154282f7d9c7c2ee047641d4ea"},
{"LAYER":"TOP","ID":"R202","COMPONENT":"Resistor 4.7kΩ ","PART_VALUE":"4.7kΩ","FINGER":"e8f49b96999aecafb566ee929cb67714"},
{"LAYER":"BOT","ID":"R954A","COMPONENT":"Resistor 1kΩ ","PART_VALUE":"1kΩ","FINGER":"e964108743b43be5892ed621bc0e48e5"},
{"LAYER":"TOP","ID":"C235","COMPONENT":"Electrolytic 47µF ","PART_VALUE":"47µF","FINGER":"ebae493f3f1342bdbe4023611740eb02"},
{"LAYER":"BOT","ID":"E366C","COMPONENT":"Capacitor 6800pF ","PART_VALUE":"6800pF","FINGER":"ec148005451d754d7989395fb061d311"},
{"LAYER":"BOT","ID":"R863","COMPONENT":"Resistor 1kΩ ","PART_VALUE":"1kΩ","FINGER":"ec2b384e7c2a1c95f2b82b58cbcff00e"},
{"LAYER":"BOT","ID":"E282R","COMPONENT":"FB 100 ","PART_VALUE":"100","FINGER":"ec695e2a9f5d557bc618a32af710d847"},
{"LAYER":"TOP","ID":"FB623","COMPONENT":"FB ","PART_VALUE":"FB","FINGER":"ec8b6372c015dfca1a49e0872f593286"},
{"LAYER":"TOP","ID":"R262E","COMPONENT":"Resistor 68Ω ","PART_VALUE":"68Ω","FINGER":"ecac28b828504c2722a33fed86f97ca9"},
{"LAYER":"TOP","ID":"Q766","COMPONENT":"NPN 2N3904 ","PART_VALUE":"2N3904","FINGER":"ecf909fabe81150d1899873aa04bf3c4"},
{"LAYER":"TOP","ID":"C281","COMPONENT":"Electrolytic 100µF ","PART_VALUE":"100µF","FINGER":"ed5a193fc78b952338ac8b109b88c7af"},
{"LAYER":"BOT","ID":"R954C","COMPONENT":"Resistor 1kΩ ","PART_VALUE":"1kΩ","FINGER":"ed6ee0d3c4a537e23e465eb08ad28d92"},
{"LAYER":"BOT","ID":"R262A","COMPONENT":"Resistor 68Ω ","PART_VALUE":"68Ω","FINGER":"edb42ff29fde9b808620a29339d270ab"},
{"LAYER":"BOT","ID":"E357C","COMPONENT":"Capacitor 6800pF ","PART_VALUE":"6800pF","FINGER":"edca6ceaa40370ea03f993586164e983"},
{"LAYER":"TOP","ID":"FB131","COMPONENT":"FB ","PART_VALUE":"FB","FINGER":"edd096bab82805df53da201bc15edfcb"},
{"LAYER":"TOP","ID":"Q752","COMPONENT":"NPN 2N3904 ","PART_VALUE":"2N3904","FINGER":"ee383ecddc5c9734996f47c3fa48b390"},
{"LAYER":"BOT","ID":"E622R","COMPONENT":"FB 1K ","PART_VALUE":"1K","FINGER":"ee587fbd12d91aefac9a7e4ca627aa25"},
{"LAYER":"TOP","ID":"TP2","COMPONENT":"10-PIN SIL ","PART_VALUE":"SIL","FINGER":"ee949e225af6b7d496dff093d30f1db0"},
{"LAYER":"BOT","ID":"C800","COMPONENT":"Capacitor 10nF ","PART_VALUE":"10nF","FINGER":"ef4a0e3865d48110c9b8d51598e2c176"},
{"LAYER":"TOP","ID":"XC1","COMPONENT":"Capacitor 220nF ","PART_VALUE":"220nF","FINGER":"efc1a3e5eb2529aa20c3f2d6f93c7ab7"},
{"LAYER":"TOP","ID":"E331C","COMPONENT":"Capacitor 6800pF ","PART_VALUE":"6800pF","FINGER":"efc2fbefcdea049e83accd371dcec8f7"},
{"LAYER":"TOP","ID":"R102","COMPONENT":"Resistor 1kΩ ","PART_VALUE":"1kΩ","FINGER":"f036462a88e051f1140b1ebe09c5d2e2"},
{"LAYER":"BOT","ID":"E622C","COMPONENT":"Capacitor 100pF ","PART_VALUE":"100pF","FINGER":"f0e60d6c95bf36522f538fa360d875ef"},
{"LAYER":"BOT","ID":"R244","COMPONENT":"Resistor 1kΩ ","PART_VALUE":"1kΩ","FINGER":"f1b0c129bdbd5f9d20946a1ee1bb85ef"},
{"LAYER":"BOT","ID":"R261A","COMPONENT":"Resistor 68Ω ","PART_VALUE":"68Ω","FINGER":"f1e5331c4c5a07d0e6d5c3e0d3f59d1e"},
{"LAYER":"TOP","ID":"XD2","COMPONENT":"Diode 1N4001 ","PART_VALUE":"1N4001","FINGER":"f221af37bfdafb172dff2839e4551750"},
{"LAYER":"BOT","ID":"R763B","COMPONENT":"Resistor 4.7kΩ ","PART_VALUE":"4.7kΩ","FINGER":"f259c2ab76a44f75b08859e3bfdb35cc"},
{"LAYER":"TOP","ID":"C362","COMPONENT":"Capacitor 220nF ","PART_VALUE":"220nF","FINGER":"f2f8c83865d7a5c9ebd416c5b0f46d21"},
{"LAYER":"TOP","ID":"D641","COMPONENT":"Diode 1N4001 ","PART_VALUE":"1N4001","FINGER":"f433bf8c9884a1c7c4580a5d889dcc29"},
{"LAYER":"BOT","ID":"C802","COMPONENT":"Capacitor 10nF ","PART_VALUE":"10nF","FINGER":"f46701a045a4a87419deb7390bab443c"},
{"LAYER":"BOT","ID":"C6A","COMPONENT":"Capacitor 220nF ","PART_VALUE":"220nF","FINGER":"f467dde53585fe8f8ef2393ea84fc7e0"},
{"LAYER":"BOT","ID":"R156","COMPONENT":"Resistor 47Ω ","PART_VALUE":"47Ω","FINGER":"f47335bbbf79fb3a65b56855376b0674"},
{"LAYER":"TOP","ID":"Q366","COMPONENT":"MOSFET MMBF170L ","PART_VALUE":"MMBF170L","FINGER":"f5120473d811ab1716908fc841bf9c18"},
{"LAYER":"TOP","ID":"Q201","COMPONENT":"NPN 2N3904 ","PART_VALUE":"2N3904","FINGER":"f6373ac1fa56abbdcdfcae253769daec"},
{"LAYER":"BOT","ID":"C245","COMPONENT":"Capacitor 56pF ","PART_VALUE":"56pF","FINGER":"f735dde6691053f5bc1e14a5bafa6bcc"},
{"LAYER":"BOT","ID":"R151B","COMPONENT":"Resistor 68Ω ","PART_VALUE":"68Ω","FINGER":"f8966f37ed40ab3fe4ec63f5d07fda6c"},
{"LAYER":"TOP","ID":"CN10","COMPONENT":"RCA JACK ","PART_VALUE":"JACK","FINGER":"f957616bbba2cd652529df0839fc5600"},
{"LAYER":"BOT","ID":"C305","COMPONENT":"Capacitor 220nF ","PART_VALUE":"220nF","FINGER":"f9749739980d59aebf73bb300a795b96"},
{"LAYER":"TOP","ID":"C750","COMPONENT":"Capacitor 220nF ","PART_VALUE":"220nF","FINGER":"f9812bbf0b624b2fa38ea5bb74e83f0d"},
{"LAYER":"TOP","ID":"XU2","COMPONENT":"7805 ","PART_VALUE":"7805","FINGER":"f9a5b2171e690fb92da72581b7976f5a"},
{"LAYER":"TOP","ID":"R459","COMPONENT":"Resistor 27kΩ ","PART_VALUE":"27kΩ","FINGER":"f9ad4788d1f4dca26b604dd5c77ebbeb"},
{"LAYER":"TOP","ID":"C787","COMPONENT":"Electrolytic 4.7µF ","PART_VALUE":"4.7µF","FINGER":"fb284accd8faa26eb6644ee79483554b"},
{"LAYER":"BOT","ID":"R954D","COMPONENT":"Resistor 1kΩ ","PART_VALUE":"1kΩ","FINGER":"fc15c8e8385c6e04dad9058784f2678d"},
{"LAYER":"BOT","ID":"C12B","COMPONENT":"Capacitor 47nF ","PART_VALUE":"47nF","FINGER":"fc5f69227b4ca9fe438c14c3646dfb5e"},
{"LAYER":"TOP","ID":"C862","COMPONENT":"Electrolytic 22µF ","PART_VALUE":"22µF","FINGER":"fc83863922d3d3e2e70c922233317d11"},
{"LAYER":"TOP","ID":"FB641","COMPONENT":"FB ","PART_VALUE":"FB","FINGER":"fcfd3b2aa0b4bd064fa7e87789b1dd05"},
{"LAYER":"TOP","ID":"R334","COMPONENT":"Resistor 470Ω ","PART_VALUE":"470Ω","FINGER":"fd21bb11f11916086163639bb3cc2e50"},
{"LAYER":"BOT","ID":"R285","COMPONENT":"Resistor 68Ω ","PART_VALUE":"68Ω","FINGER":"fd6ef604370912baa814bb6820bb2dca"},
{"LAYER":"BOT","ID":"E643C","COMPONENT":"Capacitor 22pF ","PART_VALUE":"22pF","FINGER":"fdb8f73ab7836e26cbc4ec2ef38e4939"},
{"LAYER":"TOP","ID":"C9","COMPONENT":"Capacitor 47nF ","PART_VALUE":"47nF","FINGER":"fe635391b65bdf6275c6ab25758ba4e5"},
{"LAYER":"BOT","ID":"C244","COMPONENT":"Capacitor 10nF ","PART_VALUE":"10nF","FINGER":"ff5e8ebafd023e8496701f4715f21a0e"},
{"LAYER":"TOP","ID":"Q365","COMPONENT":"MOSFET MMBF170L ","PART_VALUE":"MMBF170L","FINGER":"ff8f2ca3b546341d9c29f71a713775d7"}
]
