[
{"LAYER":"TOP","ID":"R262H","COMPONENT":"Resistor 68Ω ","PART_VALUE":"68Ω","FINGER":"000302888ff1ff8d0dc90f1a386658a9"},
{"LAYER":"TOP","ID":"C781","COMPONENT":"Capacitor 1000pF ","PART_VALUE":"1000pF","FINGER":"00dbab4785b11345073d15188c8960d0"},
{"LAYER":"BOT","ID":"R337","COMPONENT":"Resistor 82kΩ ","PART_VALUE":"82kΩ","FINGER":"024a2e1bfb13bdc4b72f0679fac2d3b1"},
{"LAYER":"TOP","ID":"C890","COMPONENT":"Electrolytic 100µF ","PART_VALUE":"100µF","FINGER":"02a5313bbb940d47fad1572d5005f1fc"},
{"LAYER":"BOT","ID":"E641C","COMPONENT":"Capacitor 100pF ","PART_VALUE":"100pF","FINGER":"02bb66d530ba7631b812a2f297dcde9c"},
{"LAYER":"TOP","ID":"U38A","COMPONENT":"IC LM358 ","PART_VALUE":"LM358","FINGER":"02fe2030c36762a368bb518facddf64c"},
{"LAYER":"TOP","ID":"C771","COMPONENT":"Capacitor 1000pF ","PART_VALUE":"1000pF","FINGER":"03230bbfdd4f7fb76dac653cf4edbf17"},
{"LAYER":"TOP","ID":"R386B","COMPONENT":"Resistor 75Ω ","PART_VALUE":"75Ω","FINGER":"0338fb3048a25871bdeb4a2cc4539a4e"},
{"LAYER":"BOT","ID":"E355R","COMPONENT":"FB 1K ","PART_VALUE":"1K","FINGER":"035a9cf1e6a44691cec97b990fa8befc"},
{"LAYER":"BOT","ID":"E232C","COMPONENT":"Capacitor 100nF ","PART_VALUE":"100nF","FINGER":"042c6c8a6c5f155a46f38956c08934cb"},
{"LAYER":"BOT","ID":"R763C","COMPONENT":"Resistor 4.7kΩ ","PART_VALUE":"4.7kΩ","FINGER":"04342a5f5c86f7eb24357f6d94502503"},
{"LAYER":"TOP","ID":"U15B","COMPONENT":"IC null ","PART_VALUE":"null","FINGER":"0468e54d818535065b43aba7ff0e0c31"},
{"LAYER":"TOP","ID":"C804","COMPONENT":"Capacitor 220nF ","PART_VALUE":"220nF","FINGER":"04e10346d80ba321666ce308bd818674"},
{"LAYER":"BOT","ID":"R222","COMPONENT":"Resistor 1kΩ ","PART_VALUE":"1kΩ","FINGER":"0527b18f119d20756c298088357452f4"},
{"LAYER":"TOP","ID":"C9","COMPONENT":"Capacitor 47nF ","PART_VALUE":"47nF","FINGER":"05a225049b1ac2d339c09c953641d1fa"},
{"LAYER":"BOT","ID":"R856","COMPONENT":"Resistor 100kΩ ","PART_VALUE":"100kΩ","FINGER":"05cf3d30e4bfb23905529bc0108ea149"},
{"LAYER":"BOT","ID":"R951A","COMPONENT":"Resistor 1kΩ ","PART_VALUE":"1kΩ","FINGER":"062a85381fbde81b11ee1b672cdd6621"},
{"LAYER":"TOP","ID":"E232R","COMPONENT":"Resistor 4.7Ω ","PART_VALUE":"4.7Ω","FINGER":"06d4e6a52cf560fd5a0d251d6f0b6f0a"},
{"LAYER":"TOP","ID":"C792","COMPONENT":"Electrolytic 10µF ","PART_VALUE":"10µF","FINGER":"06f86acfbaf3dca36fdad0f3ed1ae3f3"},
{"LAYER":"BOT","ID":"R239D","COMPONENT":"Resistor 68Ω ","PART_VALUE":"68Ω","FINGER":"06fd54a3155380980c4443d854ddb517"},
{"LAYER":"TOP","ID":"L241","COMPONENT":"INDUCTOR 1.2µH ","PART_VALUE":"1.2µH","FINGER":"075d9fa692144319bf053b1033eccaf0"},
{"LAYER":"TOP","ID":"C862","COMPONENT":"Electrolytic 22µF ","PART_VALUE":"22µF","FINGER":"079b2e7a40ff17573428304604bdea37"},
{"LAYER":"TOP","ID":"C235","COMPONENT":"Electrolytic 47µF ","PART_VALUE":"47µF","FINGER":"07b6e41bb24c8fabf672fe6b3a439450"},
{"LAYER":"TOP","ID":"FB750","COMPONENT":"FB ","PART_VALUE":"FB","FINGER":"07f3eba3e800f9f63f54bb5f6e0aadaa"},
{"LAYER":"TOP","ID":"R397","COMPONENT":"Resistor 4.7kΩ ","PART_VALUE":"4.7kΩ","FINGER":"092a563779ee70c158b6ae5df0789e50"},
{"LAYER":"BOT","ID":"R370E","COMPONENT":"Resistor 4.7kΩ ","PART_VALUE":"4.7kΩ","FINGER":"0982f0306add4a36eb5ca364fc1203eb"},
{"LAYER":"BOT","ID":"R778","COMPONENT":"Resistor 22kΩ ","PART_VALUE":"22kΩ","FINGER":"0a1c618b250ce099fdc11bb8aa941564"},
{"LAYER":"TOP","ID":"D32","COMPONENT":"Diode 1N4001 ","PART_VALUE":"1N4001","FINGER":"0bc90e69bd1ab852d401390c225e0764"},
{"LAYER":"BOT","ID":"R881","COMPONENT":"Resistor 1kΩ ","PART_VALUE":"1kΩ","FINGER":"0beace9994434498442a5b36950c0764"},
{"LAYER":"TOP","ID":"TP7","COMPONENT":"PIN ","PART_VALUE":"PIN","FINGER":"0c107b0d792e6de46010acb131fdda81"},
{"LAYER":"TOP","ID":"E287C","COMPONENT":"Capacitor 100pF ","PART_VALUE":"100pF","FINGER":"0c3decd3cbedc35f0ee897ed786f4904"},
{"LAYER":"BOT","ID":"E625C","COMPONENT":"Capacitor 100pF ","PART_VALUE":"100pF","FINGER":"0ce665545d6edd075b125134dc60c1ef"},
{"LAYER":"TOP","ID":"E133C","COMPONENT":"Capacitor * ","PART_VALUE":"*","FINGER":"0ce8101dde24100409187335d27c2683"},
{"LAYER":"BOT","ID":"C1C","COMPONENT":"Capacitor 220nF ","PART_VALUE":"220nF","FINGER":"0d306b85d30d0afc1968ed6e9f0e8d9b"},
{"LAYER":"TOP","ID":"TP0","COMPONENT":"PIN ","PART_VALUE":"PIN","FINGER":"0d57b569090ea3ca364b60578483c203"},
{"LAYER":"TOP","ID":"C459","COMPONENT":"Electrolytic 22µF ","PART_VALUE":"22µF","FINGER":"0e08dfc8fbbb7271c88075cba2b114f7"},
{"LAYER":"BOT","ID":"R286","COMPONENT":"Resistor 10kΩ ","PART_VALUE":"10kΩ","FINGER":"0e2260df910b62b359a1bf26f9d48275"},
{"LAYER":"TOP","ID":"U18","COMPONENT":"IC null ","PART_VALUE":"null","FINGER":"0e2d80fe004be27063bd7e5a8f3925ad"},
{"LAYER":"TOP","ID":"E356R","COMPONENT":"FB 1K ","PART_VALUE":"1K","FINGER":"0e54c02bf93009b938f12be4480a729f"},
{"LAYER":"TOP","ID":"C460","COMPONENT":"Capacitor 1000pF ","PART_VALUE":"1000pF","FINGER":"0e91500f88811251d1c9dfbad9c57644"},
{"LAYER":"TOP","ID":"C885","COMPONENT":"Electrolytic 47µF ","PART_VALUE":"47µF","FINGER":"0f891179929ddbd8309dd48ef5992ee8"},
{"LAYER":"TOP","ID":"C246","COMPONENT":"Capacitor 10nF ","PART_VALUE":"10nF","FINGER":"0fad71a4e80c5a17d13d83aa5319f877"},
{"LAYER":"BOT","ID":"R232B","COMPONENT":"Resistor 24.9Ω ","PART_VALUE":"24.9Ω","FINGER":"0fb257c1b8161ea498a7be26b7c8c6cf"},
{"LAYER":"BOT","ID":"E643C","COMPONENT":"Capacitor 22pF ","PART_VALUE":"22pF","FINGER":"10339c840ca7f5d73117810595ce2132"},
{"LAYER":"TOP","ID":"C236","COMPONENT":"Electrolytic 47µF ","PART_VALUE":"47µF","FINGER":"111c97b66735f5e94577ff60be610551"},
{"LAYER":"BOT","ID":"R954A","COMPONENT":"Resistor 1kΩ ","PART_VALUE":"1kΩ","FINGER":"117fc811c5205368249da2c349b20ae8"},
{"LAYER":"TOP","ID":"R775","COMPONENT":"Resistor 5.1kΩ ","PART_VALUE":"5.1kΩ","FINGER":"118116ddfe2b5c4ec52abbb8f4c62463"},
{"LAYER":"BOT","ID":"C25","COMPONENT":"Capacitor 47nF ","PART_VALUE":"47nF","FINGER":"12a25e2964368de725ede31946a71ab9"},
{"LAYER":"BOT","ID":"E132R","COMPONENT":"Resistor 68Ω ","PART_VALUE":"68Ω","FINGER":"12a5ba32a8b85374a7c7e04ae0de651b"},
{"LAYER":"BOT","ID":"R321","COMPONENT":"Resistor 330Ω ","PART_VALUE":"330Ω","FINGER":"12bd3be998ffcc4bc538e46365bb237d"},
{"LAYER":"TOP","ID":"R752","COMPONENT":"Resistor 4.7kΩ ","PART_VALUE":"4.7kΩ","FINGER":"1457102035687542470eebb076829c75"},
{"LAYER":"TOP","ID":"U38B","COMPONENT":"IC LF353 ","PART_VALUE":"LF353","FINGER":"1463e9828c256e5da81b30090cfd47e9"},
{"LAYER":"BOT","ID":"C31","COMPONENT":"Capacitor 470nF ","PART_VALUE":"470nF","FINGER":"157c9e34a20b4f007b3d7c39011bfce4"},
{"LAYER":"TOP","ID":"E374R","COMPONENT":"Resistor 68Ω ","PART_VALUE":"68Ω","FINGER":"159ec219b61f2c7cdf9923ebabb762e5"},
{"LAYER":"BOT","ID":"C12A","COMPONENT":"Capacitor 220nF ","PART_VALUE":"220nF","FINGER":"167c2d8b9e277c17e74f0fcba850a4f1"},
{"LAYER":"TOP","ID":"C407","COMPONENT":"Tantalum 10µF ","PART_VALUE":"10µF","FINGER":"16afaf9ddd52682669165f1dc7e57c77"},
{"LAYER":"TOP","ID":"X3","COMPONENT":"null ","PART_VALUE":"null","FINGER":"16ca3a82c1bc8a6b5f10e10adf47669b"},
{"LAYER":"TOP","ID":"D629","COMPONENT":"Diode 1N914 ","PART_VALUE":"1N914","FINGER":"1706244b7af61841a81bf71d79833cfb"},
{"LAYER":"BOT","ID":"C323","COMPONENT":"Capacitor 3900pF ","PART_VALUE":"3900pF","FINGER":"1762614ec95f0286f0e82016586908e1"},
{"LAYER":"TOP","ID":"E331C","COMPONENT":"Capacitor 6800pF ","PART_VALUE":"6800pF","FINGER":"1791c3ab2af07d7732f0656949bf9d2c"},
{"LAYER":"BOT","ID":"R767","COMPONENT":"Resistor 6.8kΩ ","PART_VALUE":"6.8kΩ","FINGER":"19045a7185f808b87a0228a4e5223db3"},
{"LAYER":"TOP","ID":"R348","COMPONENT":"Resistor 4.7kΩ ","PART_VALUE":"4.7kΩ","FINGER":"19cf31e2c6c22077f445a746e5e51b28"},
{"LAYER":"TOP","ID":"C215","COMPONENT":"Capacitor * ","PART_VALUE":"*","FINGER":"19f30b758215c0005c1240be03790a51"},
{"LAYER":"TOP","ID":"C214","COMPONENT":"Electrolytic 10µF ","PART_VALUE":"10µF","FINGER":"1a7099b5a96d5a43099cd19a84d6e70a"},
{"LAYER":"BOT","ID":"E626R","COMPONENT":"FB 1K ","PART_VALUE":"1K","FINGER":"1acbd9d5c09588d12deb8d9d6b759a02"},
{"LAYER":"TOP","ID":"C3","COMPONENT":"Capacitor 220nF ","PART_VALUE":"220nF","FINGER":"1b7ddd06d4edd74ce1fdb3daa4dd4f97"},
{"LAYER":"TOP","ID":"Q461","COMPONENT":"NPN 2N3904 ","PART_VALUE":"2N3904","FINGER":"1c06cf6db80f9c579f4611576fbfec36"},
{"LAYER":"BOT","ID":"E624C","COMPONENT":"Capacitor 100pF ","PART_VALUE":"100pF","FINGER":"1c5c0e4cdedf0b922049264ac056b920"},
{"LAYER":"BOT","ID":"C311","COMPONENT":"Capacitor 47nF ","PART_VALUE":"47nF","FINGER":"1c9f695297531e732a7a5ce48455a665"},
{"LAYER":"TOP","ID":"Q633","COMPONENT":"PNP 2N3906 ","PART_VALUE":"2N3906","FINGER":"1d0c229f9ecc4ddfc0d3c77649adba9d"},
{"LAYER":"TOP","ID":"R352","COMPONENT":"Resistor 4.7Ω ","PART_VALUE":"4.7Ω","FINGER":"1d36ae2a84ea4dd9e5e9225ee1c7b3de"},
{"LAYER":"TOP","ID":"E125R","COMPONENT":"Resistor 27\/68Ω ","PART_VALUE":"27\/68Ω","FINGER":"1d42b6cd2b84967e3e918e49de166750"},
{"LAYER":"TOP","ID":"U39","COMPONENT":"IC CXA1553 ","PART_VALUE":"CXA1553","FINGER":"1e2f4aa8c3be4ba442119a183265bd8b"},
{"LAYER":"BOT","ID":"C22","COMPONENT":"Capacitor 220nF ","PART_VALUE":"220nF","FINGER":"1e53734f36f041237ae3f4e53fdfa7fa"},
{"LAYER":"TOP","ID":"FB641","COMPONENT":"FB ","PART_VALUE":"FB","FINGER":"1eae67bb9f157ca435bed8c2bdeab5be"},
{"LAYER":"BOT","ID":"R239C","COMPONENT":"Resistor 68Ω ","PART_VALUE":"68Ω","FINGER":"1ec15e7f368393df44e715b0774a784f"},
{"LAYER":"TOP","ID":"C216","COMPONENT":"Capacitor 10nF ","PART_VALUE":"10nF","FINGER":"1f2591a701bc1184b962f3744f704b91"},
{"LAYER":"TOP","ID":"E231R","COMPONENT":"FB 100 ","PART_VALUE":"100","FINGER":"1fc629cc613f60e3ffc5c8fc2b933139"},
{"LAYER":"BOT","ID":"R151B","COMPONENT":"Resistor 68Ω ","PART_VALUE":"68Ω","FINGER":"2045dbf1b87ab5ce8b5e61f4fce33073"},
{"LAYER":"BOT","ID":"XJ1","COMPONENT":"JUMP-RES 0 ","PART_VALUE":"0","FINGER":"2050739fbaa838b50ccd9c4a60beae34"},
{"LAYER":"TOP","ID":"R596","COMPONENT":"JUMP-RES * ","PART_VALUE":"*","FINGER":"2195bc072c443a589a9e47c5b27b77e3"},
{"LAYER":"TOP","ID":"C324","COMPONENT":"Electrolytic 22µF-NP ","PART_VALUE":"22µF-NP","FINGER":"219675f05f41e62d7fb5ab7a783d418d"},
{"LAYER":"TOP","ID":"Q355","COMPONENT":"MOSFET MMBF170L ","PART_VALUE":"MMBF170L","FINGER":"21fa8d92cb78796ce13ae942aff98a2f"},
{"LAYER":"BOT","ID":"R865","COMPONENT":"Resistor 4.7kΩ ","PART_VALUE":"4.7kΩ","FINGER":"2212ac42817d3aa22b36578eb79bc941"},
{"LAYER":"TOP","ID":"R786","COMPONENT":"Resistor 18kΩ ","PART_VALUE":"18kΩ","FINGER":"22a8b30c25ddfe3cbf47264590444e2d"},
{"LAYER":"BOT","ID":"R765","COMPONENT":"Resistor *Ω ","PART_VALUE":"*Ω","FINGER":"22ecdf06b070a3f6fc2d989e7e9d1cfc"},
{"LAYER":"BOT","ID":"R109","COMPONENT":"Resistor 470Ω ","PART_VALUE":"470Ω","FINGER":"258b2f3dae7ed1ec0b3edac0820d33cd"},
{"LAYER":"TOP","ID":"U17","COMPONENT":"IC null ","PART_VALUE":"null","FINGER":"25a05c1a675c193a2d2ac120a5145ae7"},
{"LAYER":"TOP","ID":"CL1C","COMPONENT":"THERMISTOR NTC ","PART_VALUE":"NTC","FINGER":"2628db3d783fd318f43cc9801996d7e1"},
{"LAYER":"TOP","ID":"R261C","COMPONENT":"Resistor 68Ω ","PART_VALUE":"68Ω","FINGER":"2664265190233e3b9d60c01613e53877"},
{"LAYER":"BOT","ID":"R345","COMPONENT":"Resistor 100kΩ ","PART_VALUE":"100kΩ","FINGER":"269663368565c77f2e29c704bd68dc99"},
{"LAYER":"BOT","ID":"C881","COMPONENT":"Capacitor 220nF ","PART_VALUE":"220nF","FINGER":"26ac8867ad240fb89efd74f9449c7f7a"},
{"LAYER":"BOT","ID":"R370A","COMPONENT":"Resistor 4.7kΩ ","PART_VALUE":"4.7kΩ","FINGER":"26c4ac15da4b3b81a982b1ad29fa8b1f"},
{"LAYER":"TOP","ID":"C341","COMPONENT":"Electrolytic 10µF ","PART_VALUE":"10µF","FINGER":"26f1751654689691ca1099ff7d4b6d4c"},
{"LAYER":"BOT","ID":"R156","COMPONENT":"Resistor 47Ω ","PART_VALUE":"47Ω","FINGER":"274817496e648e45d6fa869f5a4d00e1"},
{"LAYER":"BOT","ID":"E281C","COMPONENT":"Capacitor 100pF ","PART_VALUE":"100pF","FINGER":"27e14dd7cda1446abecd33c0629ce577"},
{"LAYER":"TOP","ID":"C2B","COMPONENT":"Capacitor 220nF ","PART_VALUE":"220nF","FINGER":"28aacb789aec1ab118890fc90ee02cdc"},
{"LAYER":"TOP","ID":"U14","COMPONENT":"IC RH5VA43A ","PART_VALUE":"RH5VA43A","FINGER":"28fd41f59f3692f466ee63c2a70191c0"},
{"LAYER":"TOP","ID":"R751","COMPONENT":"Resistor 1kΩ ","PART_VALUE":"1kΩ","FINGER":"293bb7b4a2cb5928826a188b843c2acf"},
{"LAYER":"BOT","ID":"E376C","COMPONENT":"Capacitor 22pF ","PART_VALUE":"22pF","FINGER":"29934f5fd26d1ce113c0a9cb278a4c6c"},
{"LAYER":"BOT","ID":"C211A","COMPONENT":"Capacitor 220nF ","PART_VALUE":"220nF","FINGER":"29942da910a7939320d571a86b2cd8ca"},
{"LAYER":"BOT","ID":"R370H","COMPONENT":"Resistor 4.7kΩ ","PART_VALUE":"4.7kΩ","FINGER":"2996edb7922a85fc0d882ef486516243"},
{"LAYER":"BOT","ID":"R953F","COMPONENT":"Resistor 4.7kΩ ","PART_VALUE":"4.7kΩ","FINGER":"29ace59d34446042e84d8c5f66f38668"},
{"LAYER":"BOT","ID":"C355","COMPONENT":"Capacitor 100nF ","PART_VALUE":"100nF","FINGER":"29c9449312356146d9d833e7cec6f170"},
{"LAYER":"TOP","ID":"C16B","COMPONENT":"Capacitor 220nF ","PART_VALUE":"220nF","FINGER":"2a801fd0f21f4522b7586c30f275b5d6"},
{"LAYER":"TOP","ID":"U37","COMPONENT":"IC 74F86 ","PART_VALUE":"74F86","FINGER":"2ac4443f098eaa51055776ca1606f2f8"},
{"LAYER":"TOP","ID":"R209","COMPONENT":"Resistor 10kΩ ","PART_VALUE":"10kΩ","FINGER":"2b251472a9f776051850e7748c03535e"},
{"LAYER":"TOP","ID":"R202","COMPONENT":"Resistor 4.7kΩ ","PART_VALUE":"4.7kΩ","FINGER":"2b356d7ca6caea3ba5b15aa400028203"},
{"LAYER":"TOP","ID":"C38A","COMPONENT":"Capacitor 220nF ","PART_VALUE":"220nF","FINGER":"2b5087e2d22979766f7d2ab36072f5f3"},
{"LAYER":"BOT","ID":"R639","COMPONENT":"Resistor 180Ω ","PART_VALUE":"180Ω","FINGER":"2b5442747f35fb92df22e5a9c822766c"},
{"LAYER":"BOT","ID":"R599","COMPONENT":"JUMP-RES * ","PART_VALUE":"*","FINGER":"2b6eee326fe05504282a3d4f5418cf08"},
{"LAYER":"TOP","ID":"R362","COMPONENT":"Resistor 4.7Ω ","PART_VALUE":"4.7Ω","FINGER":"2b82d54a0092b75fe58efa147d99658f"},
{"LAYER":"BOT","ID":"R763B","COMPONENT":"Resistor 4.7kΩ ","PART_VALUE":"4.7kΩ","FINGER":"2d1141662a8fb8660e48424989e46a05"},
{"LAYER":"TOP","ID":"Z222","COMPONENT":"LC ","PART_VALUE":"LC","FINGER":"2d8ecc639c56b6f810a967ef62b78df5"},
{"LAYER":"BOT","ID":"E368R","COMPONENT":"FB 1K ","PART_VALUE":"1K","FINGER":"2e2a3157e9433032e898a9e29b7d1c0b"},
{"LAYER":"BOT","ID":"R370B","COMPONENT":"Resistor 4.7kΩ ","PART_VALUE":"4.7kΩ","FINGER":"2e2c3dbac4750860c911a838bbba5961"},
{"LAYER":"TOP","ID":"X1","COMPONENT":"null ","PART_VALUE":"null","FINGER":"2f20c0dfe878792555f027481b78f4e6"},
{"LAYER":"TOP","ID":"Q356","COMPONENT":"MOSFET MMBF170L ","PART_VALUE":"MMBF170L","FINGER":"2fb98870f1d018f3f3b93750f145ae6a"},
{"LAYER":"BOT","ID":"C893","COMPONENT":"Capacitor 220nF ","PART_VALUE":"220nF","FINGER":"30ffdf87bdc5ffd13d7953eda05bd7ff"},
{"LAYER":"BOT","ID":"E134R","COMPONENT":"Resistor 68Ω ","PART_VALUE":"68Ω","FINGER":"3139da445e6cfd7f786c4e52a7c8f015"},
{"LAYER":"TOP","ID":"R951B","COMPONENT":"Resistor 1kΩ ","PART_VALUE":"1kΩ","FINGER":"317b8073089a87d4a7c3b5593e4ef7fb"},
{"LAYER":"TOP","ID":"E289R","COMPONENT":"FB 100 ","PART_VALUE":"100","FINGER":"3183611084e9f37f0cea576cc46b41f5"},
{"LAYER":"TOP","ID":"R251","COMPONENT":"Resistor 4.7kΩ ","PART_VALUE":"4.7kΩ","FINGER":"3185f5be7db2fca9f011f2856a7eea8d"},
{"LAYER":"BOT","ID":"R355","COMPONENT":"Resistor 10MΩ ","PART_VALUE":"10MΩ","FINGER":"3194087a0c4b5202022d648854ce08fe"},
{"LAYER":"BOT","ID":"R644","COMPONENT":"Resistor 1kΩ ","PART_VALUE":"1kΩ","FINGER":"31b6e6e283e77bcb7aa60d93ef53776d"},
{"LAYER":"TOP","ID":"U4","COMPONENT":"IC LISA ","PART_VALUE":"LISA","FINGER":"31bdc7820ad39e2e9455587798c30f75"},
{"LAYER":"BOT","ID":"E353C","COMPONENT":"Capacitor 470pF ","PART_VALUE":"470pF","FINGER":"31fd7682bb30df9ed910a2e39883e065"},
{"LAYER":"TOP","ID":"CN14","COMPONENT":"10-PIN SIL ","PART_VALUE":"SIL","FINGER":"32a281ef6c924dc5ff9e44d14a9a41a1"},
{"LAYER":"TOP","ID":"XU2","COMPONENT":"7805 ","PART_VALUE":"7805","FINGER":"32ee9cd0fe4faafddaa4ad32641f5447"},
{"LAYER":"BOT","ID":"C19B","COMPONENT":"Capacitor 220nF ","PART_VALUE":"220nF","FINGER":"3322fced15f33dc7149ee5fd25168a2e"},
{"LAYER":"BOT","ID":"C805","COMPONENT":"Capacitor 220nF ","PART_VALUE":"220nF","FINGER":"3426cd95b7cb2b08a74581a2a9b40af7"},
{"LAYER":"TOP","ID":"E125C","COMPONENT":"Capacitor * ","PART_VALUE":"*","FINGER":"34f6544e462956b8f7274b9fbf170a89"},
{"LAYER":"BOT","ID":"R852","COMPONENT":"Resistor *Ω ","PART_VALUE":"*Ω","FINGER":"3501c195f38ec3c542f073b49aacb99c"},
{"LAYER":"TOP","ID":"U22","COMPONENT":"IC null ","PART_VALUE":"null","FINGER":"35369fde60135dfeb97bbca71c334fe9"},
{"LAYER":"BOT","ID":"C331","COMPONENT":"Capacitor 6800pF ","PART_VALUE":"6800pF","FINGER":"354de2601b41a4826fb64a55bf746df8"},
{"LAYER":"BOT","ID":"E112R","COMPONENT":"Resistor 27Ω ","PART_VALUE":"27Ω","FINGER":"36218ae93df99ca1d9d8920a6a999e58"},
{"LAYER":"BOT","ID":"E124R","COMPONENT":"Resistor 68Ω ","PART_VALUE":"68Ω","FINGER":"36a6e340e1021f7f7475497ebf769f31"},
{"LAYER":"TOP","ID":"R782","COMPONENT":"Resistor 4.7kΩ ","PART_VALUE":"4.7kΩ","FINGER":"36ed9b95e165b1f50c9df75cb7ab3337"},
{"LAYER":"TOP","ID":"C307","COMPONENT":"Electrolytic 100µF ","PART_VALUE":"100µF","FINGER":"3760059d601dcb5778cc0a72a1669dbc"},
{"LAYER":"BOT","ID":"R151G","COMPONENT":"Resistor 68Ω ","PART_VALUE":"68Ω","FINGER":"37b10fbaf3527da5d451f0f59254b397"},
{"LAYER":"TOP","ID":"TP1","COMPONENT":"10-PIN SIL ","PART_VALUE":"SIL","FINGER":"37d5145b8ffc3f9b9c0fcac4cfa19ff8"},
{"LAYER":"BOT","ID":"E363C","COMPONENT":"Capacitor 470pF ","PART_VALUE":"470pF","FINGER":"37f53345db5de8dba90b36e3dde42ad3"},
{"LAYER":"TOP","ID":"R386A","COMPONENT":"Resistor 75Ω ","PART_VALUE":"75Ω","FINGER":"38e536472b00ba840e7eca84fb990212"},
{"LAYER":"TOP","ID":"R392","COMPONENT":"Resistor 4.7kΩ ","PART_VALUE":"4.7kΩ","FINGER":"38eceb983c760210169a930532a8d4d5"},
{"LAYER":"TOP","ID":"C854A","COMPONENT":"Electrolytic * ","PART_VALUE":"*","FINGER":"3a4224c1afdafebec3ac1978e0502301"},
{"LAYER":"TOP","ID":"E121C","COMPONENT":"Capacitor 22pF ","PART_VALUE":"22pF","FINGER":"3adc41633524cce6ac0bc6998129bc53"},
{"LAYER":"TOP","ID":"D644","COMPONENT":"Diode 1N4001 ","PART_VALUE":"1N4001","FINGER":"3b5619a428a55492b2ba93f841478812"},
{"LAYER":"TOP","ID":"U35","COMPONENT":"IC 74F373 ","PART_VALUE":"74F373","FINGER":"3bc6bfb46524ca69be50735a93ebbfd6"},
{"LAYER":"BOT","ID":"R398","COMPONENT":"Resistor 4.7kΩ ","PART_VALUE":"4.7kΩ","FINGER":"3c1d20da029df56b14f2ec777c270799"},
{"LAYER":"BOT","ID":"E351R","COMPONENT":"FB 1K ","PART_VALUE":"1K","FINGER":"3c325060926772d6e31f03487a30541a"},
{"LAYER":"BOT","ID":"R151F","COMPONENT":"Resistor 68Ω ","PART_VALUE":"68Ω","FINGER":"3c78f255fe335145dbc5ea60689b7922"},
{"LAYER":"TOP","ID":"C892","COMPONENT":"Electrolytic 47µF ","PART_VALUE":"47µF","FINGER":"3cad4f4cf8c3997a6000034e85ad2ee4"},
{"LAYER":"TOP","ID":"LF1C","COMPONENT":"FB ","PART_VALUE":"FB","FINGER":"3d008335d47de5c34b697b62a6cee658"},
{"LAYER":"TOP","ID":"TP9","COMPONENT":"10-PIN SIL ","PART_VALUE":"SIL","FINGER":"3d8df8050cc8f69c0c52463eefa8c451"},
{"LAYER":"TOP","ID":"E122C","COMPONENT":"Capacitor 22pF ","PART_VALUE":"22pF","FINGER":"3f3b16a44bef69690cc86ec90998fa6e"},
{"LAYER":"TOP","ID":"C821","COMPONENT":"Electrolytic 470µF ","PART_VALUE":"470µF","FINGER":"3f9a9386594fa9d48adf208dbc98f037"},
{"LAYER":"TOP","ID":"R763H","COMPONENT":"Resistor 4.7kΩ ","PART_VALUE":"4.7kΩ","FINGER":"40035aff92d931acd42fb3d13c3c5ae7"},
{"LAYER":"TOP","ID":"R954E","COMPONENT":"Resistor 1kΩ ","PART_VALUE":"1kΩ","FINGER":"4019212eefea07109d0a9c1363cd06ef"},
{"LAYER":"BOT","ID":"R243","COMPONENT":"Resistor 10kΩ ","PART_VALUE":"10kΩ","FINGER":"40817fabb08f191fc2153c9fab1df7b4"},
{"LAYER":"TOP","ID":"U36","COMPONENT":"IC 4066 ","PART_VALUE":"4066","FINGER":"4096270b459adcfd0b187dda98e6d838"},
{"LAYER":"TOP","ID":"R334","COMPONENT":"Resistor 470Ω ","PART_VALUE":"470Ω","FINGER":"40e2cd4362b2b9d2550d5e08574384a4"},
{"LAYER":"TOP","ID":"C281","COMPONENT":"Electrolytic 100µF ","PART_VALUE":"100µF","FINGER":"419f722f943ee46db33e90f9be881d3d"},
{"LAYER":"TOP","ID":"E120C","COMPONENT":"Capacitor 22pF ","PART_VALUE":"22pF","FINGER":"41ad1f3af8c420b88a79a7d130cf7c69"},
{"LAYER":"BOT","ID":"R262A","COMPONENT":"Resistor 68Ω ","PART_VALUE":"68Ω","FINGER":"41b7436fcb5b93575864be2f62cedaad"},
{"LAYER":"TOP","ID":"D281","COMPONENT":"Diode 1N914 ","PART_VALUE":"1N914","FINGER":"41f19b91920bace893f4391bd8614a26"},
{"LAYER":"TOP","ID":"U9","COMPONENT":"IC 24C08 ","PART_VALUE":"24C08","FINGER":"422b95484378848d37521f24dc55a83f"},
{"LAYER":"TOP","ID":"CN2","COMPONENT":"DB9P ","PART_VALUE":"DB9P","FINGER":"425caaa1b210646b5868e2a054db530a"},
{"LAYER":"TOP","ID":"R253","COMPONENT":"Resistor 4.7kΩ ","PART_VALUE":"4.7kΩ","FINGER":"42fbc41abd1249e5f4137ffc3d15187f"},
{"LAYER":"TOP","ID":"R634","COMPONENT":"Resistor 4.7kΩ ","PART_VALUE":"4.7kΩ","FINGER":"43838f7385a19d8203bbedacdf640452"},
{"LAYER":"TOP","ID":"CL1A","COMPONENT":"THERMISTOR NTC ","PART_VALUE":"NTC","FINGER":"4395c4a488bed94eec4e5574270c8613"},
{"LAYER":"BOT","ID":"R114","COMPONENT":"Resistor 27Ω ","PART_VALUE":"27Ω","FINGER":"4396e742ffd9bd42f0db48fa59e1bb27"},
{"LAYER":"TOP","ID":"U12","COMPONENT":"IC null ","PART_VALUE":"null","FINGER":"43d5495797ac0fdd3d763b2273d21690"},
{"LAYER":"TOP","ID":"E289C","COMPONENT":"Capacitor 100pF ","PART_VALUE":"100pF","FINGER":"43fc925d4e2e494e608287bae9519e15"},
{"LAYER":"TOP","ID":"C352","COMPONENT":"Capacitor 220nF ","PART_VALUE":"220nF","FINGER":"44963f6c3b197e0792ee422b1ebfabeb"},
{"LAYER":"TOP","ID":"R252","COMPONENT":"Resistor 4.7kΩ ","PART_VALUE":"4.7kΩ","FINGER":"44a7ccf29ef336c2394d966492bc9a61"},
{"LAYER":"TOP","ID":"R386C","COMPONENT":"Resistor 75Ω ","PART_VALUE":"75Ω","FINGER":"44bf9952d1b87912fa7b002dd4f439ad"},
{"LAYER":"TOP","ID":"XU1","COMPONENT":"null ","PART_VALUE":"null","FINGER":"4526dc7adc0f5a262991a6218ec202da"},
{"LAYER":"BOT","ID":"R241","COMPONENT":"Resistor 4.7kΩ ","PART_VALUE":"4.7kΩ","FINGER":"45a67dd980ce748d40a3c825638fdbf6"},
{"LAYER":"TOP","ID":"C801","COMPONENT":"Capacitor 10nF ","PART_VALUE":"10nF","FINGER":"45b1a95af3a2416512d0e7d8bc8a0b86"},
{"LAYER":"BOT","ID":"R370D","COMPONENT":"Resistor 4.7kΩ ","PART_VALUE":"4.7kΩ","FINGER":"4617389d55a0dcfd296d93657d82cc1a"},
{"LAYER":"TOP","ID":"C791","COMPONENT":"Electrolytic 10µF ","PART_VALUE":"10µF","FINGER":"46744e11fe3b210443082b903d00030c"},
{"LAYER":"BOT","ID":"R236","COMPONENT":"Resistor 180\/120Ω ","PART_VALUE":"180\/120Ω","FINGER":"46810589b6c331049191c2858e9aaaae"},
{"LAYER":"TOP","ID":"Q282","COMPONENT":"NPN 2N3904 ","PART_VALUE":"2N3904","FINGER":"46b1689398f8d4698eef9ef6d102774b"},
{"LAYER":"BOT","ID":"R511B","COMPONENT":"Resistor 1kΩ ","PART_VALUE":"1kΩ","FINGER":"472e8e4103068efba623d17a4969da07"},
{"LAYER":"TOP","ID":"R263E","COMPONENT":"Resistor 68Ω ","PART_VALUE":"68Ω","FINGER":"4791b01390a70e297e95213a245bf279"},
{"LAYER":"BOT","ID":"E762C","COMPONENT":"Capacitor 22pF ","PART_VALUE":"22pF","FINGER":"47e8033a9e214ef5d434f89efe24c3fd"},
{"LAYER":"TOP","ID":"LF1A","COMPONENT":"FB ","PART_VALUE":"FB","FINGER":"47ebb325efd7b6b19268e771aa83b5c6"},
{"LAYER":"BOT","ID":"C282","COMPONENT":"Capacitor 1000pF ","PART_VALUE":"1000pF","FINGER":"47ef999d67de062e5963b6b9d9d0ffa5"},
{"LAYER":"TOP","ID":"E121R","COMPONENT":"Resistor 27\/68Ω ","PART_VALUE":"27\/68Ω","FINGER":"48451f54d38f78c2348bffd78689a1c3"},
{"LAYER":"TOP","ID":"TP3","COMPONENT":"10-PIN SIL ","PART_VALUE":"SIL","FINGER":"4846faf7ae91a82584ffa348d0f9091c"},
{"LAYER":"BOT","ID":"R225","COMPONENT":"Resistor 0\/*Ω ","PART_VALUE":"0\/*Ω","FINGER":"48903751f535650ad730a3579db3f41f"},
{"LAYER":"BOT","ID":"R151C","COMPONENT":"Resistor 68Ω ","PART_VALUE":"68Ω","FINGER":"489cf71d78cabe929506b280184e269c"},
{"LAYER":"TOP","ID":"C334","COMPONENT":"Electrolytic 22µF-NP ","PART_VALUE":"22µF-NP","FINGER":"49fefb537e22ff67fb2822bee152e19a"},
{"LAYER":"BOT","ID":"R319","COMPONENT":"Resistor 1kΩ ","PART_VALUE":"1kΩ","FINGER":"4a6ee413073b9ca1fe55287f94ef0bda"},
{"LAYER":"BOT","ID":"C199","COMPONENT":"Capacitor 220nF ","PART_VALUE":"220nF","FINGER":"4ac79e931bdb2d20377877a86dcfb7b4"},
{"LAYER":"TOP","ID":"R772","COMPONENT":"Resistor 4.7kΩ ","PART_VALUE":"4.7kΩ","FINGER":"4ad51770083aef2a005ed3390c324b8f"},
{"LAYER":"TOP","ID":"R341","COMPONENT":"Resistor 470Ω ","PART_VALUE":"470Ω","FINGER":"4aed496e9e6a21efa189aec0688ef18a"},
{"LAYER":"TOP","ID":"C408","COMPONENT":"Electrolytic 1000µF ","PART_VALUE":"1000µF","FINGER":"4b05a124ab0f05f8ccf4155108e45fc3"},
{"LAYER":"BOT","ID":"R142","COMPONENT":"Resistor 1kΩ ","PART_VALUE":"1kΩ","FINGER":"4bfd514995ced2a68ab15234b0b0b26a"},
{"LAYER":"BOT","ID":"R332","COMPONENT":"Resistor 10kΩ ","PART_VALUE":"10kΩ","FINGER":"4c43f31623dac491327988e2ba529f71"},
{"LAYER":"TOP","ID":"R247","COMPONENT":"Resistor 15k*Ω ","PART_VALUE":"15k*Ω","FINGER":"4c5a959356791598221f5275c35e3605"},
{"LAYER":"BOT","ID":"R322","COMPONENT":"Resistor 10kΩ ","PART_VALUE":"10kΩ","FINGER":"4d11812e1a9eef2f7544dac3a6cfb587"},
{"LAYER":"BOT","ID":"E376R","COMPONENT":"Resistor 27Ω ","PART_VALUE":"27Ω","FINGER":"4df986eed5fee3e3a94d50c95a2c9b49"},
{"LAYER":"BOT","ID":"R763F","COMPONENT":"Resistor 4.7kΩ ","PART_VALUE":"4.7kΩ","FINGER":"4e870a2c1baac96c99787603268da4a9"},
{"LAYER":"TOP","ID":"D215","COMPONENT":"ZENER 1.2V ","PART_VALUE":"1.2V","FINGER":"4ecd442124f0cead00b248cd155647b3"},
{"LAYER":"TOP","ID":"E122R","COMPONENT":"Resistor 27\/68Ω ","PART_VALUE":"27\/68Ω","FINGER":"4eff16b41558ec9199d663f5963c888b"},
{"LAYER":"TOP","ID":"U15A","COMPONENT":"IC null ","PART_VALUE":"null","FINGER":"4f8a0b3a8775cfaeec681eeaf125a56d"},
{"LAYER":"TOP","ID":"E123C","COMPONENT":"Capacitor * ","PART_VALUE":"*","FINGER":"4fe6f5814290091c3781c26823b86976"},
{"LAYER":"BOT","ID":"E622C","COMPONENT":"Capacitor 100pF ","PART_VALUE":"100pF","FINGER":"50002dcd2ae726df6fdfd0a70f1b1126"},
{"LAYER":"TOP","ID":"E120R","COMPONENT":"Resistor 27Ω ","PART_VALUE":"27Ω","FINGER":"501950ca14afdbdb0b7ca05b4081322c"},
{"LAYER":"BOT","ID":"C15A","COMPONENT":"Capacitor 220nF ","PART_VALUE":"220nF","FINGER":"501a23f55394141c9506bfff6396fa27"},
{"LAYER":"BOT","ID":"E644R","COMPONENT":"Resistor 68Ω ","PART_VALUE":"68Ω","FINGER":"504e9670c61d4c7f9a2457569ba8111b"},
{"LAYER":"TOP","ID":"Q201","COMPONENT":"NPN 2N3904 ","PART_VALUE":"2N3904","FINGER":"505ed9f62151d09a8cf9d9d1f65f7297"},
{"LAYER":"BOT","ID":"C5D","COMPONENT":"Capacitor 47nF ","PART_VALUE":"47nF","FINGER":"50a42bde60713b5ea39f2478946a6550"},
{"LAYER":"BOT","ID":"E285R","COMPONENT":"FB 100 ","PART_VALUE":"100","FINGER":"50e4434c633b8b528dbc4aa6622be995"},
{"LAYER":"TOP","ID":"FB622","COMPONENT":"FB ","PART_VALUE":"FB","FINGER":"51835a0ca8d5b7ddee192ebfc00b8152"},
{"LAYER":"TOP","ID":"U32A","COMPONENT":"IC PIN ","PART_VALUE":"PIN","FINGER":"51fb3d0de98abc8147cd975994fe0232"},
{"LAYER":"TOP","ID":"C37","COMPONENT":"Capacitor 47nF ","PART_VALUE":"47nF","FINGER":"5255a466bb5227797e06334a4c654ec8"},
{"LAYER":"BOT","ID":"R349","COMPONENT":"Resistor 33kΩ ","PART_VALUE":"33kΩ","FINGER":"5297961aa3d02f823b66235f9bba094e"},
{"LAYER":"TOP","ID":"R287","COMPONENT":"Resistor 180Ω ","PART_VALUE":"180Ω","FINGER":"54346694c2556d0044d8db2e0966028b"},
{"LAYER":"TOP","ID":"C864","COMPONENT":"Electrolytic 100µF ","PART_VALUE":"100µF","FINGER":"5443ff6582c981765485d2e947c8c6d0"},
{"LAYER":"TOP","ID":"R263D","COMPONENT":"Resistor 68Ω ","PART_VALUE":"68Ω","FINGER":"549cf270ff0ac3fedf29b87f26af2ab4"},
{"LAYER":"TOP","ID":"R261F","COMPONENT":"Resistor 68Ω ","PART_VALUE":"68Ω","FINGER":"549efac17141034f7e86be77aad9e9d0"},
{"LAYER":"TOP","ID":"E127C","COMPONENT":"Capacitor 22pF ","PART_VALUE":"22pF","FINGER":"5529b4c70a3189f29ea0a53c953969f3"},
{"LAYER":"BOT","ID":"E357R","COMPONENT":"FB 1K ","PART_VALUE":"1K","FINGER":"5530429252ea22a2317eaa3fb2ee219d"},
{"LAYER":"TOP","ID":"XC1","COMPONENT":"Capacitor 220nF ","PART_VALUE":"220nF","FINGER":"55700e914c629e53c1c02491c28a7ed0"},
{"LAYER":"TOP","ID":"Q331","COMPONENT":"JFET MMBF5484 ","PART_VALUE":"MMBF5484","FINGER":"557f61e1f2513279856ef219805620b6"},
{"LAYER":"BOT","ID":"R239F","COMPONENT":"Resistor 68Ω ","PART_VALUE":"68Ω","FINGER":"5581b9d6c37ae8d072c4bbac0593c09e"},
{"LAYER":"TOP","ID":"Q342","COMPONENT":"PNP 2N3906 ","PART_VALUE":"2N3906","FINGER":"55ba0233389917a79b213f3080cefd4e"},
{"LAYER":"TOP","ID":"R153","COMPONENT":"Resistor 4.7kΩ ","PART_VALUE":"4.7kΩ","FINGER":"563005cdd34d1bcddf616a40ba80ac20"},
{"LAYER":"TOP","ID":"D366","COMPONENT":"Diode 1N914 ","PART_VALUE":"1N914","FINGER":"57400ec65307556499d09d0da3098be3"},
{"LAYER":"BOT","ID":"C1D","COMPONENT":"Capacitor 47nF ","PART_VALUE":"47nF","FINGER":"57a0c34c33624c635c63508779c73c9e"},
{"LAYER":"TOP","ID":"Q281","COMPONENT":"NPN 2N3904 ","PART_VALUE":"2N3904","FINGER":"5803510ecc1113f575d6dae7793ef405"},
{"LAYER":"TOP","ID":"C409","COMPONENT":"Electrolytic 100µF ","PART_VALUE":"100µF","FINGER":"588019df3206053ea87ee156aec96945"},
{"LAYER":"BOT","ID":"R285","COMPONENT":"Resistor 68Ω ","PART_VALUE":"68Ω","FINGER":"5969fda2f9cfd807dd0e400006a76754"},
{"LAYER":"BOT","ID":"R750","COMPONENT":"Resistor *Ω ","PART_VALUE":"*Ω","FINGER":"59bc1e7e4c7ac8543c43ffb8f6f381bf"},
{"LAYER":"BOT","ID":"E282C","COMPONENT":"Capacitor 100pF ","PART_VALUE":"100pF","FINGER":"5a33bc9e7e05c5141295a9acdff144e4"},
{"LAYER":"BOT","ID":"C217","COMPONENT":"Capacitor 220nF ","PART_VALUE":"220nF","FINGER":"5a4bdedac156622f9893fda1d563670a"},
{"LAYER":"TOP","ID":"R263G","COMPONENT":"Resistor 68Ω ","PART_VALUE":"68Ω","FINGER":"5b59b15e206b92b4d192a630e35c3e66"},
{"LAYER":"BOT","ID":"R327","COMPONENT":"Resistor 82kΩ ","PART_VALUE":"82kΩ","FINGER":"5b98f159b24499d44dd62de6e9e27c57"},
{"LAYER":"TOP","ID":"R951F","COMPONENT":"Resistor 4.7kΩ ","PART_VALUE":"4.7kΩ","FINGER":"5bcef590486827bb33a66d28cffe0528"},
{"LAYER":"TOP","ID":"R265","COMPONENT":"Resistor 68Ω ","PART_VALUE":"68Ω","FINGER":"5c1a2d2bdb714141c889f4b8d753d9b0"},
{"LAYER":"BOT","ID":"E366C","COMPONENT":"Capacitor 6800pF ","PART_VALUE":"6800pF","FINGER":"5c3e0ebedfa709b6e18a218344cf08df"},
{"LAYER":"TOP","ID":"R779","COMPONENT":"Resistor 6.8kΩ ","PART_VALUE":"6.8kΩ","FINGER":"5cce1a540136326a75a868197f0b96ab"},
{"LAYER":"TOP","ID":"Y452","COMPONENT":"Crystal * MHz ","PART_VALUE":"MHz","FINGER":"5d96757c5e15558a3951e8912abe1cf1"},
{"LAYER":"BOT","ID":"R250","COMPONENT":"Resistor 4.7kΩ ","PART_VALUE":"4.7kΩ","FINGER":"5df4bb4004702b75e10940f714e3fd28"},
{"LAYER":"BOT","ID":"R151D","COMPONENT":"Resistor 68Ω ","PART_VALUE":"68Ω","FINGER":"5e03666dbf4e20566c7b860747603e88"},
{"LAYER":"TOP","ID":"U34","COMPONENT":"IC 74LS166 ","PART_VALUE":"74LS166","FINGER":"5edd1c38d9d4568ab75628703035cbf8"},
{"LAYER":"TOP","ID":"E753C","COMPONENT":"Capacitor * ","PART_VALUE":"*","FINGER":"5edf493a722a8bd0e7298965d65e76e0"},
{"LAYER":"TOP","ID":"E133R","COMPONENT":"Resistor 68Ω ","PART_VALUE":"68Ω","FINGER":"5eeb07804eeab1051eec3d491cd84108"},
{"LAYER":"TOP","ID":"E129R","COMPONENT":"Resistor 27Ω ","PART_VALUE":"27Ω","FINGER":"5f0d9936888bfaee25cb331cece1af82"},
{"LAYER":"TOP","ID":"R262C","COMPONENT":"Resistor 68Ω ","PART_VALUE":"68Ω","FINGER":"5f36c19f1982481cfa02596264628291"},
{"LAYER":"TOP","ID":"R385C","COMPONENT":"Resistor 360Ω ","PART_VALUE":"360Ω","FINGER":"5f437f31bb0157d0d5fea7c22c5d2ec4"},
{"LAYER":"TOP","ID":"R261B","COMPONENT":"Resistor 68Ω ","PART_VALUE":"68Ω","FINGER":"601dade0bbbb2e5f1e8320a3398a68e3"},
{"LAYER":"BOT","ID":"R781","COMPONENT":"Resistor 4.7kΩ ","PART_VALUE":"4.7kΩ","FINGER":"6040284ee20ecb033252f442adb7c629"},
{"LAYER":"BOT","ID":"R763D","COMPONENT":"Resistor 4.7kΩ ","PART_VALUE":"4.7kΩ","FINGER":"607d357395fc6d15fdcc1d826dcb05a8"},
{"LAYER":"TOP","ID":"R324","COMPONENT":"Resistor 470Ω ","PART_VALUE":"470Ω","FINGER":"61a7e36304e475ffd12219ca17e831e0"},
{"LAYER":"TOP","ID":"R261H","COMPONENT":"Resistor 68Ω ","PART_VALUE":"68Ω","FINGER":"6274f2c709a8168db876706a19b0408f"},
{"LAYER":"TOP","ID":"CN13","COMPONENT":"6-PIN MINI-DIN ","PART_VALUE":"MINI-DIN","FINGER":"62a833d548f99987584e73226a5456e1"},
{"LAYER":"TOP","ID":"C17A","COMPONENT":"Capacitor 220nF ","PART_VALUE":"220nF","FINGER":"633281af6c5146dfa491910d9ad1c37d"},
{"LAYER":"TOP","ID":"C38B","COMPONENT":"Capacitor 220nF ","PART_VALUE":"220nF","FINGER":"6424c9b1f619d7c2ea2a7831bb77003d"},
{"LAYER":"TOP","ID":"R773","COMPONENT":"Resistor 18kΩ ","PART_VALUE":"18kΩ","FINGER":"64e07aec2943222fde59f33135bbdf86"},
{"LAYER":"TOP","ID":"R391","COMPONENT":"Resistor 4.7kΩ ","PART_VALUE":"4.7kΩ","FINGER":"650073b16028ec3b99ec3f4c66842685"},
{"LAYER":"TOP","ID":"CN10","COMPONENT":"RCA JACK ","PART_VALUE":"JACK","FINGER":"659d3759d374edbfe83b43e0313edc34"},
{"LAYER":"BOT","ID":"C322","COMPONENT":"Capacitor 6800pF ","PART_VALUE":"6800pF","FINGER":"661b0128053399691c90dc4723319578"},
{"LAYER":"BOT","ID":"C5C","COMPONENT":"Capacitor 220nF ","PART_VALUE":"220nF","FINGER":"662c7f34333284b266e09b9b10b1ccef"},
{"LAYER":"BOT","ID":"C314","COMPONENT":"Capacitor 47nF ","PART_VALUE":"47nF","FINGER":"69565b360b49a5f0de6ee516496e3e73"},
{"LAYER":"BOT","ID":"R893","COMPONENT":"Resistor *Ω ","PART_VALUE":"*Ω","FINGER":"69cebac9f6cff55d34ec2673a99fe60d"},
{"LAYER":"TOP","ID":"C852","COMPONENT":"Electrolytic 22µF ","PART_VALUE":"22µF","FINGER":"6a66798fbe5c89bf77555a85749a5aaa"},
{"LAYER":"TOP","ID":"CN17","COMPONENT":"26 PIN CD CONNECTOR ","PART_VALUE":"CONNECTOR","FINGER":"6aaf62cf60907b5d08baa3ae65e34a70"},
{"LAYER":"BOT","ID":"R954F","COMPONENT":"Resistor 4.7kΩ ","PART_VALUE":"4.7kΩ","FINGER":"6ad4affbcabdbb999a1cf5b0593b89c4"},
{"LAYER":"BOT","ID":"E644C","COMPONENT":"Capacitor 22pF ","PART_VALUE":"22pF","FINGER":"6b34467be71b384087fac55306530a7b"},
{"LAYER":"BOT","ID":"C36","COMPONENT":"Capacitor 220nF ","PART_VALUE":"220nF","FINGER":"6bb0ae9e1c122a420a2fd6422bbb9ec6"},
{"LAYER":"TOP","ID":"U3","COMPONENT":"IC null ","PART_VALUE":"null","FINGER":"6c143138ba622c83049a7b23994875b8"},
{"LAYER":"TOP","ID":"R385B","COMPONENT":"Resistor 360Ω ","PART_VALUE":"360Ω","FINGER":"6c42ada500a42134b2948484118ca57b"},
{"LAYER":"BOT","ID":"E624R","COMPONENT":"Resistor 68\/FBΩ ","PART_VALUE":"68\/FBΩ","FINGER":"6c4dfea4714da4fe25e068a5b66eb51c"},
{"LAYER":"BOT","ID":"R762","COMPONENT":"Resistor 10kΩ ","PART_VALUE":"10kΩ","FINGER":"6ccb3287d22884474b283e717bb73571"},
{"LAYER":"BOT","ID":"C6A","COMPONENT":"Capacitor 220nF ","PART_VALUE":"220nF","FINGER":"6d24803a134cb6c6835902260caf6761"},
{"LAYER":"TOP","ID":"AG","COMPONENT":"","PART_VALUE":"","FINGER":"6d4e96997e71cf00893f9f3810788dec"},
{"LAYER":"TOP","ID":"Q395","COMPONENT":"NPN 2N3904 ","PART_VALUE":"2N3904","FINGER":"6e6607a038291d7c454cfb9d94a76bbd"},
{"LAYER":"BOT","ID":"R785","COMPONENT":"Resistor 5.1kΩ ","PART_VALUE":"5.1kΩ","FINGER":"6ed1ae5761c388b2a8ccd5f380e510db"},
{"LAYER":"TOP","ID":"E129C","COMPONENT":"Capacitor 22pF* ","PART_VALUE":"22pF*","FINGER":"6f1fcd191507e92608a34539031886d9"},
{"LAYER":"BOT","ID":"C332","COMPONENT":"Capacitor 6800pF ","PART_VALUE":"6800pF","FINGER":"6f37490792fb10644902cd9181efc62c"},
{"LAYER":"TOP","ID":"Q366","COMPONENT":"MOSFET MMBF170L ","PART_VALUE":"MMBF170L","FINGER":"6f4099ebf8ffca8508ff40f3551ebee4"},
{"LAYER":"TOP","ID":"R776","COMPONENT":"Resistor 18kΩ ","PART_VALUE":"18kΩ","FINGER":"6f59beeba0c7b5ecbdf7730c32b1f0cb"},
{"LAYER":"BOT","ID":"C18B","COMPONENT":"Capacitor 220nF ","PART_VALUE":"220nF","FINGER":"6fe9b1003d8d9af70818e08f64a0b224"},
{"LAYER":"TOP","ID":"C782","COMPONENT":"Capacitor 120pF ","PART_VALUE":"120pF","FINGER":"70793baba536621ce71d53098205a259"},
{"LAYER":"BOT","ID":"C761","COMPONENT":"Capacitor 220nF ","PART_VALUE":"220nF","FINGER":"7080095687ecb756477e9d68c7eeb75b"},
{"LAYER":"BOT","ID":"R237","COMPONENT":"Resistor 100Ω ","PART_VALUE":"100Ω","FINGER":"70a586329a9e03bac07a4d49b11df5e1"},
{"LAYER":"BOT","ID":"E281R","COMPONENT":"FB 100 ","PART_VALUE":"100","FINGER":"70ce566711a36553af6c7fdb83db3841"},
{"LAYER":"TOP","ID":"X2","COMPONENT":"MODULATOR ","PART_VALUE":"MODULATOR","FINGER":"70d2fecbc641cd4a58caabc8f5704480"},
{"LAYER":"TOP","ID":"Q341","COMPONENT":"PNP 2N3906 ","PART_VALUE":"2N3906","FINGER":"716ac13c3b4b3b771fbc093d1d44b925"},
{"LAYER":"TOP","ID":"Q766","COMPONENT":"NPN 2N3904 ","PART_VALUE":"2N3904","FINGER":"71b655a01aa44fb53db244e6fbea0d35"},
{"LAYER":"TOP","ID":"TP4","COMPONENT":"10-PIN SIL ","PART_VALUE":"SIL","FINGER":"722f60b76dbee101f34bb5ca1644a7b9"},
{"LAYER":"BOT","ID":"R152G","COMPONENT":"Resistor 68Ω ","PART_VALUE":"68Ω","FINGER":"738c4e7101c6f5ba2eb8f3c88a96ac6a"},
{"LAYER":"TOP","ID":"C629","COMPONENT":"Capacitor 470nF ","PART_VALUE":"470nF","FINGER":"739b84ae89677a1e4919013419498cf2"},
{"LAYER":"BOT","ID":"C245","COMPONENT":"Capacitor 56pF ","PART_VALUE":"56pF","FINGER":"741ce40f51a1aef70160f9f22ea5986d"},
{"LAYER":"BOT","ID":"E375R","COMPONENT":"Resistor 68Ω ","PART_VALUE":"68Ω","FINGER":"744abfc38260630703cc4c48ecfb2f4a"},
{"LAYER":"BOT","ID":"R866","COMPONENT":"Resistor 100kΩ ","PART_VALUE":"100kΩ","FINGER":"74c7ff24346a7ff4aae5170e6a7eae6d"},
{"LAYER":"BOT","ID":"XR1","COMPONENT":"Resistor 1kΩ ","PART_VALUE":"1kΩ","FINGER":"74f86848acfaac3cc96493dbaf082249"},
{"LAYER":"TOP","ID":"R954G","COMPONENT":"Resistor 4.7kΩ ","PART_VALUE":"4.7kΩ","FINGER":"758a5e7bf8c636f3e2d604bec98d4596"},
{"LAYER":"BOT","ID":"E365C","COMPONENT":"Capacitor 6800pF ","PART_VALUE":"6800pF","FINGER":"759e03d69974db7f1b3323b86a1ade24"},
{"LAYER":"BOT","ID":"R788","COMPONENT":"Resistor 22kΩ ","PART_VALUE":"22kΩ","FINGER":"75f6e8622704bf7bd5a1526aa5c0c2c6"},
{"LAYER":"TOP","ID":"R301","COMPONENT":"Resistor 27Ω ","PART_VALUE":"27Ω","FINGER":"761c6460d848a29bb98956df7711164a"},
{"LAYER":"BOT","ID":"R365","COMPONENT":"Resistor 10MΩ ","PART_VALUE":"10MΩ","FINGER":"766ea7eb414a19e4e6c3278fe200e94b"},
{"LAYER":"BOT","ID":"C2A","COMPONENT":"Capacitor 220nF ","PART_VALUE":"220nF","FINGER":"766fe1e869975d643c06b5b19eb2632d"},
{"LAYER":"TOP","ID":"R216","COMPONENT":"Resistor 15Ω ","PART_VALUE":"15Ω","FINGER":"772cb59d232a544e3a228cc71b50ef57"},
{"LAYER":"BOT","ID":"R152E","COMPONENT":"Resistor 68\/120Ω ","PART_VALUE":"68\/120Ω","FINGER":"78652c50b5aa1116a7fd1b30976fa308"},
{"LAYER":"BOT","ID":"C30D","COMPONENT":"Capacitor 470nF ","PART_VALUE":"470nF","FINGER":"786e27511e61c29c67644d804f80c920"},
{"LAYER":"BOT","ID":"C5B","COMPONENT":"Capacitor 47nF ","PART_VALUE":"47nF","FINGER":"79237fc2103ae85107fa76234993f99a"},
{"LAYER":"BOT","ID":"C34","COMPONENT":"Capacitor 47nF ","PART_VALUE":"47nF","FINGER":"794fe6ef67f608967d056d0fab30f045"},
{"LAYER":"TOP","ID":"Y451","COMPONENT":"Crystal 4.33619MHz ","PART_VALUE":"4.33619MHz","FINGER":"79b2c430761128b5f1048bddfd4ab5e1"},
{"LAYER":"TOP","ID":"E321C","COMPONENT":"Capacitor 6800pF ","PART_VALUE":"6800pF","FINGER":"79ca32d2895f0bd9e8649b813dcc7171"},
{"LAYER":"BOT","ID":"R395","COMPONENT":"Resistor 47kΩ ","PART_VALUE":"47kΩ","FINGER":"7a5581a202411285ddb170de3c554695"},
{"LAYER":"TOP","ID":"CN3","COMPONENT":"RCA JACK ","PART_VALUE":"JACK","FINGER":"7a8c44075f76360d820189115d7e99fc"},
{"LAYER":"TOP","ID":"R204","COMPONENT":"Resistor 4.7kΩ ","PART_VALUE":"4.7kΩ","FINGER":"7bd629d958a58420cff4fe61bffb445e"},
{"LAYER":"TOP","ID":"C855","COMPONENT":"Electrolytic 4.7µF ","PART_VALUE":"4.7µF","FINGER":"7bd982566edf0f01576a734175e9b95d"},
{"LAYER":"BOT","ID":"R774","COMPONENT":"Resistor 47kΩ ","PART_VALUE":"47kΩ","FINGER":"7c18ebd358d0211d1bc74642d039c8fa"},
{"LAYER":"BOT","ID":"E282R","COMPONENT":"FB 100 ","PART_VALUE":"100","FINGER":"7e23cb6a9180c793e153a547c9373307"},
{"LAYER":"TOP","ID":"TP6","COMPONENT":"PIN ","PART_VALUE":"PIN","FINGER":"7e4042195eb5d4d2208e7c0fc8aeb62a"},
{"LAYER":"TOP","ID":"XD2","COMPONENT":"Diode 1N4001 ","PART_VALUE":"1N4001","FINGER":"7e8b49569f9262b4ba1ab1976759d5b7"},
{"LAYER":"TOP","ID":"C790","COMPONENT":"Electrolytic 100µF ","PART_VALUE":"100µF","FINGER":"7e9859f3d23d9de3565a605cb7424d7e"},
{"LAYER":"BOT","ID":"R101","COMPONENT":"Resistor 1kΩ ","PART_VALUE":"1kΩ","FINGER":"7eb9ef996eb93a9eb9775c4544d87118"},
{"LAYER":"BOT","ID":"R336","COMPONENT":"Resistor 470kΩ ","PART_VALUE":"470kΩ","FINGER":"7f446c5680c0aea87fb4c612ef16c42d"},
{"LAYER":"TOP","ID":"FB402B","COMPONENT":"FB ","PART_VALUE":"FB","FINGER":"7ff66bfca781fc7feceb587e388e7723"},
{"LAYER":"BOT","ID":"R217","COMPONENT":"Resistor 470Ω ","PART_VALUE":"470Ω","FINGER":"809f60a1170d28a9a6717d05028b3205"},
{"LAYER":"TOP","ID":"R593","COMPONENT":"Resistor 470Ω ","PART_VALUE":"470Ω","FINGER":"80af4bfaf1285ad11018c776189d9d42"},
{"LAYER":"TOP","ID":"R282","COMPONENT":"Resistor 100Ω ","PART_VALUE":"100Ω","FINGER":"8116d41e76a1a9a3d9aa7b6b1d2dd3ee"},
{"LAYER":"BOT","ID":"R861","COMPONENT":"Resistor 8.2kΩ ","PART_VALUE":"8.2kΩ","FINGER":"811a3c9670b1303cd37041a47996d7cd"},
{"LAYER":"BOT","ID":"E762R","COMPONENT":"Resistor 68Ω ","PART_VALUE":"68Ω","FINGER":"8144c7b19acd3da74000ce9e1d3a5e07"},
{"LAYER":"TOP","ID":"FB402A","COMPONENT":"FB ","PART_VALUE":"FB","FINGER":"81bc909ba72e349ac0fe2119576ed2d5"},
{"LAYER":"TOP","ID":"C811","COMPONENT":"Electrolytic 1000µF ","PART_VALUE":"1000µF","FINGER":"81eb94f9d54e5c5229dca9aa4fa227fb"},
{"LAYER":"BOT","ID":"E354C","COMPONENT":"Capacitor 470pF ","PART_VALUE":"470pF","FINGER":"82165974a0b43ecce01123b895284593"},
{"LAYER":"BOT","ID":"R244","COMPONENT":"Resistor 1kΩ ","PART_VALUE":"1kΩ","FINGER":"82a29c3c0d9f573461c0dcc7cc4362ff"},
{"LAYER":"BOT","ID":"E364C","COMPONENT":"Capacitor 470pF ","PART_VALUE":"470pF","FINGER":"82c75dbe29698beafd8b7f80e6a6f77a"},
{"LAYER":"BOT","ID":"C30B","COMPONENT":"Capacitor 47nF ","PART_VALUE":"47nF","FINGER":"82d486aa54d83254e84aeb7d9a991ab4"},
{"LAYER":"BOT","ID":"R231A","COMPONENT":"Resistor 49.9Ω ","PART_VALUE":"49.9Ω","FINGER":"843e1f792e7dac7607a18f68ae2d60c6"},
{"LAYER":"TOP","ID":"R953E","COMPONENT":"Resistor 4.7kΩ ","PART_VALUE":"4.7kΩ","FINGER":"84892e7e642977daacb6d55d47b74fd4"},
{"LAYER":"BOT","ID":"R953A","COMPONENT":"Resistor 470Ω ","PART_VALUE":"470Ω","FINGER":"84d2428517d117d6e851188f07a328b4"},
{"LAYER":"TOP","ID":"C772","COMPONENT":"Capacitor 120pF ","PART_VALUE":"120pF","FINGER":"85031da54135cb4d9c23bfc13e5e7af5"},
{"LAYER":"TOP","ID":"CN1","COMPONENT":"DB9P ","PART_VALUE":"DB9P","FINGER":"8543a1c2e11b2d9ac022b7d362abaece"},
{"LAYER":"BOT","ID":"R151I","COMPONENT":"Resistor 68Ω ","PART_VALUE":"68Ω","FINGER":"85a71edaef310eebaf63227835b2e407"},
{"LAYER":"TOP","ID":"R951E","COMPONENT":"Resistor 4.7kΩ ","PART_VALUE":"4.7kΩ","FINGER":"866156faa03003de1b96a7f0866ea123"},
{"LAYER":"TOP","ID":"U33","COMPONENT":"IC 74LS74A ","PART_VALUE":"74LS74A","FINGER":"86d6cd831d971df66a3eedb09e3d5197"},
{"LAYER":"BOT","ID":"E625R","COMPONENT":"FB 1K ","PART_VALUE":"1K","FINGER":"86dbf16f4e887bb12d31723b0ed0dccc"},
{"LAYER":"TOP","ID":"R262B","COMPONENT":"Resistor 68Ω ","PART_VALUE":"68Ω","FINGER":"870280a8ade863aa9999033a91a81e71"},
{"LAYER":"TOP","ID":"U6A","COMPONENT":"IC 62408 ","PART_VALUE":"62408","FINGER":"876c0976bf1cc2c1fadb3e6678853502"},
{"LAYER":"BOT","ID":"C32","COMPONENT":"Capacitor 220nF ","PART_VALUE":"220nF","FINGER":"8772856c77266f2fc5bbc9e9113485ee"},
{"LAYER":"TOP","ID":"R215","COMPONENT":"Resistor 1kΩ ","PART_VALUE":"1kΩ","FINGER":"879715e226d9f2d445919ce1725564e8"},
{"LAYER":"TOP","ID":"E331R","COMPONENT":"FB 1K ","PART_VALUE":"1K","FINGER":"87a0c73e15f929126e90e156f01f9a9d"},
{"LAYER":"BOT","ID":"R261A","COMPONENT":"Resistor 68Ω ","PART_VALUE":"68Ω","FINGER":"87e63d8bf65d84eb3699c3f3c730879f"},
{"LAYER":"TOP","ID":"FB133","COMPONENT":"FB ","PART_VALUE":"FB","FINGER":"8811a38b674fbd71102b676dfb43a2de"},
{"LAYER":"TOP","ID":"C751","COMPONENT":"Capacitor 33pF ","PART_VALUE":"33pF","FINGER":"8894769c7992e6e689708b0a525e5909"},
{"LAYER":"BOT","ID":"R232C","COMPONENT":"Resistor 24.9Ω ","PART_VALUE":"24.9Ω","FINGER":"89965933b832eb10d74f1f1229e564ef"},
{"LAYER":"BOT","ID":"E358R","COMPONENT":"FB 1K ","PART_VALUE":"1K","FINGER":"8a16e99dfa7fcccba347bed804e4429b"},
{"LAYER":"TOP","ID":"C891","COMPONENT":"Electrolytic 47µF ","PART_VALUE":"47µF","FINGER":"8a23a9a1111ab2b307e794f77427c0aa"},
{"LAYER":"TOP","ID":"C750","COMPONENT":"Capacitor 220nF ","PART_VALUE":"220nF","FINGER":"8a61e4647340e724536d20227ac673d5"},
{"LAYER":"BOT","ID":"R224","COMPONENT":"Resistor 820Ω ","PART_VALUE":"820Ω","FINGER":"8a70b323054e226cd4e0020051803d88"},
{"LAYER":"BOT","ID":"C221","COMPONENT":"Capacitor 100nF ","PART_VALUE":"100nF","FINGER":"8b09ea9f91240598a863fb6cbca04916"},
{"LAYER":"TOP","ID":"U25","COMPONENT":"IC null ","PART_VALUE":"null","FINGER":"8ba1e3a243d652cd7571d994b232ac68"},
{"LAYER":"TOP","ID":"X2B","COMPONENT":"PIN ","PART_VALUE":"PIN","FINGER":"8c64023ea4cacc575f3c87c0563fb9ef"},
{"LAYER":"BOT","ID":"R333","COMPONENT":"Resistor 10kΩ ","PART_VALUE":"10kΩ","FINGER":"8ccb0235da415f6a5b69f307972aee0c"},
{"LAYER":"TOP","ID":"C777","COMPONENT":"Electrolytic 4.7µF ","PART_VALUE":"4.7µF","FINGER":"8d39c2d1dc328069968d73ffbf8c72d5"},
{"LAYER":"TOP","ID":"C16A","COMPONENT":"Capacitor 220nF ","PART_VALUE":"220nF","FINGER":"8d92e8537fea927c571c7c622e74db94"},
{"LAYER":"TOP","ID":"E374C","COMPONENT":"Capacitor 470pF ","PART_VALUE":"470pF","FINGER":"8df710d8bc07db5d017976f48d9bd8c8"},
{"LAYER":"TOP","ID":"CN9","COMPONENT":"8-PIN MINI-DIN ","PART_VALUE":"MINI-DIN","FINGER":"8e0dcd375ff305942bc5612ccba31c22"},
{"LAYER":"BOT","ID":"E623R","COMPONENT":"FB 1K ","PART_VALUE":"1K","FINGER":"8e27aabe935a94d79097458d8db6e75d"},
{"LAYER":"BOT","ID":"R242","COMPONENT":"Resistor 6.8kΩ ","PART_VALUE":"6.8kΩ","FINGER":"8e36ceb8a2bb40f3be5391de9fef8d74"},
{"LAYER":"BOT","ID":"E641R","COMPONENT":"Resistor 27Ω ","PART_VALUE":"27Ω","FINGER":"8ed42a51b1c3afbed9bb9b35ba92b27c"},
{"LAYER":"TOP","ID":"R262D","COMPONENT":"Resistor 68Ω ","PART_VALUE":"68Ω","FINGER":"8ef501e9b7b5cdc84c7b7aabec6a0195"},
{"LAYER":"TOP","ID":"D355","COMPONENT":"Diode 1N914 ","PART_VALUE":"1N914","FINGER":"8f851b8102b75f060bdf2b0ddde90411"},
{"LAYER":"BOT","ID":"E364R","COMPONENT":"FB 1K ","PART_VALUE":"1K","FINGER":"8f95759d7a9cc8dd0e009d3911eeb032"},
{"LAYER":"TOP","ID":"R340","COMPONENT":"Resistor 4.7kΩ ","PART_VALUE":"4.7kΩ","FINGER":"909d128f25fa38b7799b84dc82efd757"},
{"LAYER":"TOP","ID":"R628","COMPONENT":"Resistor 10kΩ ","PART_VALUE":"10kΩ","FINGER":"909dbabe98fc7f4057374e829fd2d9a0"},
{"LAYER":"TOP","ID":"Q865","COMPONENT":"NPN 2N3904 ","PART_VALUE":"2N3904","FINGER":"90dbf9cb5f3afd9a98233e0de9e59ba9"},
{"LAYER":"BOT","ID":"C333","COMPONENT":"Capacitor 3900pF ","PART_VALUE":"3900pF","FINGER":"918bd810678203cb105f4629b79d3ad8"},
{"LAYER":"BOT","ID":"E285C","COMPONENT":"Capacitor 100pF ","PART_VALUE":"100pF","FINGER":"921f5f9210d6851a6c1cf1f58f1409f3"},
{"LAYER":"BOT","ID":"R104","COMPONENT":"Resistor 1kΩ ","PART_VALUE":"1kΩ","FINGER":"9283101cad7f8019edb16e627a6dfb36"},
{"LAYER":"TOP","ID":"SW1","COMPONENT":"DPDT ","PART_VALUE":"DPDT","FINGER":"92bcf987ba21865577fb3307349ece74"},
{"LAYER":"TOP","ID":"Q752","COMPONENT":"NPN 2N3904 ","PART_VALUE":"2N3904","FINGER":"92dd893977953e5ea34d57018e1fa1c9"},
{"LAYER":"BOT","ID":"C244","COMPONENT":"Capacitor 10nF ","PART_VALUE":"10nF","FINGER":"93c508a068348f75f61c30ddb2356d3d"},
{"LAYER":"TOP","ID":"R385A","COMPONENT":"Resistor 360Ω ","PART_VALUE":"360Ω","FINGER":"93fd2c5195e1b4d0c5e32452571407e4"},
{"LAYER":"BOT","ID":"E377C","COMPONENT":"Capacitor 22pF ","PART_VALUE":"22pF","FINGER":"94a903cbc37462f76b88facee9170d2a"},
{"LAYER":"TOP","ID":"R371","COMPONENT":"Resistor 47Ω ","PART_VALUE":"47Ω","FINGER":"952edd69867eb3e54bc2a241a3675893"},
{"LAYER":"TOP","ID":"R342","COMPONENT":"Resistor 4.7kΩ ","PART_VALUE":"4.7kΩ","FINGER":"958331584746e7f8b7f16e0954597e93"},
{"LAYER":"TOP","ID":"U30","COMPONENT":"IC null ","PART_VALUE":"null","FINGER":"96efc061fd9526ebaf7fb4c1ab8c5032"},
{"LAYER":"BOT","ID":"C12B","COMPONENT":"Capacitor 47nF ","PART_VALUE":"47nF","FINGER":"9701f8771971a6bd1c202f60776deb69"},
{"LAYER":"BOT","ID":"E355C","COMPONENT":"Capacitor 6800pF ","PART_VALUE":"6800pF","FINGER":"970713518d498c37bf1684c85ad4d0fb"},
{"LAYER":"TOP","ID":"U5","COMPONENT":"IC AKIKO ","PART_VALUE":"AKIKO","FINGER":"975a7c7edccc7414fa91f6086992e201"},
{"LAYER":"TOP","ID":"R263B","COMPONENT":"Resistor 68Ω ","PART_VALUE":"68Ω","FINGER":"9784acb2f5e13b3faf959f269b1cc165"},
{"LAYER":"TOP","ID":"D365","COMPONENT":"Diode 1N914 ","PART_VALUE":"1N914","FINGER":"987de65acc44ebe90a976cf73c518bf8"},
{"LAYER":"TOP","ID":"C35","COMPONENT":"Capacitor 220nF ","PART_VALUE":"220nF","FINGER":"9952579eaea62b4d635b4bb6db4d9041"},
{"LAYER":"BOT","ID":"R953C","COMPONENT":"Resistor 470Ω ","PART_VALUE":"470Ω","FINGER":"9ad558dba2bef8d841fabb43d4c8e45c"},
{"LAYER":"BOT","ID":"E363R","COMPONENT":"FB 1K ","PART_VALUE":"1K","FINGER":"9b097a29beba89e1ec1fb57f72e13a23"},
{"LAYER":"BOT","ID":"R768","COMPONENT":"Resistor 1.5kΩ ","PART_VALUE":"1.5kΩ","FINGER":"9b0ed30c7932af7306866ded314db351"},
{"LAYER":"TOP","ID":"FB301","COMPONENT":"FB ","PART_VALUE":"FB","FINGER":"9bacf56d25df90b9aa01ac141a2506bd"},
{"LAYER":"BOT","ID":"R304","COMPONENT":"Resistor 1.02kΩ ","PART_VALUE":"1.02kΩ","FINGER":"9bb4e4c54ce9fb965d71942e7890c645"},
{"LAYER":"BOT","ID":"R231C","COMPONENT":"Resistor 49.9Ω ","PART_VALUE":"49.9Ω","FINGER":"9bc8bf7f0c6acc28471cfd83788e1f81"},
{"LAYER":"BOT","ID":"R862","COMPONENT":"Resistor *Ω ","PART_VALUE":"*Ω","FINGER":"9bedacc086f7141bba8f37a17f3f092b"},
{"LAYER":"TOP","ID":"R370F","COMPONENT":"Resistor 4.7kΩ ","PART_VALUE":"4.7kΩ","FINGER":"9c2fd78fc3e6d7f65f84f9430e4fc13e"},
{"LAYER":"TOP","ID":"R155","COMPONENT":"Resistor 47Ω ","PART_VALUE":"47Ω","FINGER":"9c665b28b7b14596f2a17e4b51961b2f"},
{"LAYER":"BOT","ID":"E353R","COMPONENT":"FB 1K ","PART_VALUE":"1K","FINGER":"9cac93712547f9fe1d9b33c85e0a3c64"},
{"LAYER":"BOT","ID":"R851","COMPONENT":"Resistor 8.2kΩ ","PART_VALUE":"8.2kΩ","FINGER":"9d3dd07fbfb09eda619f8c5b99e54cac"},
{"LAYER":"BOT","ID":"E627R","COMPONENT":"FB 1K ","PART_VALUE":"1K","FINGER":"9db70ceb00313a04700674aeb9533448"},
{"LAYER":"TOP","ID":"E286C","COMPONENT":"Capacitor 100pF ","PART_VALUE":"100pF","FINGER":"9e5e035badcb24a5fa7c332a380eb4fd"},
{"LAYER":"BOT","ID":"C321","COMPONENT":"Capacitor 6800pF ","PART_VALUE":"6800pF","FINGER":"9ed2cfdee06fb3e0ca7de29663e7aefc"},
{"LAYER":"TOP","ID":"Q365","COMPONENT":"MOSFET MMBF170L ","PART_VALUE":"MMBF170L","FINGER":"9f376075ac7d0ce65b90efa04fd6fe21"},
{"LAYER":"TOP","ID":"R511A","COMPONENT":"Resistor 1kΩ ","PART_VALUE":"1kΩ","FINGER":"9f4291dbbdd7c22a84b7a9b07f400b4f"},
{"LAYER":"TOP","ID":"E753R","COMPONENT":"Resistor 120Ω ","PART_VALUE":"120Ω","FINGER":"9f4fb0c335c7ff11b5a56fb09aec7ce6"},
{"LAYER":"BOT","ID":"R951C","COMPONENT":"Resistor 4.7kΩ ","PART_VALUE":"4.7kΩ","FINGER":"9fc64b067f4560840bb53de86c240bb1"},
{"LAYER":"BOT","ID":"C6B","COMPONENT":"Capacitor 220nF ","PART_VALUE":"220nF","FINGER":"9ff6304a8845930c0d39c64764e375f1"},
{"LAYER":"BOT","ID":"R239E","COMPONENT":"Resistor 68Ω ","PART_VALUE":"68Ω","FINGER":"a00e092e1346ef9abd03bf684d6384d0"},
{"LAYER":"TOP","ID":"R232E","COMPONENT":"Resistor 75Ω ","PART_VALUE":"75Ω","FINGER":"a0279cd96f69a93a273f0ed3cb54d42d"},
{"LAYER":"TOP","ID":"E231C","COMPONENT":"Capacitor 100pF ","PART_VALUE":"100pF","FINGER":"a0da13951c165ac1dc538ac908377700"},
{"LAYER":"TOP","ID":"CN8","COMPONENT":"4-PIN DIN ","PART_VALUE":"DIN","FINGER":"a0ecead23bd901ec2563ba33b3561e86"},
{"LAYER":"TOP","ID":"R763E","COMPONENT":"Resistor 4.7kΩ ","PART_VALUE":"4.7kΩ","FINGER":"a10c869e41b3f13b284ad36457bf4f9d"},
{"LAYER":"BOT","ID":"C222","COMPONENT":"Capacitor 100nF ","PART_VALUE":"100nF","FINGER":"a1aa584ef6f27f3295078807923baebe"},
{"LAYER":"TOP","ID":"D642","COMPONENT":"Diode 1N4001 ","PART_VALUE":"1N4001","FINGER":"a214bf9b77e5f9293278893cf6c408c8"},
{"LAYER":"BOT","ID":"R223","COMPONENT":"Resistor 698\/866Ω ","PART_VALUE":"698\/866Ω","FINGER":"a2f1cd69f1be6f3ddeda28df5a000614"},
{"LAYER":"BOT","ID":"R221","COMPONENT":"Resistor 1k\/820Ω ","PART_VALUE":"1k\/820Ω","FINGER":"a34e10a9f91e8e154ad02c48811d0469"},
{"LAYER":"BOT","ID":"E112C","COMPONENT":"Capacitor 22pF ","PART_VALUE":"22pF","FINGER":"a3af400422159f6fb9db5e073bb96774"},
{"LAYER":"BOT","ID":"R263H","COMPONENT":"Resistor 68Ω ","PART_VALUE":"68Ω","FINGER":"a3b6ba1af84a60e10588634863f07345"},
{"LAYER":"BOT","ID":"R370C","COMPONENT":"Resistor 4.7kΩ ","PART_VALUE":"4.7kΩ","FINGER":"a4d998dfd4d768868573bfe994bda915"},
{"LAYER":"TOP","ID":"R789","COMPONENT":"Resistor 6.8kΩ ","PART_VALUE":"6.8kΩ","FINGER":"a512c0977748d8c87d799a57bbaf6f10"},
{"LAYER":"BOT","ID":"R756","COMPONENT":"Resistor 4.7kΩ ","PART_VALUE":"4.7kΩ","FINGER":"a5c4dca26d13549442b8eaf8a5c49f06"},
{"LAYER":"TOP","ID":"R344","COMPONENT":"Resistor 47kΩ ","PART_VALUE":"47kΩ","FINGER":"a6021ad93f61b3f1d85814b3807f5cbe"},
{"LAYER":"BOT","ID":"R754","COMPONENT":"Resistor 4.7kΩ ","PART_VALUE":"4.7kΩ","FINGER":"a761b33e54c27810f194bbe5d47d2e8a"},
{"LAYER":"TOP","ID":"R633","COMPONENT":"Resistor 1kΩ ","PART_VALUE":"1kΩ","FINGER":"a777373d7064077558c95850788830cb"},
{"LAYER":"BOT","ID":"R239B","COMPONENT":"Resistor 68Ω ","PART_VALUE":"68Ω","FINGER":"a77de95e99fe592babe6aa96f3059e0c"},
{"LAYER":"TOP","ID":"XC2","COMPONENT":"Capacitor 220nF ","PART_VALUE":"220nF","FINGER":"a7c99bd422c34a57f4943db00f82e578"},
{"LAYER":"TOP","ID":"R262E","COMPONENT":"Resistor 68Ω ","PART_VALUE":"68Ω","FINGER":"a8e2bab16747d3784b4f3dc60b0f826b"},
{"LAYER":"BOT","ID":"R264","COMPONENT":"Resistor 27Ω ","PART_VALUE":"27Ω","FINGER":"a8eaeebdc0b4e340d06f26b85e3d0ccb"},
{"LAYER":"TOP","ID":"R152C","COMPONENT":"Resistor 68\/120Ω ","PART_VALUE":"68\/120Ω","FINGER":"a9638fb28a71791ee19fc19810d57614"},
{"LAYER":"BOT","ID":"R141","COMPONENT":"Resistor 1kΩ ","PART_VALUE":"1kΩ","FINGER":"a9664c971caeab5a66e00eb196f2f871"},
{"LAYER":"TOP","ID":"R309","COMPONENT":"Resistor 1Ω ","PART_VALUE":"1Ω","FINGER":"a9d9e34ca7bdd36fed82a23969c42e16"},
{"LAYER":"TOP","ID":"LF1B","COMPONENT":"FB ","PART_VALUE":"FB","FINGER":"aaeac03643402988e87102ea22d66df8"},
{"LAYER":"BOT","ID":"C243","COMPONENT":"Capacitor 1000pF ","PART_VALUE":"1000pF","FINGER":"ab6c1e398cf9627b19ed8c3fa136e239"},
{"LAYER":"TOP","ID":"E131C","COMPONENT":"Capacitor * ","PART_VALUE":"*","FINGER":"abfee24a7b4c6b732e08de6ddabe21af"},
{"LAYER":"BOT","ID":"C15B","COMPONENT":"Capacitor 220nF ","PART_VALUE":"220nF","FINGER":"ac24e36541395040421d1c9d160cb5d7"},
{"LAYER":"BOT","ID":"E368C","COMPONENT":"Capacitor 6800pF ","PART_VALUE":"6800pF","FINGER":"ac99402c0c7bc0931f1a61350300d20e"},
{"LAYER":"TOP","ID":"R396","COMPONENT":"Resistor 47kΩ ","PART_VALUE":"47kΩ","FINGER":"adc7c5994b748bbc10aad61316005ce8"},
{"LAYER":"TOP","ID":"FB623","COMPONENT":"FB ","PART_VALUE":"FB","FINGER":"ade993a3f74ffad6788403fb450f5f94"},
{"LAYER":"TOP","ID":"E361R","COMPONENT":"FB 1K ","PART_VALUE":"1K","FINGER":"ae04a96920840fc22513a088530654b6"},
{"LAYER":"TOP","ID":"R787","COMPONENT":"Resistor 100kΩ ","PART_VALUE":"100kΩ","FINGER":"aec7e22e0b2b55bf338ba33072ecde0e"},
{"LAYER":"TOP","ID":"E287R","COMPONENT":"FB 100 ","PART_VALUE":"100","FINGER":"af592e651428750939e0784656464aad"},
{"LAYER":"BOT","ID":"R954C","COMPONENT":"Resistor 1kΩ ","PART_VALUE":"1kΩ","FINGER":"b02ed535abb882098c09208c2551c6c5"},
{"LAYER":"TOP","ID":"R951G","COMPONENT":"Resistor 4.7kΩ ","PART_VALUE":"4.7kΩ","FINGER":"b19f8a7130dd1ffcfc2bc91d1f04abed"},
{"LAYER":"BOT","ID":"R770","COMPONENT":"Resistor 10kΩ ","PART_VALUE":"10kΩ","FINGER":"b3bcc368b45ad8cfa2c1a1121a1a1d95"},
{"LAYER":"TOP","ID":"E751R","COMPONENT":"Resistor 68Ω ","PART_VALUE":"68Ω","FINGER":"b45bcc3264f60b0607fb4baf00fd016f"},
{"LAYER":"TOP","ID":"U16","COMPONENT":"IC null ","PART_VALUE":"null","FINGER":"b478025fe0e6b9b775b74e94f94e1d3c"},
{"LAYER":"BOT","ID":"E367R","COMPONENT":"FB 1K ","PART_VALUE":"1K","FINGER":"b4c73505cfb13083b064dea16fb25f0b"},
{"LAYER":"BOT","ID":"R951H","COMPONENT":"Resistor 4.7kΩ ","PART_VALUE":"4.7kΩ","FINGER":"b537a034d025b785a22240ccdbe848f0"},
{"LAYER":"TOP","ID":"E131R","COMPONENT":"Resistor 68Ω ","PART_VALUE":"68Ω","FINGER":"b58888655e37538402d83b1552fa3859"},
{"LAYER":"TOP","ID":"R203","COMPONENT":"JUMP-RES 0\/* ","PART_VALUE":"0\/*","FINGER":"b68b2ca71464b01097c1585b138d9d46"},
{"LAYER":"TOP","ID":"FB992","COMPONENT":"FB ","PART_VALUE":"FB","FINGER":"b6e3bf86896b17819229a21ea106ea00"},
{"LAYER":"TOP","ID":"C806","COMPONENT":"Capacitor 47nF ","PART_VALUE":"47nF","FINGER":"b91ee708a2d01053295faaa767bc9826"},
{"LAYER":"TOP","ID":"D356","COMPONENT":"Diode 1N914 ","PART_VALUE":"1N914","FINGER":"b97c583d098192bc6b4dd4bf33b49387"},
{"LAYER":"BOT","ID":"C4B","COMPONENT":"Capacitor 220nF ","PART_VALUE":"220nF","FINGER":"ba2e7d299d515455a429b65a10dcf28e"},
{"LAYER":"TOP","ID":"R152B","COMPONENT":"Resistor 68Ω ","PART_VALUE":"68Ω","FINGER":"bac4d24c9434b4ebb0453b267dd1d119"},
{"LAYER":"BOT","ID":"R784","COMPONENT":"Resistor 47kΩ ","PART_VALUE":"47kΩ","FINGER":"bb2be205de35a69f74bdbad578f54c50"},
{"LAYER":"BOT","ID":"C18A","COMPONENT":"Capacitor 220nF ","PART_VALUE":"220nF","FINGER":"bc4a3af597b5cc61839a0f8cc5f6592c"},
{"LAYER":"TOP","ID":"D891","COMPONENT":"ZENER 6.2V ","PART_VALUE":"6.2V","FINGER":"bca1e74190828c3a4dd4499ae8b2878c"},
{"LAYER":"BOT","ID":"R323","COMPONENT":"Resistor 10kΩ ","PART_VALUE":"10kΩ","FINGER":"bd6de1fca7931d2c5e7682fdb39d493f"},
{"LAYER":"TOP","ID":"Q751","COMPONENT":"NPN 2N3904 ","PART_VALUE":"2N3904","FINGER":"be5c696f7e06509733b721e3bad4ff7d"},
{"LAYER":"TOP","ID":"D215A","COMPONENT":"PIN ","PART_VALUE":"PIN","FINGER":"be5f0ce4b269d0dc1fd6a97bd5249f22"},
{"LAYER":"BOT","ID":"R855","COMPONENT":"Resistor 4.7kΩ ","PART_VALUE":"4.7kΩ","FINGER":"be87cf23b819d4723725171ee0e86eff"},
{"LAYER":"BOT","ID":"R643","COMPONENT":"Resistor 1kΩ ","PART_VALUE":"1kΩ","FINGER":"beb5977f811c0ad379944f5109eac3b3"},
{"LAYER":"TOP","ID":"D286","COMPONENT":"Diode 1N914 ","PART_VALUE":"1N914","FINGER":"beec01ff3faaef1ddbeebad31a304686"},
{"LAYER":"BOT","ID":"C312","COMPONENT":"Capacitor 47nF ","PART_VALUE":"47nF","FINGER":"bef753b2b8f00a26322e26defdd3ea2e"},
{"LAYER":"BOT","ID":"R802","COMPONENT":"Resistor 0Ω ","PART_VALUE":"0Ω","FINGER":"bf118909d6e4eeb8d8d87a115f33739c"},
{"LAYER":"BOT","ID":"C30A","COMPONENT":"Capacitor 47nF ","PART_VALUE":"47nF","FINGER":"bf401bfb2f7ecfe4006bbe2be70bbf1a"},
{"LAYER":"BOT","ID":"R771","COMPONENT":"Resistor 4.7kΩ ","PART_VALUE":"4.7kΩ","FINGER":"bf47262e0fddff83a5c0000ce3372414"},
{"LAYER":"TOP","ID":"R892","COMPONENT":"Resistor 680Ω ","PART_VALUE":"680Ω","FINGER":"bf9c04fa27b0c4508058212c9f814852"},
{"LAYER":"TOP","ID":"R379","COMPONENT":"Resistor 470Ω ","PART_VALUE":"470Ω","FINGER":"bfa37b42d45797d622d59918f3a5a0b0"},
{"LAYER":"TOP","ID":"U49","COMPONENT":"IC RH5VA43A ","PART_VALUE":"RH5VA43A","FINGER":"bfaaa5fefcbecdde46839e67d684d64a"},
{"LAYER":"BOT","ID":"R205","COMPONENT":"JUMP-RES * ","PART_VALUE":"*","FINGER":"c011e75838af0b49e0cbaa3494c1c38f"},
{"LAYER":"TOP","ID":"TP8","COMPONENT":"PIN ","PART_VALUE":"PIN","FINGER":"c09bd8a5ee68f8949b6d54bd506745b2"},
{"LAYER":"BOT","ID":"C802","COMPONENT":"Capacitor 10nF ","PART_VALUE":"10nF","FINGER":"c0cc24931cbe19a9f65652bf9e4028fb"},
{"LAYER":"TOP","ID":"TP2","COMPONENT":"10-PIN SIL ","PART_VALUE":"SIL","FINGER":"c12b36301842967a7ed9cfabce579951"},
{"LAYER":"TOP","ID":"D641","COMPONENT":"Diode 1N4001 ","PART_VALUE":"1N4001","FINGER":"c16a084d3c4399cf1b5e39d2a90bdeed"},
{"LAYER":"BOT","ID":"R761","COMPONENT":"Resistor 10kΩ ","PART_VALUE":"10kΩ","FINGER":"c215ad3e66c3f5a97e95502d6a8e36c3"},
{"LAYER":"BOT","ID":"E642R","COMPONENT":"Resistor 27Ω ","PART_VALUE":"27Ω","FINGER":"c215de12d097b0ea550c995c27014f15"},
{"LAYER":"BOT","ID":"R152D","COMPONENT":"Resistor 68\/120Ω ","PART_VALUE":"68\/120Ω","FINGER":"c21e0cbd8ae22be87485a52ccd87b6b8"},
{"LAYER":"BOT","ID":"E132C","COMPONENT":"Capacitor * ","PART_VALUE":"*","FINGER":"c3ff38140308ff6f44d954fe5ef0f033"},
{"LAYER":"TOP","ID":"R459","COMPONENT":"Resistor 27kΩ ","PART_VALUE":"27kΩ","FINGER":"c40841029d7733955ce94e150904453b"},
{"LAYER":"TOP","ID":"R801","COMPONENT":"Resistor 0Ω ","PART_VALUE":"0Ω","FINGER":"c472c1ed3aef6e2bca8d133ba394d663"},
{"LAYER":"BOT","ID":"XR753","COMPONENT":"Resistor 10kΩ ","PART_VALUE":"10kΩ","FINGER":"c4802aefc87c5a7ec7329d5b9767770b"},
{"LAYER":"BOT","ID":"C30C","COMPONENT":"Capacitor 470nF ","PART_VALUE":"470nF","FINGER":"c4d34b224cc2d0077a747ea937256049"},
{"LAYER":"BOT","ID":"C19A","COMPONENT":"Capacitor 220nF ","PART_VALUE":"220nF","FINGER":"c4e61c2068e4ad94fe61d4060a012aeb"},
{"LAYER":"BOT","ID":"C211C","COMPONENT":"Capacitor 220nF ","PART_VALUE":"220nF","FINGER":"c6cb1465b86a4c7023aed786f9292026"},
{"LAYER":"TOP","ID":"E321R","COMPONENT":"FB 1K ","PART_VALUE":"1K","FINGER":"c6db173881e242eed8080f4514ac164b"},
{"LAYER":"BOT","ID":"R951D","COMPONENT":"Resistor 4.7kΩ ","PART_VALUE":"4.7kΩ","FINGER":"c7335403123fe754ee47174caedb9ae0"},
{"LAYER":"BOT","ID":"C242","COMPONENT":"Capacitor 15pF ","PART_VALUE":"15pF","FINGER":"c747235a766776b9693fa8db5a852cfe"},
{"LAYER":"TOP","ID":"R347","COMPONENT":"Resistor 4.7kΩ ","PART_VALUE":"4.7kΩ","FINGER":"c76e8fc4c459c6eb2a8f7d5f64696ae5"},
{"LAYER":"TOP","ID":"R154","COMPONENT":"Resistor 4.7kΩ ","PART_VALUE":"4.7kΩ","FINGER":"c77dc16a60f5eb858386450678733332"},
{"LAYER":"TOP","ID":"D752","COMPONENT":"Diode 1N914 ","PART_VALUE":"1N914","FINGER":"c889b9990e9d7dae76160da5e175d86d"},
{"LAYER":"BOT","ID":"R232A","COMPONENT":"Resistor 24.9Ω ","PART_VALUE":"24.9Ω","FINGER":"c8a75ed6df5e28ad693d420fd3bc4b5d"},
{"LAYER":"BOT","ID":"E134C","COMPONENT":"Capacitor * ","PART_VALUE":"*","FINGER":"c9ba185a157f3175bbe2d44439362bee"},
{"LAYER":"BOT","ID":"R343","COMPONENT":"Resistor *Ω ","PART_VALUE":"*Ω","FINGER":"ca4bf145a16817f18610c12be5df0e27"},
{"LAYER":"BOT","ID":"R953B","COMPONENT":"Resistor 470Ω ","PART_VALUE":"470Ω","FINGER":"ca7a42fe35df6f3cf6d2c11804dc5ead"},
{"LAYER":"TOP","ID":"D285","COMPONENT":"Diode 1N914 ","PART_VALUE":"1N914","FINGER":"cad30186375bc72392bcaa231ae0bef7"},
{"LAYER":"BOT","ID":"C4A","COMPONENT":"Capacitor 220nF ","PART_VALUE":"220nF","FINGER":"cb6653fccfb680d15dff750e9ec35d87"},
{"LAYER":"TOP","ID":"D643","COMPONENT":"Diode 1N4001 ","PART_VALUE":"1N4001","FINGER":"cb67a12ad260779a12423c29943dc1f2"},
{"LAYER":"TOP","ID":"R261D","COMPONENT":"Resistor 68Ω ","PART_VALUE":"68Ω","FINGER":"ccf6e73b717e9171b667ea237966a118"},
{"LAYER":"BOT","ID":"R151E","COMPONENT":"Resistor 68Ω ","PART_VALUE":"68Ω","FINGER":"ce1afc15554ea824d0fd27d80d74492e"},
{"LAYER":"BOT","ID":"C800","COMPONENT":"Capacitor 10nF ","PART_VALUE":"10nF","FINGER":"ce59dbe874273c8d2ad73479e422d559"},
{"LAYER":"TOP","ID":"C39","COMPONENT":"Capacitor 220nF ","PART_VALUE":"220nF","FINGER":"ced8aa7dff3b62c3be81e92d1b1e593a"},
{"LAYER":"TOP","ID":"Q321","COMPONENT":"JFET MMBF5484 ","PART_VALUE":"MMBF5484","FINGER":"cf06b9bb64cd69633a32386221febd65"},
{"LAYER":"TOP","ID":"R151J","COMPONENT":"Resistor 68Ω ","PART_VALUE":"68Ω","FINGER":"cf31d57e3944a3a25e7801e8141deffa"},
{"LAYER":"TOP","ID":"Q632","COMPONENT":"PNP 2N3906 ","PART_VALUE":"2N3906","FINGER":"cf9691a357215e9cc64380f432cec653"},
{"LAYER":"TOP","ID":"U19","COMPONENT":"IC null ","PART_VALUE":"null","FINGER":"d0e034be6cd25046f72057ee68dba1bb"},
{"LAYER":"TOP","ID":"R777","COMPONENT":"Resistor 100kΩ ","PART_VALUE":"100kΩ","FINGER":"d16c0802d38cc482225acb20336456db"},
{"LAYER":"BOT","ID":"R766","COMPONENT":"Resistor 1kΩ ","PART_VALUE":"1kΩ","FINGER":"d1784913134f706c8e283d0f02870d46"},
{"LAYER":"BOT","ID":"E621C","COMPONENT":"Capacitor 100pF ","PART_VALUE":"100pF","FINGER":"d1c78f1496b2a10bff7695be02d745b5"},
{"LAYER":"BOT","ID":"R953D","COMPONENT":"Resistor 4.7kΩ ","PART_VALUE":"4.7kΩ","FINGER":"d1f2ba322d899223e1ef534b48dd6143"},
{"LAYER":"TOP","ID":"E286R","COMPONENT":"FB 100 ","PART_VALUE":"100","FINGER":"d23d1571cbc7f1c1a53986dc7d802fd4"},
{"LAYER":"BOT","ID":"R763A","COMPONENT":"Resistor 4.7kΩ ","PART_VALUE":"4.7kΩ","FINGER":"d25850ea64e4d87a7d137a5a8995f41c"},
{"LAYER":"BOT","ID":"E642C","COMPONENT":"Capacitor 100pF ","PART_VALUE":"100pF","FINGER":"d263fd842a2b7200023be168ec0c4f42"},
{"LAYER":"BOT","ID":"R598","COMPONENT":"JUMP-RES 27 ","PART_VALUE":"27","FINGER":"d27a988e7506270c51f0c60ae7f91fce"},
{"LAYER":"TOP","ID":"Z221","COMPONENT":"LC ","PART_VALUE":"LC","FINGER":"d28cdcdfd3054a2636c5c3faa7df1d0c"},
{"LAYER":"TOP","ID":"E356C","COMPONENT":"Capacitor 6800pF ","PART_VALUE":"6800pF","FINGER":"d2fd747302190d8c1e7f29c850a857de"},
{"LAYER":"BOT","ID":"R245","COMPONENT":"JUMP-RES *\/2.7K ","PART_VALUE":"*\/2.7K","FINGER":"d435dcf0a83528e815d776d4ff0dccdd"},
{"LAYER":"TOP","ID":"FB131","COMPONENT":"FB ","PART_VALUE":"FB","FINGER":"d48f4b5c851f41c4a30b96748bfa0f00"},
{"LAYER":"BOT","ID":"R755","COMPONENT":"Resistor 47kΩ ","PART_VALUE":"47kΩ","FINGER":"d4cbb6d38da9c77b5d38019b73db65c6"},
{"LAYER":"TOP","ID":"Q765B","COMPONENT":"MOSFET MMFT2955 ","PART_VALUE":"MMFT2955","FINGER":"d51fb579e42c900d9fcfb83b8ce60a41"},
{"LAYER":"TOP","ID":"C17B","COMPONENT":"Capacitor 220nF ","PART_VALUE":"220nF","FINGER":"d553c1286b10a28b78b865c1ea66de1b"},
{"LAYER":"BOT","ID":"E622R","COMPONENT":"FB 1K ","PART_VALUE":"1K","FINGER":"d62aa11a4fbd1620469c3beaa5ff6095"},
{"LAYER":"TOP","ID":"R261G","COMPONENT":"Resistor 68Ω ","PART_VALUE":"68Ω","FINGER":"d68ad6917f34804ba350db0f285817c5"},
{"LAYER":"BOT","ID":"R234","COMPONENT":"Resistor 75Ω ","PART_VALUE":"75Ω","FINGER":"d77d8a09a7e1253a7e9a1f16c492a56b"},
{"LAYER":"TOP","ID":"R783","COMPONENT":"Resistor 18kΩ ","PART_VALUE":"18kΩ","FINGER":"d792d7bbed6da0ad10f96ebdcc1a16ef"},
{"LAYER":"TOP","ID":"E752R","COMPONENT":"Resistor **Ω ","PART_VALUE":"**Ω","FINGER":"d8046cfe406ab78141d12dbdf8819cb1"},
{"LAYER":"BOT","ID":"R238","COMPONENT":"Resistor *Ω ","PART_VALUE":"*Ω","FINGER":"d80df1e8a3b659914a03b0ae55ca1fc5"},
{"LAYER":"TOP","ID":"Q765A","COMPONENT":"PIN ","PART_VALUE":"PIN","FINGER":"d8443764fa8e1fffe5f001be40c1d3ea"},
{"LAYER":"TOP","ID":"FB621","COMPONENT":"FB ","PART_VALUE":"FB","FINGER":"d8ab36a8433dde8f18537924456eb379"},
{"LAYER":"BOT","ID":"C305","COMPONENT":"Capacitor 220nF ","PART_VALUE":"220nF","FINGER":"d92c1fe15d4f8ab2ca6c8874224d7292"},
{"LAYER":"BOT","ID":"R115","COMPONENT":"Resistor 27Ω ","PART_VALUE":"27Ω","FINGER":"d950df24740a7ff5809576ef9fa99c65"},
{"LAYER":"BOT","ID":"R262G","COMPONENT":"Resistor 68Ω ","PART_VALUE":"68Ω","FINGER":"d9e086a0c2f5a4caacbcd31a512c4f62"},
{"LAYER":"BOT","ID":"E643R","COMPONENT":"Resistor 68Ω ","PART_VALUE":"68Ω","FINGER":"d9e361b1ad9b1fad5eb46d22552f7501"},
{"LAYER":"TOP","ID":"FB301B","COMPONENT":"FB ","PART_VALUE":"FB","FINGER":"da438812ee2dc53b0d0c4698972a5dd6"},
{"LAYER":"TOP","ID":"E123R","COMPONENT":"Resistor 27\/68Ω ","PART_VALUE":"27\/68Ω","FINGER":"da5a73416297d73de3307455a41748b1"},
{"LAYER":"BOT","ID":"R113","COMPONENT":"Resistor 27Ω ","PART_VALUE":"27Ω","FINGER":"db1edaf1799cbe3668132253f913c105"},
{"LAYER":"BOT","ID":"R330","COMPONENT":"Resistor 330Ω ","PART_VALUE":"330Ω","FINGER":"db315fb13403cf5d0f366d7e5baa0878"},
{"LAYER":"BOT","ID":"C1A","COMPONENT":"Capacitor 220nF ","PART_VALUE":"220nF","FINGER":"db578561d40d6bbcbc89c6571fa819e8"},
{"LAYER":"BOT","ID":"R863","COMPONENT":"Resistor 1kΩ ","PART_VALUE":"1kΩ","FINGER":"dbbdeb6e9171744d48bb665ea5b718a2"},
{"LAYER":"TOP","ID":"FB401A","COMPONENT":"FB ","PART_VALUE":"FB","FINGER":"dbf35f915a7a8aeea02d0996d0528c7a"},
{"LAYER":"TOP","ID":"C237","COMPONENT":"Electrolytic 100µF ","PART_VALUE":"100µF","FINGER":"dc0a3797fb1a0bf4500507304f66e69c"},
{"LAYER":"TOP","ID":"U32","COMPONENT":"IC 78L05 ","PART_VALUE":"78L05","FINGER":"dc4504f6025448a736629f2eb5b530e7"},
{"LAYER":"BOT","ID":"R954D","COMPONENT":"Resistor 1kΩ ","PART_VALUE":"1kΩ","FINGER":"ddac3d541d49a1ed79f708a2363a2b5a"},
{"LAYER":"TOP","ID":"U31","COMPONENT":"IC LC78835M ","PART_VALUE":"LC78835M","FINGER":"deb737b832881dca12a94bf170490fbb"},
{"LAYER":"TOP","ID":"C865","COMPONENT":"Electrolytic 4.7µF ","PART_VALUE":"4.7µF","FINGER":"dedd1e4c2ed8d5ac182e48b48f934ffc"},
{"LAYER":"TOP","ID":"R629","COMPONENT":"Resistor 10kΩ ","PART_VALUE":"10kΩ","FINGER":"df0ab387b6d4390dfad8f912d5515b9f"},
{"LAYER":"BOT","ID":"E761C","COMPONENT":"Capacitor * ","PART_VALUE":"*","FINGER":"df399521ee12860e462d5afbf31f039d"},
{"LAYER":"BOT","ID":"R151H","COMPONENT":"Resistor 68Ω ","PART_VALUE":"68Ω","FINGER":"df67c520b4e353c43690c8ba551ebd5c"},
{"LAYER":"TOP","ID":"FB751","COMPONENT":"FB ","PART_VALUE":"FB","FINGER":"df821cbcbccc0c1f7b228b301202da54"},
{"LAYER":"BOT","ID":"R246","COMPONENT":"JUMP-RES 2.7K\/* ","PART_VALUE":"2.7K\/*","FINGER":"df9e0a995721e01d66bcda2191288cce"},
{"LAYER":"TOP","ID":"C362","COMPONENT":"Capacitor 220nF ","PART_VALUE":"220nF","FINGER":"e03081469efca3bdcaf45a2d8df48208"},
{"LAYER":"BOT","ID":"R760","COMPONENT":"Resistor 10kΩ ","PART_VALUE":"10kΩ","FINGER":"e0772c460b5eef493e0af89055ef3ebb"},
{"LAYER":"BOT","ID":"R636","COMPONENT":"Resistor 4.7kΩ ","PART_VALUE":"4.7kΩ","FINGER":"e0f6ad05212bdef8cb333d68e4e94079"},
{"LAYER":"TOP","ID":"R102","COMPONENT":"Resistor 1kΩ ","PART_VALUE":"1kΩ","FINGER":"e0feb60b70b354326211a0ff42406073"},
{"LAYER":"BOT","ID":"C365","COMPONENT":"Capacitor 100nF ","PART_VALUE":"100nF","FINGER":"e1c6a5985d4c8462b6c33e7eb11c9c66"},
{"LAYER":"TOP","ID":"D751","COMPONENT":"Diode 1N914 ","PART_VALUE":"1N914","FINGER":"e1ed36ece572e8166e60d6d6ad8232b2"},
{"LAYER":"TOP","ID":"R284","COMPONENT":"Resistor 100Ω ","PART_VALUE":"100Ω","FINGER":"e20f2eab87a980db53d3331d99858a5b"},
{"LAYER":"BOT","ID":"C641","COMPONENT":"Capacitor 220nF ","PART_VALUE":"220nF","FINGER":"e23a6c4f1604343dcce8d1d0e0adb42a"},
{"LAYER":"BOT","ID":"C313","COMPONENT":"Capacitor 47nF ","PART_VALUE":"47nF","FINGER":"e2a6f22734c57aa66a00a20a86c8aa17"},
{"LAYER":"BOT","ID":"E354R","COMPONENT":"FB 1K ","PART_VALUE":"1K","FINGER":"e32efd3e7d0476e3d64003e46eec79ec"},
{"LAYER":"TOP","ID":"Q855","COMPONENT":"NPN 2N3904 ","PART_VALUE":"2N3904","FINGER":"e34eaf111c50faebd966e2aa2485226a"},
{"LAYER":"TOP","ID":"E127R","COMPONENT":"Resistor 27Ω ","PART_VALUE":"27Ω","FINGER":"e3ba6551f8db5d9a48ff512aa2c7f954"},
{"LAYER":"TOP","ID":"CN4","COMPONENT":"RCA JACK ","PART_VALUE":"JACK","FINGER":"e4325140537055ae358119f0bf6320da"},
{"LAYER":"TOP","ID":"C33","COMPONENT":"Capacitor 47nF ","PART_VALUE":"47nF","FINGER":"e48efcf52dc278ed2c686b58030afefa"},
{"LAYER":"BOT","ID":"E375C","COMPONENT":"Capacitor 22pF ","PART_VALUE":"22pF","FINGER":"e4c0617334924aef8403657bceec03d9"},
{"LAYER":"BOT","ID":"E365R","COMPONENT":"FB 1K ","PART_VALUE":"1K","FINGER":"e4ed60024f36a6da1d920684952fee95"},
{"LAYER":"TOP","ID":"U1","COMPONENT":"IC MC68EC020 ","PART_VALUE":"MC68EC020","FINGER":"e503387567e86d4e4da45b419f9fc7ae"},
{"LAYER":"BOT","ID":"R219","COMPONENT":"Resistor 4.7kΩ ","PART_VALUE":"4.7kΩ","FINGER":"e556749bd6d15c35d33082bb5e3ad1a3"},
{"LAYER":"TOP","ID":"C303","COMPONENT":"Electrolytic 470µF ","PART_VALUE":"470µF","FINGER":"e568cf1c2ed8e232af99df737444d06f"},
{"LAYER":"BOT","ID":"E358C","COMPONENT":"Capacitor 6800pF ","PART_VALUE":"6800pF","FINGER":"e6a4a30f253e0d231a99c2e3eecd8a7e"},
{"LAYER":"BOT","ID":"E367C","COMPONENT":"Capacitor 6800pF ","PART_VALUE":"6800pF","FINGER":"e73dda8555a12944012c965e8af11161"},
{"LAYER":"BOT","ID":"R853","COMPONENT":"Resistor 1kΩ ","PART_VALUE":"1kΩ","FINGER":"e7de2f950c7a63877d016498bfbe688b"},
{"LAYER":"BOT","ID":"R954B","COMPONENT":"Resistor 1kΩ ","PART_VALUE":"1kΩ","FINGER":"e806d9ba2c65bdb919a45e15785095bf"},
{"LAYER":"TOP","ID":"C787","COMPONENT":"Electrolytic 4.7µF ","PART_VALUE":"4.7µF","FINGER":"e82378e0c8e4a45a7efacd707a518566"},
{"LAYER":"TOP","ID":"U6B","COMPONENT":"IC 62408 ","PART_VALUE":"62408","FINGER":"e8acc6ff85db8dc19eb33299d599f073"},
{"LAYER":"BOT","ID":"E627C","COMPONENT":"Capacitor 100pF ","PART_VALUE":"100pF","FINGER":"e9085b11c6bc7764d1dbcb02032a3b82"},
{"LAYER":"BOT","ID":"C211B","COMPONENT":"Capacitor 220nF ","PART_VALUE":"220nF","FINGER":"ea8e1f3ae9952c12c4a400c0e46bd092"},
{"LAYER":"BOT","ID":"R231B","COMPONENT":"Resistor 49.9Ω ","PART_VALUE":"49.9Ω","FINGER":"eadd73a03b9378823c1af1741d0e642d"},
{"LAYER":"TOP","ID":"R151A","COMPONENT":"Resistor 68Ω ","PART_VALUE":"68Ω","FINGER":"eae46edbf859260be499ba3a2dd4f13a"},
{"LAYER":"TOP","ID":"Q765","COMPONENT":"PIN ","PART_VALUE":"PIN","FINGER":"eb9740a3cd6b36df3aebb9ebc6b17098"},
{"LAYER":"TOP","ID":"E752C","COMPONENT":"Capacitor ** ","PART_VALUE":"**","FINGER":"ebf5518767964edb7520071d418f7ab0"},
{"LAYER":"TOP","ID":"C247","COMPONENT":"Varicap 47pF* ","PART_VALUE":"47pF*","FINGER":"ec2dee8e4e7059fa0b1913f40e4cb8a7"},
{"LAYER":"BOT","ID":"R303","COMPONENT":"Resistor 1.02kΩ ","PART_VALUE":"1.02kΩ","FINGER":"ec652a205763f659a56e160e4090257a"},
{"LAYER":"TOP","ID":"C306","COMPONENT":"Electrolytic * ","PART_VALUE":"*","FINGER":"ec75b9c70198a31fd06a8458a9ebef1f"},
{"LAYER":"BOT","ID":"R263A","COMPONENT":"Resistor 68Ω ","PART_VALUE":"68Ω","FINGER":"ecdd40bd2c22b7db36e28822d21176d9"},
{"LAYER":"BOT","ID":"R952B","COMPONENT":"Resistor 470Ω ","PART_VALUE":"470Ω","FINGER":"ecf173957bf0d8be5d5cce832a37dc1d"},
{"LAYER":"TOP","ID":"TP5","COMPONENT":"10-PIN SIL ","PART_VALUE":"SIL","FINGER":"ededb9fc223cae172783d3bd0fc937c4"},
{"LAYER":"BOT","ID":"E621R","COMPONENT":"Resistor 68\/FBΩ ","PART_VALUE":"68\/FBΩ","FINGER":"ee534739b4e68d6f17b47b3ef46fa94b"},
{"LAYER":"TOP","ID":"R763G","COMPONENT":"Resistor 4.7kΩ ","PART_VALUE":"4.7kΩ","FINGER":"ee543d46f8c2eeb1d7a7bef5369bf9b9"},
{"LAYER":"TOP","ID":"E361C","COMPONENT":"Capacitor 470pF ","PART_VALUE":"470pF","FINGER":"eedbc49b9c384f7738f3f86da07011bf"},
{"LAYER":"TOP","ID":"R346","COMPONENT":"Resistor *Ω ","PART_VALUE":"*Ω","FINGER":"ef41f319df452e4ac4c8609947064c0b"},
{"LAYER":"BOT","ID":"E124C","COMPONENT":"Capacitor 22pF ","PART_VALUE":"22pF","FINGER":"ef95c67e13ec43478f5a6b610cb4af2b"},
{"LAYER":"TOP","ID":"R261E","COMPONENT":"Resistor 68Ω ","PART_VALUE":"68Ω","FINGER":"f0315f764164ce15fb374dad66f8b1af"},
{"LAYER":"BOT","ID":"C349","COMPONENT":"Capacitor 10nF ","PART_VALUE":"10nF","FINGER":"f044887e727d053f48ae9cf5057f04f7"},
{"LAYER":"TOP","ID":"R263F","COMPONENT":"Resistor 68Ω ","PART_VALUE":"68Ω","FINGER":"f1dab2352b6017206e2cc31c4a56b3b1"},
{"LAYER":"TOP","ID":"R263C","COMPONENT":"Resistor 68Ω ","PART_VALUE":"68Ω","FINGER":"f2684233c5db183bce5c80c6f0afc8b6"},
{"LAYER":"BOT","ID":"C762","COMPONENT":"Capacitor 220nF ","PART_VALUE":"220nF","FINGER":"f28d188f27c12f6b2812d91af23b6fe6"},
{"LAYER":"BOT","ID":"E626C","COMPONENT":"Capacitor 100pF ","PART_VALUE":"100pF","FINGER":"f2af2d486a9d806aa673fee8df89d591"},
{"LAYER":"BOT","ID":"C241","COMPONENT":"Capacitor 56pF ","PART_VALUE":"56pF","FINGER":"f315cc0e82d4e02f4e29626a72883850"},
{"LAYER":"BOT","ID":"E377R","COMPONENT":"Resistor 27Ω ","PART_VALUE":"27Ω","FINGER":"f355ff26df8816d45cefca465450c687"},
{"LAYER":"TOP","ID":"FB401B","COMPONENT":"FB ","PART_VALUE":"FB","FINGER":"f426622ee1cf5ba79aa3f7615763bfc1"},
{"LAYER":"BOT","ID":"R635","COMPONENT":"Resistor 1kΩ ","PART_VALUE":"1kΩ","FINGER":"f46c9f1b42438fb7c18ae183cd02168d"},
{"LAYER":"BOT","ID":"R753","COMPONENT":"Resistor 47kΩ ","PART_VALUE":"47kΩ","FINGER":"f47335bbbf79fb3a65b56855376b0674"},
{"LAYER":"TOP","ID":"Q396","COMPONENT":"NPN 2N3904 ","PART_VALUE":"2N3904","FINGER":"f67e8a104dc6ab9cb6e851f05f51546a"},
{"LAYER":"TOP","ID":"U2","COMPONENT":"IC ALICE ","PART_VALUE":"ALICE","FINGER":"f6d788bdb9b6692f84677d34ee7c2eb2"},
{"LAYER":"TOP","ID":"C2X","COMPONENT":"Capacitor 330nF ","PART_VALUE":"330nF","FINGER":"f74de92a318da45ca30f1457f26d72c8"},
{"LAYER":"BOT","ID":"R331","COMPONENT":"Resistor 330Ω ","PART_VALUE":"330Ω","FINGER":"f76078818239bad298268a5d05987754"},
{"LAYER":"BOT","ID":"R283","COMPONENT":"Resistor 75Ω ","PART_VALUE":"75Ω","FINGER":"f79c34575d120b77c7a541ef80a98fcc"},
{"LAYER":"BOT","ID":"E366R","COMPONENT":"FB 1K ","PART_VALUE":"1K","FINGER":"f8fe7a9472a865c8c33a73b41f9669d7"},
{"LAYER":"BOT","ID":"E351C","COMPONENT":"Capacitor 470pF ","PART_VALUE":"470pF","FINGER":"f90c6167c55d5810da432987b91ee0e2"},
{"LAYER":"BOT","ID":"R235","COMPONENT":"Resistor 360Ω ","PART_VALUE":"360Ω","FINGER":"f9898184eb9351f0526ca03fbe34744c"},
{"LAYER":"BOT","ID":"C5A","COMPONENT":"Capacitor 220nF ","PART_VALUE":"220nF","FINGER":"f9c9751f9ed7165038f0218f9b1190ff"},
{"LAYER":"TOP","ID":"C239","COMPONENT":"Electrolytic 100µF ","PART_VALUE":"100µF","FINGER":"fc7cd41d9f29cd4d236db5eea56cd620"},
{"LAYER":"TOP","ID":"E751C","COMPONENT":"Capacitor * ","PART_VALUE":"*","FINGER":"fc8749891f616bab13f011749b2e6e47"},
{"LAYER":"BOT","ID":"R262F","COMPONENT":"Resistor 68Ω ","PART_VALUE":"68Ω","FINGER":"fcb939f8f1f19b6c978df7df66f51359"},
{"LAYER":"BOT","ID":"R370G","COMPONENT":"Resistor 4.7kΩ ","PART_VALUE":"4.7kΩ","FINGER":"fcf40fe488cfa5b7e2df06ca76367395"},
{"LAYER":"TOP","ID":"R597","COMPONENT":"JUMP-RES 27 ","PART_VALUE":"27","FINGER":"fd1566cf1b52dfcc0ebee027532a0400"},
{"LAYER":"TOP","ID":"R281","COMPONENT":"Resistor 2.2kΩ ","PART_VALUE":"2.2kΩ","FINGER":"fd21741da05fcef645cb835cb2769e45"},
{"LAYER":"BOT","ID":"E357C","COMPONENT":"Capacitor 6800pF ","PART_VALUE":"6800pF","FINGER":"fd39a7a6f20e458d202bad5e70a98612"},
{"LAYER":"TOP","ID":"R952A","COMPONENT":"Resistor 470Ω ","PART_VALUE":"470Ω","FINGER":"fdcc5884037b4b3c5025ec4ffaa84d2f"},
{"LAYER":"BOT","ID":"E623C","COMPONENT":"Capacitor 100pF ","PART_VALUE":"100pF","FINGER":"fe2b7b95dee219b348177e0e83ac790d"},
{"LAYER":"TOP","ID":"Q346","COMPONENT":"NPN 2N3904 ","PART_VALUE":"2N3904","FINGER":"fe7e0dd0d3b84b9f21d24d5962d11070"},
{"LAYER":"TOP","ID":"FB301A","COMPONENT":"FB ","PART_VALUE":"FB","FINGER":"fea6f65554668b400e1a61ada4da1086"},
{"LAYER":"BOT","ID":"C1B","COMPONENT":"Capacitor 47nF ","PART_VALUE":"47nF","FINGER":"fee24229298da8519c33a04780c81979"},
{"LAYER":"BOT","ID":"E761R","COMPONENT":"Resistor 68Ω ","PART_VALUE":"68Ω","FINGER":"fef78fd8e602cda095b1784be771a18d"},
{"LAYER":"BOT","ID":"R326","COMPONENT":"Resistor 470kΩ ","PART_VALUE":"470kΩ","FINGER":"ff3b6210490b9f2bb0daf5b77dff4f7a"},
{"LAYER":"TOP","ID":"L751","COMPONENT":"INDUCTOR 2.7µH ","PART_VALUE":"2.7µH","FINGER":"ff4ed7af92a9a0bb36f8569a44601c29"},
{"LAYER":"BOT","ID":"R152F","COMPONENT":"Resistor 68\/120Ω ","PART_VALUE":"68\/120Ω","FINGER":"ff8f2ca3b546341d9c29f71a713775d7"}
]