[
{"LAYER":"BOT","ID":"R624C","COMPONENT":"Resistor 4.7kΩ ","PART_VALUE":"4.7kΩ","FINGER":"00661ccfa47167d4903203fbcbe41d58"},
{"LAYER":"TOP","ID":"C34","COMPONENT":"Capacitor 47nF ","PART_VALUE":"47nF","FINGER":"011777d6f0cf0d06648dcd341c6c8fff"},
{"LAYER":"BOT","ID":"C805","COMPONENT":"Capacitor 10nF ","PART_VALUE":"10nF","FINGER":"01339330465bd6a38f6052eecc6dee60"},
{"LAYER":"BOT","ID":"R224","COMPONENT":"Resistor 820Ω ","PART_VALUE":"820Ω","FINGER":"02bcffafc6ca601fc6ab88fb84885eab"},
{"LAYER":"BOT","ID":"R511B","COMPONENT":"Resistor 10kΩ ","PART_VALUE":"10kΩ","FINGER":"0318ed2393c8a352240ecf7fd2efae54"},
{"LAYER":"BOT","ID":"E555C","COMPONENT":"Capacitor 470pF ","PART_VALUE":"470pF","FINGER":"035081f0167efc2f1a58e7745724ed8a"},
{"LAYER":"BOT","ID":"R626","COMPONENT":"Resistor *Ω ","PART_VALUE":"*Ω","FINGER":"038aa14ba73161b8e4f220fdb1130e23"},
{"LAYER":"BOT","ID":"E127R","COMPONENT":"FB 100 ","PART_VALUE":"100","FINGER":"03cc0d7816a93797598819235a0081d8"},
{"LAYER":"TOP","ID":"C332","COMPONENT":"Capacitor 6800pF ","PART_VALUE":"6800pF","FINGER":"03deb2e8ff069583f51780e3cb721a89"},
{"LAYER":"TOP","ID":"XU33","COMPONENT":"74LS74A ","PART_VALUE":"74LS74A","FINGER":"03ed0847f03caaf0b431aecde04970a7"},
{"LAYER":"TOP","ID":"R151J","COMPONENT":"Resistor 68Ω ","PART_VALUE":"68Ω","FINGER":"04503bdfd21a001dbdb0b48db8d6bc11"},
{"LAYER":"BOT","ID":"C16A","COMPONENT":"Capacitor 220nF ","PART_VALUE":"220nF","FINGER":"04cc432a9734ffe8afdd9be663ba654d"},
{"LAYER":"BOT","ID":"R242","COMPONENT":"Resistor 6.8kΩ ","PART_VALUE":"6.8kΩ","FINGER":"04dc71ef7cccc759de4c3e4f8dd65472"},
{"LAYER":"TOP","ID":"CN17","COMPONENT":"7-PIN SIL ","PART_VALUE":"SIL","FINGER":"0564fa1393624dcd4f5463f138604705"},
{"LAYER":"TOP","ID":"E596R","COMPONENT":"Resistor 68Ω ","PART_VALUE":"68Ω","FINGER":"05c7263714cb8972e175d7877d7772b0"},
{"LAYER":"TOP","ID":"C214","COMPONENT":"Electrolytic 10µF ","PART_VALUE":"10µF","FINGER":"069c0f8df37cb03fba6684351cd42794"},
{"LAYER":"BOT","ID":"C211A","COMPONENT":"Capacitor 220nF ","PART_VALUE":"220nF","FINGER":"06a54c192b4308577e28016b1b4fdfc9"},
{"LAYER":"BOT","ID":"E128R","COMPONENT":"Resistor 27Ω ","PART_VALUE":"27Ω","FINGER":"06d1737332e3c5a0a6792e0da88e5e62"},
{"LAYER":"BOT","ID":"C20D","COMPONENT":"Capacitor 47nF ","PART_VALUE":"47nF","FINGER":"0719ad0db86840a559c038186a37071a"},
{"LAYER":"TOP","ID":"R204","COMPONENT":"Resistor 4.7kΩ ","PART_VALUE":"4.7kΩ","FINGER":"07a238e512ad66eb7d613925ae7e0214"},
{"LAYER":"TOP","ID":"Q331","COMPONENT":"JFET MPF102 ","PART_VALUE":"MPF102","FINGER":"07dbb1cca17a01f77577cbcf87c9ae84"},
{"LAYER":"BOT","ID":"R621E","COMPONENT":"Resistor 4.7kΩ ","PART_VALUE":"4.7kΩ","FINGER":"07e8855387261e5bb82385262518d004"},
{"LAYER":"TOP","ID":"R151F","COMPONENT":"Resistor 68Ω ","PART_VALUE":"68Ω","FINGER":"0815f02a792983cb9b05a237804a86e2"},
{"LAYER":"BOT","ID":"E375R","COMPONENT":"Resistor 68Ω ","PART_VALUE":"68Ω","FINGER":"0873bbfa06ffde96aa597c3067d3f78f"},
{"LAYER":"BOT","ID":"E580R","COMPONENT":"Resistor 27Ω ","PART_VALUE":"27Ω","FINGER":"08c8dfe3cb585c5112805d38159c5fc8"},
{"LAYER":"BOT","ID":"R232E","COMPONENT":"Resistor 75Ω ","PART_VALUE":"75Ω","FINGER":"09f500cb84dd49ae60fb3451780d9edc"},
{"LAYER":"TOP","ID":"R164","COMPONENT":"Resistor 27Ω ","PART_VALUE":"27Ω","FINGER":"0a190cf619fe3b57b2948e7675b80e75"},
{"LAYER":"BOT","ID":"R151B","COMPONENT":"Resistor 68Ω ","PART_VALUE":"68Ω","FINGER":"0a7d013f403023e470ea5d8c948536ce"},
{"LAYER":"TOP","ID":"R633","COMPONENT":"Resistor 10kΩ ","PART_VALUE":"10kΩ","FINGER":"0a83cf2c26099259b5fd7db29ba298fd"},
{"LAYER":"TOP","ID":"R102","COMPONENT":"Resistor 1kΩ ","PART_VALUE":"1kΩ","FINGER":"0ab61e197467083e592c3536febe6dbf"},
{"LAYER":"TOP","ID":"E587R","COMPONENT":"Resistor 27Ω ","PART_VALUE":"27Ω","FINGER":"0ae86f1f3f944be21fbe7a371f3984dc"},
{"LAYER":"TOP","ID":"CN6","COMPONENT":"DB25P ","PART_VALUE":"DB25P","FINGER":"0bae2423e9c11d72c4ae8c2d8d1e1bdb"},
{"LAYER":"BOT","ID":"E123C","COMPONENT":"Capacitor 22pF* ","PART_VALUE":"22pF*","FINGER":"0cbcbba08e0e047351a64c3699e7f02b"},
{"LAYER":"TOP","ID":"E301","COMPONENT":"FB ","PART_VALUE":"FB","FINGER":"0d3c0e4c47523fc5850bea0000b13eca"},
{"LAYER":"TOP","ID":"R332","COMPONENT":"Resistor 10kΩ ","PART_VALUE":"10kΩ","FINGER":"0d893b84267074fb0aedbddab5e966b8"},
{"LAYER":"TOP","ID":"R323","COMPONENT":"Resistor 10kΩ ","PART_VALUE":"10kΩ","FINGER":"0e6da175627e9e8e9c2bfc1dd8982311"},
{"LAYER":"BOT","ID":"E377R","COMPONENT":"Resistor 27Ω ","PART_VALUE":"27Ω","FINGER":"0ef159fd47122be8f0f3419be6616466"},
{"LAYER":"BOT","ID":"C215","COMPONENT":"Capacitor * ","PART_VALUE":"*","FINGER":"0f5032e219a249ec5627dfd4c0cb8b1d"},
{"LAYER":"BOT","ID":"C30A","COMPONENT":"Capacitor 47nF ","PART_VALUE":"47nF","FINGER":"0f5713fd4fa1ad5d0e25c064ce1b2a80"},
{"LAYER":"TOP","ID":"E259R","COMPONENT":"FB 200 ","PART_VALUE":"200","FINGER":"0f7b0dd49381aa36a1abd1ea180c8341"},
{"LAYER":"TOP","ID":"R598","COMPONENT":"JUMP-RES * ","PART_VALUE":"*","FINGER":"0fe982a8a10f6cf3b0f2e721ed2f7faa"},
{"LAYER":"TOP","ID":"R331","COMPONENT":"Resistor 680Ω ","PART_VALUE":"680Ω","FINGER":"0ff2aa1d413a5eddbd051dc23a2cb4d6"},
{"LAYER":"BOT","ID":"R593","COMPONENT":"JUMP-RES 470 ","PART_VALUE":"470","FINGER":"10339c840ca7f5d73117810595ce2132"},
{"LAYER":"BOT","ID":"R370E","COMPONENT":"Resistor 4.7kΩ ","PART_VALUE":"4.7kΩ","FINGER":"1035b536b86e67a0c9f71b541054c576"},
{"LAYER":"TOP","ID":"R322","COMPONENT":"Resistor 10kΩ ","PART_VALUE":"10kΩ","FINGER":"10664b4d9fdd50be13337fa76612f704"},
{"LAYER":"TOP","ID":"C551","COMPONENT":"Capacitor 220nF ","PART_VALUE":"220nF","FINGER":"10f1c2e24378504869a2018cfdadc101"},
{"LAYER":"BOT","ID":"E376R","COMPONENT":"Resistor 27Ω ","PART_VALUE":"27Ω","FINGER":"11cf74cac84b81cd37f676aba503d709"},
{"LAYER":"TOP","ID":"R352","COMPONENT":"Resistor 4.7Ω ","PART_VALUE":"4.7Ω","FINGER":"11f057ee0e350425d9e8afedde44aefa"},
{"LAYER":"TOP","ID":"E331C","COMPONENT":"Capacitor 6800pF ","PART_VALUE":"6800pF","FINGER":"12b0d0cd566f9a8b05816c652605a6ff"},
{"LAYER":"BOT","ID":"E363R","COMPONENT":"Resistor 68Ω ","PART_VALUE":"68Ω","FINGER":"12b1042db5d6368dabb7ed3b27ae2d13"},
{"LAYER":"BOT","ID":"E361C","COMPONENT":"Capacitor 470pF ","PART_VALUE":"470pF","FINGER":"12cd16a9cf5422d40e48cc623759425e"},
{"LAYER":"BOT","ID":"R914B","COMPONENT":"Resistor 10kΩ ","PART_VALUE":"10kΩ","FINGER":"12fbe6d36ff7fb80d72f097541ee2353"},
{"LAYER":"BOT","ID":"R250","COMPONENT":"Resistor 4.7kΩ ","PART_VALUE":"4.7kΩ","FINGER":"13a74f11e0d8ea33f4fe867ea4036287"},
{"LAYER":"TOP","ID":"C822","COMPONENT":"Electrolytic 47µF ","PART_VALUE":"47µF","FINGER":"13dcbbc110e11d565d082c3dc44876de"},
{"LAYER":"BOT","ID":"E516R","COMPONENT":"Resistor 68Ω ","PART_VALUE":"68Ω","FINGER":"143b575b346521930acbb987188fd9ed"},
{"LAYER":"BOT","ID":"E354C","COMPONENT":"Capacitor 470pF ","PART_VALUE":"470pF","FINGER":"1501be42f0686400d0a7d27a956adf27"},
{"LAYER":"TOP","ID":"R572","COMPONENT":"Resistor 10kΩ ","PART_VALUE":"10kΩ","FINGER":"151b0864dee34ee168c4e69d392094f6"},
{"LAYER":"BOT","ID":"E126C","COMPONENT":"Capacitor 22pF ","PART_VALUE":"22pF","FINGER":"15dffa01eb1b15a4b5070759fa9b819c"},
{"LAYER":"TOP","ID":"Y451","COMPONENT":"Crystal 4.33619MHz ","PART_VALUE":"4.33619MHz","FINGER":"165cdf2bda17086e044e1aec60e513be"},
{"LAYER":"BOT","ID":"R621C","COMPONENT":"Resistor 4.7kΩ ","PART_VALUE":"4.7kΩ","FINGER":"166a02b02fba5a04ee371bde4da4b852"},
{"LAYER":"BOT","ID":"E590C","COMPONENT":"Capacitor 100pF ","PART_VALUE":"100pF","FINGER":"167f042da387aea1299f32601bedaa0c"},
{"LAYER":"TOP","ID":"R151E","COMPONENT":"Resistor 68Ω ","PART_VALUE":"68Ω","FINGER":"16c68cc36085594221b31067f0071532"},
{"LAYER":"TOP","ID":"FB401B","COMPONENT":"FB ","PART_VALUE":"FB","FINGER":"174316e336e492d6fc065d53de6dcf49"},
{"LAYER":"TOP","ID":"E261C","COMPONENT":"Capacitor 100pF ","PART_VALUE":"100pF","FINGER":"17d9498081e84e98ad54401d70281293"},
{"LAYER":"BOT","ID":"C807","COMPONENT":"Capacitor 47nF ","PART_VALUE":"47nF","FINGER":"18dbfb151e9cee19f24bd9ff748ee588"},
{"LAYER":"BOT","ID":"E365C","COMPONENT":"Capacitor 6800pF ","PART_VALUE":"6800pF","FINGER":"199d5f97ca28bc350051a8ba47cdeaf8"},
{"LAYER":"TOP","ID":"C2A","COMPONENT":"Capacitor 220nF ","PART_VALUE":"220nF","FINGER":"19fefa9cb017b44577aa0d91588d5e88"},
{"LAYER":"TOP","ID":"R639","COMPONENT":"Resistor 100Ω ","PART_VALUE":"100Ω","FINGER":"1a47e2d574c7e26fa57754d0f5fe6daf"},
{"LAYER":"BOT","ID":"E357C","COMPONENT":"Capacitor 6800pF ","PART_VALUE":"6800pF","FINGER":"1a65fb08d8a1463a045d4306225eaec8"},
{"LAYER":"BOT","ID":"E514C","COMPONENT":"Capacitor 100pF ","PART_VALUE":"100pF","FINGER":"1a78efc27a1426ace67ca4f6f08ba753"},
{"LAYER":"TOP","ID":"C711","COMPONENT":"Capacitor 220nF ","PART_VALUE":"220nF","FINGER":"1b8712008a461e548ed24c9e1627a9bc"},
{"LAYER":"TOP","ID":"R954A","COMPONENT":"Resistor 1kΩ ","PART_VALUE":"1kΩ","FINGER":"1b9e4b6bffb4e767f43e705c97976b7c"},
{"LAYER":"BOT","ID":"R233A","COMPONENT":"Resistor 470Ω ","PART_VALUE":"470Ω","FINGER":"1bce7717298ebe6fd39498a3268cf198"},
{"LAYER":"BOT","ID":"C199","COMPONENT":"Capacitor 220nF ","PART_VALUE":"220nF","FINGER":"1c04697f1a029b1daae730792d724553"},
{"LAYER":"TOP","ID":"C409","COMPONENT":"Electrolytic 100µF ","PART_VALUE":"100µF","FINGER":"1c70382e140dbab087914406b4d9ac1b"},
{"LAYER":"BOT","ID":"R262E","COMPONENT":"Resistor 68Ω ","PART_VALUE":"68Ω","FINGER":"1c79347356c4888704194a8bc6eb593e"},
{"LAYER":"TOP","ID":"C331","COMPONENT":"Capacitor 6800pF ","PART_VALUE":"6800pF","FINGER":"1c82e30ce73aed53bcac81b92cb4479e"},
{"LAYER":"TOP","ID":"C352","COMPONENT":"Capacitor 220nF ","PART_VALUE":"220nF","FINGER":"1cc6db61308f371990a8f04edd0b7473"},
{"LAYER":"TOP","ID":"Y621","COMPONENT":"Crystal 3MHz ","PART_VALUE":"3MHz","FINGER":"1cfbd26addb748b1a9dc16a9a2f5b76a"},
{"LAYER":"TOP","ID":"FB401A","COMPONENT":"FB ","PART_VALUE":"FB","FINGER":"1d5a53fe4f53d3aa6b8dbdcba30e2754"},
{"LAYER":"TOP","ID":"E260R","COMPONENT":"FB 200 ","PART_VALUE":"200","FINGER":"1d67d229058a822659ec1c6dd242a7ee"},
{"LAYER":"BOT","ID":"R621D","COMPONENT":"Resistor 4.7kΩ ","PART_VALUE":"4.7kΩ","FINGER":"1e2023f2644f6a68d7066009222ffa46"},
{"LAYER":"BOT","ID":"C629","COMPONENT":"Capacitor 330nF ","PART_VALUE":"330nF","FINGER":"1e4230f4438a8db32652590723510e69"},
{"LAYER":"BOT","ID":"E520R","COMPONENT":"Resistor 68Ω ","PART_VALUE":"68Ω","FINGER":"1e962b7d5c11c157c3b00b0c701809fb"},
{"LAYER":"BOT","ID":"C244","COMPONENT":"Capacitor 10nF ","PART_VALUE":"10nF","FINGER":"1f2591a701bc1184b962f3744f704b91"},
{"LAYER":"BOT","ID":"C803","COMPONENT":"Capacitor 47nF ","PART_VALUE":"47nF","FINGER":"1fd1144f53dd22ff41aa88d57a4e349b"},
{"LAYER":"TOP","ID":"R261C","COMPONENT":"Resistor 68Ω ","PART_VALUE":"68Ω","FINGER":"203ec5d912077c09ea2013032b088a6c"},
{"LAYER":"BOT","ID":"R262D","COMPONENT":"Resistor 68Ω ","PART_VALUE":"68Ω","FINGER":"20565eba00dd817627073979f0344628"},
{"LAYER":"BOT","ID":"R952C","COMPONENT":"Resistor 470Ω ","PART_VALUE":"470Ω","FINGER":"206365a60e7399e69ae938799dc1ef30"},
{"LAYER":"BOT","ID":"C211C","COMPONENT":"Capacitor 220nF ","PART_VALUE":"220nF","FINGER":"2081c14ee4d1182090625c861e9011c6"},
{"LAYER":"BOT","ID":"E594C","COMPONENT":"Capacitor 100pF ","PART_VALUE":"100pF","FINGER":"209f0fedd85dda67074df970615a994e"},
{"LAYER":"TOP","ID":"Q654","COMPONENT":"PNP 2N3906 ","PART_VALUE":"2N3906","FINGER":"20d5555b1e9324ca05a3adf53f3554bf"},
{"LAYER":"TOP","ID":"R309","COMPONENT":"Resistor 1Ω ","PART_VALUE":"1Ω","FINGER":"21781c85bce07b7fbc5aa447d4d61184"},
{"LAYER":"TOP","ID":"C307","COMPONENT":"Electrolytic 470µF ","PART_VALUE":"470µF","FINGER":"21aac0b1aa9b7c47a278b1215934e4e9"},
{"LAYER":"BOT","ID":"R594","COMPONENT":"JUMP-RES 0 ","PART_VALUE":"0","FINGER":"21ced31c8bb508aa5f1157fdc45d09d1"},
{"LAYER":"TOP","ID":"R261A","COMPONENT":"Resistor 68Ω ","PART_VALUE":"68Ω","FINGER":"22117bbefaf53e625d802aaf6f7f393e"},
{"LAYER":"TOP","ID":"E594R","COMPONENT":"Resistor 27Ω ","PART_VALUE":"27Ω","FINGER":"2264e75be075d6d82f15fbf6400e5378"},
{"LAYER":"TOP","ID":"U19","COMPONENT":"IC null ","PART_VALUE":"null","FINGER":"236d75b11e58e623b93d5447825054c9"},
{"LAYER":"BOT","ID":"C241","COMPONENT":"Capacitor 56pF ","PART_VALUE":"56pF","FINGER":"2385556ac6c5c4d69a25245a562ba543"},
{"LAYER":"TOP","ID":"C165","COMPONENT":"Capacitor * ","PART_VALUE":"*","FINGER":"23f5a240fce1ce3c7756a6687b89bb75"},
{"LAYER":"TOP","ID":"E133C","COMPONENT":"Capacitor *\/10pF ","PART_VALUE":"*\/10pF","FINGER":"2465084e0877d6201fcf4c2199f8f84e"},
{"LAYER":"TOP","ID":"Y452","COMPONENT":"Crystal 3.575611MHz* ","PART_VALUE":"3.575611MHz*","FINGER":"2488c45a85370d94c6acf3ff4663a5db"},
{"LAYER":"TOP","ID":"D903","COMPONENT":"Diode 1N914 ","PART_VALUE":"1N914","FINGER":"249992e5223033bd4c1f5e83dbe059d3"},
{"LAYER":"BOT","ID":"E591C","COMPONENT":"Capacitor 100pF ","PART_VALUE":"100pF","FINGER":"24a942d537124d9a0dce68794637f7c3"},
{"LAYER":"BOT","ID":"R370D","COMPONENT":"Resistor 4.7kΩ ","PART_VALUE":"4.7kΩ","FINGER":"250e066a7afe5aba2d6ff56ec0584639"},
{"LAYER":"TOP","ID":"Q653","COMPONENT":"NPN 2N3904 ","PART_VALUE":"2N3904","FINGER":"261bd68f4edc4615efbac01fe8a732a8"},
{"LAYER":"BOT","ID":"R591","COMPONENT":"Resistor 1kΩ ","PART_VALUE":"1kΩ","FINGER":"2693520d54ed588eb81d2b1ffe2a78f4"},
{"LAYER":"BOT","ID":"E523R","COMPONENT":"Resistor 68Ω ","PART_VALUE":"68Ω","FINGER":"26b3ad2117a6ec778dc241777a7b4f70"},
{"LAYER":"TOP","ID":"C1B","COMPONENT":"Capacitor 47nF ","PART_VALUE":"47nF","FINGER":"26be5b94c580bcb88525fc857333d881"},
{"LAYER":"TOP","ID":"R715A","COMPONENT":"Resistor 10kΩ ","PART_VALUE":"10kΩ","FINGER":"26c3c686b579e6777ff03d59a9d70ac7"},
{"LAYER":"BOT","ID":"R233D","COMPONENT":"Resistor 470Ω ","PART_VALUE":"470Ω","FINGER":"26ceae0b1cfa24c9770a35b865bb916b"},
{"LAYER":"TOP","ID":"C591","COMPONENT":"Capacitor 10nF ","PART_VALUE":"10nF","FINGER":"26dbdd3ea1be08323b8d2101a3fb210f"},
{"LAYER":"TOP","ID":"U49","COMPONENT":"IC RH5VA43A ","PART_VALUE":"RH5VA43A","FINGER":"26ee9f56c9647ce6ea73c4e7ca1f57d8"},
{"LAYER":"BOT","ID":"R237","COMPONENT":"Resistor 100Ω ","PART_VALUE":"100Ω","FINGER":"26f1751654689691ca1099ff7d4b6d4c"},
{"LAYER":"BOT","ID":"E262R","COMPONENT":"Resistor 68Ω ","PART_VALUE":"68Ω","FINGER":"2768923abf9983ff29e32c16218a7c72"},
{"LAYER":"BOT","ID":"E113R","COMPONENT":"Resistor *\/68Ω ","PART_VALUE":"*\/68Ω","FINGER":"27aacfcf43ce14796d0b6efc60cbf842"},
{"LAYER":"TOP","ID":"C29","COMPONENT":"Capacitor 47nF ","PART_VALUE":"47nF","FINGER":"284b88a9ca5e29e2accd05a8132eba4c"},
{"LAYER":"BOT","ID":"E121C","COMPONENT":"Capacitor *\/10pF ","PART_VALUE":"*\/10pF","FINGER":"28974a79319d1d5083c29dee2a8af475"},
{"LAYER":"TOP","ID":"U3","COMPONENT":"IC 8364 PAULA ","PART_VALUE":"PAULA","FINGER":"2908e41eca512eefe318d7d44de022c0"},
{"LAYER":"TOP","ID":"Q321","COMPONENT":"JFET MPF102 ","PART_VALUE":"MPF102","FINGER":"29afcc1afbe79c49c206e2812a2d4a00"},
{"LAYER":"BOT","ID":"R622","COMPONENT":"Resistor 100Ω ","PART_VALUE":"100Ω","FINGER":"2a05a246e08a62f370e29b84fb2ec1da"},
{"LAYER":"TOP","ID":"C7","COMPONENT":"Capacitor 220nF ","PART_VALUE":"220nF","FINGER":"2a519924b802962caf753ba4d26a4e04"},
{"LAYER":"TOP","ID":"C324","COMPONENT":"Electrolytic 22µF-NP ","PART_VALUE":"22µF-NP","FINGER":"2a59df5017bf703ba77bac82dac3969b"},
{"LAYER":"TOP","ID":"U9","COMPONENT":"IC null ","PART_VALUE":"null","FINGER":"2a5ef92060a6d382d67896240d5a6a25"},
{"LAYER":"BOT","ID":"E122C","COMPONENT":"Capacitor *\/10pF ","PART_VALUE":"*\/10pF","FINGER":"2a85dec2cfa142ddcf8d79b37bcaafbb"},
{"LAYER":"TOP","ID":"R347","COMPONENT":"Resistor 2.7kΩ ","PART_VALUE":"2.7kΩ","FINGER":"2ab2ac0e0f96dc07f473a535cf4b2610"},
{"LAYER":"TOP","ID":"U20","COMPONENT":"IC null ","PART_VALUE":"null","FINGER":"2b2ba5fc86cd296d77396788e9676f3c"},
{"LAYER":"BOT","ID":"R901","COMPONENT":"Resistor 470Ω ","PART_VALUE":"470Ω","FINGER":"2b3b96a4e42a2c314eeceab8e559294d"},
{"LAYER":"TOP","ID":"R971","COMPONENT":"Resistor 4.7kΩ ","PART_VALUE":"4.7kΩ","FINGER":"2bba84fb099db3e1a1a672872fbec113"},
{"LAYER":"BOT","ID":"R325","COMPONENT":"Resistor 360Ω ","PART_VALUE":"360Ω","FINGER":"2c8e29d1365754c08a47bb33a761324b"},
{"LAYER":"BOT","ID":"R372","COMPONENT":"Resistor 47Ω ","PART_VALUE":"47Ω","FINGER":"2d3a0ec0be07cb20276c57e06d0188f0"},
{"LAYER":"BOT","ID":"E582C","COMPONENT":"Capacitor 100pF ","PART_VALUE":"100pF","FINGER":"2d6156ca57c67209fc01a46aa14b49e5"},
{"LAYER":"BOT","ID":"E517R","COMPONENT":"Resistor 68Ω ","PART_VALUE":"68Ω","FINGER":"2df2d26de0b93dabf2d1e927f4251f1d"},
{"LAYER":"TOP","ID":"C302","COMPONENT":"Capacitor 220nF ","PART_VALUE":"220nF","FINGER":"2e87b1f2554962b94632d443a7d2b89b"},
{"LAYER":"TOP","ID":"R152D","COMPONENT":"Resistor 68Ω ","PART_VALUE":"68Ω","FINGER":"2f40b6d1952a9b86636318e847738414"},
{"LAYER":"BOT","ID":"R223","COMPONENT":"Resistor 787\/620Ω ","PART_VALUE":"787\/620Ω","FINGER":"2f46e3cc4b1518461cf801c44b4f2b5e"},
{"LAYER":"TOP","ID":"R337","COMPONENT":"Resistor 10kΩ ","PART_VALUE":"10kΩ","FINGER":"2fa52c0691a8be07ee4d8dd205cee93f"},
{"LAYER":"BOT","ID":"R236","COMPONENT":"Resistor 360\/120Ω ","PART_VALUE":"360\/120Ω","FINGER":"30002b36521d39033d8ca3f68f6b929e"},
{"LAYER":"BOT","ID":"R914D","COMPONENT":"Resistor 10kΩ ","PART_VALUE":"10kΩ","FINGER":"30a66a882d5130f603beb6b74c8b8181"},
{"LAYER":"BOT","ID":"R919B","COMPONENT":"Resistor 10kΩ ","PART_VALUE":"10kΩ","FINGER":"30f7155375425873de6e2a7c94c2bf90"},
{"LAYER":"BOT","ID":"R263E","COMPONENT":"Resistor 68Ω ","PART_VALUE":"68Ω","FINGER":"3234700a81f63278fb95ce425cb7347b"},
{"LAYER":"TOP","ID":"R953E","COMPONENT":"Resistor 470Ω ","PART_VALUE":"470Ω","FINGER":"32713cbbd56b1204d9c09e5a3252b22e"},
{"LAYER":"BOT","ID":"E357R","COMPONENT":"Resistor 68Ω ","PART_VALUE":"68Ω","FINGER":"327860d4695b32c21bf45d6c6e820fb8"},
{"LAYER":"BOT","ID":"R251","COMPONENT":"Resistor 4.7kΩ ","PART_VALUE":"4.7kΩ","FINGER":"329c74fb8baaf465155c574e5726f03e"},
{"LAYER":"TOP","ID":"U29","COMPONENT":"IC null ","PART_VALUE":"null","FINGER":"32f81ca6b436cd9303231d3ff62ea1b2"},
{"LAYER":"TOP","ID":"E254R","COMPONENT":"Resistor 47Ω ","PART_VALUE":"47Ω","FINGER":"330afd1a6b66ecc6bddc6d7f7961c781"},
{"LAYER":"BOT","ID":"R621G","COMPONENT":"Resistor 4.7kΩ ","PART_VALUE":"4.7kΩ","FINGER":"3312c080f2f5d1de76dc25e6c2ae77e0"},
{"LAYER":"BOT","ID":"E518C","COMPONENT":"Capacitor 100pF ","PART_VALUE":"100pF","FINGER":"33237c2e329320f1438f574de284a577"},
{"LAYER":"TOP","ID":"C333","COMPONENT":"Capacitor 3900pF ","PART_VALUE":"3900pF","FINGER":"334ffadfc564936d33e8bbc8ec81666e"},
{"LAYER":"BOT","ID":"E585C","COMPONENT":"Capacitor 100pF ","PART_VALUE":"100pF","FINGER":"33a00a2ce7fb44451cdf5768622842e6"},
{"LAYER":"BOT","ID":"R245","COMPONENT":"JUMP-RES *\/2.7K ","PART_VALUE":"*\/2.7K","FINGER":"34db6ecc02d1b29bac167725339e5364"},
{"LAYER":"TOP","ID":"E231R","COMPONENT":"FB 100 ","PART_VALUE":"100","FINGER":"351224e2396cd11988f2c8ae06fd65d5"},
{"LAYER":"BOT","ID":"C5A","COMPONENT":"Capacitor 220nF ","PART_VALUE":"220nF","FINGER":"35cdf5052467777be1e0ce4576b33ab2"},
{"LAYER":"TOP","ID":"LF1A","COMPONENT":"FB ","PART_VALUE":"FB","FINGER":"35fb1c1e492f46784dc1fdbec4a89e0f"},
{"LAYER":"BOT","ID":"R653","COMPONENT":"Resistor 10kΩ ","PART_VALUE":"10kΩ","FINGER":"361e0564c7b8557b6b2f70c75d79de7f"},
{"LAYER":"TOP","ID":"U32","COMPONENT":"IC null ","PART_VALUE":"null","FINGER":"363b10e7457fa985b7de1425977b2732"},
{"LAYER":"TOP","ID":"C407","COMPONENT":"Tantalum 10µF ","PART_VALUE":"10µF","FINGER":"366144a190a99ed5e7b3a98106d59683"},
{"LAYER":"TOP","ID":"R651","COMPONENT":"Resistor 4.7kΩ ","PART_VALUE":"4.7kΩ","FINGER":"368327f6a33b19e05e2a9ff7e3aea7c7"},
{"LAYER":"TOP","ID":"E253R","COMPONENT":"Resistor 47Ω ","PART_VALUE":"47Ω","FINGER":"36f999881c7c32911694410952600c73"},
{"LAYER":"TOP","ID":"C334","COMPONENT":"Electrolytic 22µF-NP ","PART_VALUE":"22µF-NP","FINGER":"375bdbee63ff904003ff1ced0a4cb7d7"},
{"LAYER":"TOP","ID":"C5B","COMPONENT":"Capacitor 220nF ","PART_VALUE":"220nF","FINGER":"377d97e3ab94781375e0f9f379814e7c"},
{"LAYER":"TOP","ID":"R152F","COMPONENT":"Resistor 68Ω ","PART_VALUE":"68Ω","FINGER":"37ef6720b54a97c658254dbd3b915668"},
{"LAYER":"TOP","ID":"U46","COMPONENT":"IC 74LS245 ","PART_VALUE":"74LS245","FINGER":"384d23bb1e51a1e916ec87d044a8e474"},
{"LAYER":"BOT","ID":"C221","COMPONENT":"Capacitor 100nF ","PART_VALUE":"100nF","FINGER":"385779566d808614cb339ba2a1fafe25"},
{"LAYER":"BOT","ID":"R263C","COMPONENT":"Resistor 68Ω ","PART_VALUE":"68Ω","FINGER":"38af9884a0a47b936b01afa8960dc238"},
{"LAYER":"BOT","ID":"R161","COMPONENT":"Resistor 470Ω ","PART_VALUE":"470Ω","FINGER":"393396a606a52a118fd8ba27dcf3b9f0"},
{"LAYER":"BOT","ID":"R715B","COMPONENT":"Resistor 10kΩ ","PART_VALUE":"10kΩ","FINGER":"3a3ba4aaa6b44b6570756c1e980a6a26"},
{"LAYER":"TOP","ID":"R919D","COMPONENT":"Resistor 10kΩ ","PART_VALUE":"10kΩ","FINGER":"3a5906b3fc72e783758aa8e542697f53"},
{"LAYER":"BOT","ID":"C804","COMPONENT":"Capacitor 220nF ","PART_VALUE":"220nF","FINGER":"3ad13f5eb5b1834ed35c3a3d9f0e6528"},
{"LAYER":"BOT","ID":"C152E","COMPONENT":"Capacitor 22pF ","PART_VALUE":"22pF","FINGER":"3adcd47c58f4b85c43ecf57184b2c618"},
{"LAYER":"TOP","ID":"E321R","COMPONENT":"Resistor 0Ω ","PART_VALUE":"0Ω","FINGER":"3af4f058e7e0f2201be86764ee8adc71"},
{"LAYER":"BOT","ID":"C312","COMPONENT":"Capacitor 47nF ","PART_VALUE":"47nF","FINGER":"3b33c57b3e5d1f4a08ad6c0f245164e1"},
{"LAYER":"BOT","ID":"R914A","COMPONENT":"Resistor 10kΩ ","PART_VALUE":"10kΩ","FINGER":"3b473725db7c5794f8499c301289ff29"},
{"LAYER":"BOT","ID":"R243","COMPONENT":"Resistor 10kΩ ","PART_VALUE":"10kΩ","FINGER":"3bdb249efded1e5f4ffb393e906092a5"},
{"LAYER":"TOP","ID":"D232B","COMPONENT":"Diode 1N914 ","PART_VALUE":"1N914","FINGER":"3c34ec61aa56c8471e5eff301a21ba66"},
{"LAYER":"TOP","ID":"R115","COMPONENT":"Resistor 68Ω ","PART_VALUE":"68Ω","FINGER":"3d4684c47a499d5ef457142c5a8ad689"},
{"LAYER":"TOP","ID":"D901","COMPONENT":"Diode 1N914 ","PART_VALUE":"1N914","FINGER":"3e02f7ec5e020f08e46c204bd412b5e2"},
{"LAYER":"BOT","ID":"E251C","COMPONENT":"Capacitor 100pF ","PART_VALUE":"100pF","FINGER":"3e9d7ed952fe1cede0f07dd23c3096ba"},
{"LAYER":"BOT","ID":"C806","COMPONENT":"Capacitor 47nF ","PART_VALUE":"47nF","FINGER":"3f3b16a44bef69690cc86ec90998fa6e"},
{"LAYER":"TOP","ID":"C408","COMPONENT":"Electrolytic 1000µF ","PART_VALUE":"1000µF","FINGER":"3f7b8af87c71390cd71e84004716e9d3"},
{"LAYER":"TOP","ID":"C3","COMPONENT":"Capacitor 220nF ","PART_VALUE":"220nF","FINGER":"40159796a10710d8002502d66179f6d8"},
{"LAYER":"BOT","ID":"C152A","COMPONENT":"Capacitor 22pF ","PART_VALUE":"22pF","FINGER":"4032832571a9f3dc56314053248a8d35"},
{"LAYER":"BOT","ID":"C23","COMPONENT":"Capacitor 47nF ","PART_VALUE":"47nF","FINGER":"407f353519d0a1cfb23a10acf1ed493b"},
{"LAYER":"TOP","ID":"R151H","COMPONENT":"Resistor 68Ω ","PART_VALUE":"68Ω","FINGER":"40b68bf710252ad4c517230ca16eaa93"},
{"LAYER":"BOT","ID":"R624A","COMPONENT":"Resistor 4.7kΩ ","PART_VALUE":"4.7kΩ","FINGER":"40e2cd4362b2b9d2550d5e08574384a4"},
{"LAYER":"TOP","ID":"D572","COMPONENT":"Diode 1N4001 ","PART_VALUE":"1N4001","FINGER":"41f96dce676e03f835b9c0295d378e9b"},
{"LAYER":"BOT","ID":"C702","COMPONENT":"Capacitor 220nF ","PART_VALUE":"220nF","FINGER":"42add4fde9a0c9e6b4c0a2411a5183c0"},
{"LAYER":"BOT","ID":"R265","COMPONENT":"Resistor 68Ω ","PART_VALUE":"68Ω","FINGER":"42d509f2100b7303164b183167e114e4"},
{"LAYER":"TOP","ID":"FB402D","COMPONENT":"FB ","PART_VALUE":"FB","FINGER":"42d7a7dfd1fb8580f23c1d1ad6d879b5"},
{"LAYER":"TOP","ID":"E556R","COMPONENT":"Resistor 68Ω ","PART_VALUE":"68Ω","FINGER":"42df34c380eecc40cdb559860013bf66"},
{"LAYER":"BOT","ID":"R595","COMPONENT":"JUMP-RES 27 ","PART_VALUE":"27","FINGER":"42e3e4edee77f922be3b5ace865c3981"},
{"LAYER":"TOP","ID":"R951A","COMPONENT":"Resistor 4.7kΩ ","PART_VALUE":"4.7kΩ","FINGER":"430c0493cdb6bcbd26700a65d2307ea2"},
{"LAYER":"BOT","ID":"C0C","COMPONENT":"Capacitor 220nF ","PART_VALUE":"220nF","FINGER":"4311e9c35f85b8e016e1c8146e1d4319"},
{"LAYER":"BOT","ID":"C32","COMPONENT":"Capacitor 220nF ","PART_VALUE":"220nF","FINGER":"43922f5c6df6be160591e592f99353eb"},
{"LAYER":"BOT","ID":"R202","COMPONENT":"Resistor 1kΩ ","PART_VALUE":"1kΩ","FINGER":"44a7ccf29ef336c2394d966492bc9a61"},
{"LAYER":"BOT","ID":"C4A","COMPONENT":"Capacitor 220nF ","PART_VALUE":"220nF","FINGER":"44b4045c3d57084afca5f32eb04d0a98"},
{"LAYER":"TOP","ID":"C28B","COMPONENT":"Capacitor 47nF ","PART_VALUE":"47nF","FINGER":"44ec3d93fd527339383c82bbd90ed659"},
{"LAYER":"TOP","ID":"C552","COMPONENT":"Capacitor 220nF ","PART_VALUE":"220nF","FINGER":"452e4e9e4e644385d5e1dffb7a614527"},
{"LAYER":"TOP","ID":"CN1","COMPONENT":"PIN ","PART_VALUE":"PIN","FINGER":"455d06c054dd3ecfec4fcb79b47e51b7"},
{"LAYER":"TOP","ID":"U2","COMPONENT":"IC 8374 ALICE ","PART_VALUE":"ALICE","FINGER":"4565e76142ab38b376f0816d6f012a5c"},
{"LAYER":"TOP","ID":"R625","COMPONENT":"JUMP-RES * ","PART_VALUE":"*","FINGER":"45a24394196a2212cffa18b6c7747a70"},
{"LAYER":"TOP","ID":"FB402A","COMPONENT":"FB ","PART_VALUE":"FB","FINGER":"45b383b460dc7db038d933a4f68bb12f"},
{"LAYER":"TOP","ID":"E232R","COMPONENT":"Resistor 4.7Ω ","PART_VALUE":"4.7Ω","FINGER":"45ec6acd773c3c621f81c7eade0746d5"},
{"LAYER":"TOP","ID":"LF1B","COMPONENT":"FB ","PART_VALUE":"FB","FINGER":"461edab90422fa545972d9c73504acb3"},
{"LAYER":"TOP","ID":"Q634","COMPONENT":"PNP * ","PART_VALUE":"*","FINGER":"473bd8880ae0dfeba911514754935297"},
{"LAYER":"TOP","ID":"CN14","COMPONENT":"5-PIN SIL ","PART_VALUE":"SIL","FINGER":"4791b01390a70e297e95213a245bf279"},
{"LAYER":"TOP","ID":"E524R","COMPONENT":"Resistor 47Ω ","PART_VALUE":"47Ω","FINGER":"47c1fb8072360a397212989c4af1bdc5"},
{"LAYER":"BOT","ID":"E521R","COMPONENT":"Resistor 68Ω ","PART_VALUE":"68Ω","FINGER":"4800c34bf713185cefd90e98647d6ebf"},
{"LAYER":"BOT","ID":"E511C","COMPONENT":"Capacitor 100pF ","PART_VALUE":"100pF","FINGER":"4873f6ddc9ce337e24f5677f060683ed"},
{"LAYER":"TOP","ID":"C28A","COMPONENT":"Capacitor 47nF ","PART_VALUE":"47nF","FINGER":"48f5925d678a163a982ac94820965f8a"},
{"LAYER":"BOT","ID":"E265C","COMPONENT":"Capacitor 10nF ","PART_VALUE":"10nF","FINGER":"48ff89bbe4d0bc27078c5649c691c58e"},
{"LAYER":"TOP","ID":"R345","COMPONENT":"Resistor 680Ω ","PART_VALUE":"680Ω","FINGER":"4904d106d08ca283abd5eeef64d917f3"},
{"LAYER":"BOT","ID":"C19B","COMPONENT":"Capacitor 220nF ","PART_VALUE":"220nF","FINGER":"498a6d5da212062efbc23068a62d564b"},
{"LAYER":"TOP","ID":"C1A","COMPONENT":"Capacitor 220nF ","PART_VALUE":"220nF","FINGER":"49b38cef521de40a662cebab6394d657"},
{"LAYER":"BOT","ID":"R657","COMPONENT":"Resistor 10kΩ ","PART_VALUE":"10kΩ","FINGER":"49cfb77528de8a241448844f82617d10"},
{"LAYER":"BOT","ID":"E520C","COMPONENT":"Capacitor 100pF ","PART_VALUE":"100pF","FINGER":"4a35cb75b7c91f5cfaa35531e6b3c249"},
{"LAYER":"BOT","ID":"R919A","COMPONENT":"Resistor 10kΩ ","PART_VALUE":"10kΩ","FINGER":"4a54732bbba366b0c91d137a921a296a"},
{"LAYER":"TOP","ID":"R655","COMPONENT":"Resistor 4.7kΩ ","PART_VALUE":"4.7kΩ","FINGER":"4abc3364d240d37a920d12d71fddb86f"},
{"LAYER":"TOP","ID":"R118","COMPONENT":"Resistor 470Ω ","PART_VALUE":"470Ω","FINGER":"4ac79e931bdb2d20377877a86dcfb7b4"},
{"LAYER":"BOT","ID":"C800","COMPONENT":"Capacitor 220nF ","PART_VALUE":"220nF","FINGER":"4ad0ef3a9ab20c2bcc4634c4150b70b9"},
{"LAYER":"BOT","ID":"E525R","COMPONENT":"Resistor 68Ω ","PART_VALUE":"68Ω","FINGER":"4b538de2874893ee2a750f9993ba0975"},
{"LAYER":"BOT","ID":"E261R","COMPONENT":"Resistor 68Ω ","PART_VALUE":"68Ω","FINGER":"4b88fc69394f95da2843775a90f0149e"},
{"LAYER":"BOT","ID":"C222","COMPONENT":"Capacitor 100nF ","PART_VALUE":"100nF","FINGER":"4bd65432e5cf7a2514b7c1bf20644ea5"},
{"LAYER":"TOP","ID":"X1","COMPONENT":"null ","PART_VALUE":"null","FINGER":"4bf407d05b175e415a9bcbb4e0cdfdae"},
{"LAYER":"TOP","ID":"R634","COMPONENT":"Resistor 4.7kΩ ","PART_VALUE":"4.7kΩ","FINGER":"4c8a9f768937bec0b927862414d0d294"},
{"LAYER":"TOP","ID":"U1","COMPONENT":"IC MC68EC020 ","PART_VALUE":"MC68EC020","FINGER":"4ca7518d6283949624bb84cec487c8bd"},
{"LAYER":"BOT","ID":"C43","COMPONENT":"Capacitor 220nF ","PART_VALUE":"220nF","FINGER":"4d3fcc1d27d80adf3cde262ecd5df083"},
{"LAYER":"BOT","ID":"E367R","COMPONENT":"Resistor 68Ω ","PART_VALUE":"68Ω","FINGER":"4d7decb7e911b86414d44eef040c4d0e"},
{"LAYER":"BOT","ID":"E599C","COMPONENT":"Capacitor 100pF ","PART_VALUE":"100pF","FINGER":"4e41b47ad41799a80051017154d349de"},
{"LAYER":"TOP","ID":"CN7","COMPONENT":"PIN ","PART_VALUE":"PIN","FINGER":"4e5003a169107b1e2d71b15741163b71"},
{"LAYER":"BOT","ID":"E517C","COMPONENT":"Capacitor 100pF ","PART_VALUE":"100pF","FINGER":"4ef6c6a32777d94998dc218ce299840e"},
{"LAYER":"BOT","ID":"C362","COMPONENT":"Capacitor 220nF ","PART_VALUE":"220nF","FINGER":"4f2b94f0c077f1e8d92b8994ee84580b"},
{"LAYER":"TOP","ID":"U28","COMPONENT":"IC null ","PART_VALUE":"null","FINGER":"4fde9cdefb56fa41750977ed011a076a"},
{"LAYER":"BOT","ID":"E358C","COMPONENT":"Capacitor 6800pF ","PART_VALUE":"6800pF","FINGER":"502f629b793191739d6a91ee9c65dbe4"},
{"LAYER":"TOP","ID":"Y9","COMPONENT":"PIN ","PART_VALUE":"PIN","FINGER":"5069e8ce153de5b977910293e9f8321c"},
{"LAYER":"BOT","ID":"E512R","COMPONENT":"Resistor 68Ω ","PART_VALUE":"68Ω","FINGER":"50979f5d7da644befb80b1cabcf99bf7"},
{"LAYER":"BOT","ID":"E374R","COMPONENT":"Resistor 68Ω ","PART_VALUE":"68Ω","FINGER":"50f6710ae9e146bbf16061e15846e836"},
{"LAYER":"BOT","ID":"E355R","COMPONENT":"Resistor 68Ω ","PART_VALUE":"68Ω","FINGER":"5216e876688bc94c589a81a9f7802a85"},
{"LAYER":"TOP","ID":"R326","COMPONENT":"Resistor 470kΩ ","PART_VALUE":"470kΩ","FINGER":"523f3c6a3c2e80a2ce447b6c9e3eaad0"},
{"LAYER":"TOP","ID":"U17","COMPONENT":"IC null ","PART_VALUE":"null","FINGER":"52c997c7179ad88661fecf0ce2911265"},
{"LAYER":"BOT","ID":"E361R","COMPONENT":"Resistor 68Ω ","PART_VALUE":"68Ω","FINGER":"52d0e7282f3955228b14db859b5bc3e6"},
{"LAYER":"BOT","ID":"R713","COMPONENT":"Resistor 10kΩ ","PART_VALUE":"10kΩ","FINGER":"532abd5cfab478f23cabaabcd966d602"},
{"LAYER":"TOP","ID":"R628","COMPONENT":"Resistor 1MΩ ","PART_VALUE":"1MΩ","FINGER":"53508abe8bccede98ad81d65cdf51879"},
{"LAYER":"BOT","ID":"R714A","COMPONENT":"Resistor 120Ω ","PART_VALUE":"120Ω","FINGER":"53c097c443973f4c19dab4748e46f065"},
{"LAYER":"TOP","ID":"R319","COMPONENT":"Resistor 1kΩ ","PART_VALUE":"1kΩ","FINGER":"5484f2d438b36dac1d511f275fd1760d"},
{"LAYER":"BOT","ID":"C152F","COMPONENT":"Capacitor 22pF ","PART_VALUE":"22pF","FINGER":"54c39abe4ce61b42b02e84af15544dc4"},
{"LAYER":"BOT","ID":"R952D","COMPONENT":"Resistor 470Ω ","PART_VALUE":"470Ω","FINGER":"54ee9ca371b10fd9319351131c2bbace"},
{"LAYER":"TOP","ID":"XR358","COMPONENT":"Resistor 470Ω ","PART_VALUE":"470Ω","FINGER":"54efd1c47b8128e262c3b444bd131306"},
{"LAYER":"TOP","ID":"R571","COMPONENT":"Resistor 2.7kΩ ","PART_VALUE":"2.7kΩ","FINGER":"5506d3f3e577b9ca35f16bae76eedc08"},
{"LAYER":"TOP","ID":"E562R","COMPONENT":"Resistor 47Ω ","PART_VALUE":"47Ω","FINGER":"551f42b84a41e2b126f326b92ca0affd"},
{"LAYER":"BOT","ID":"R652","COMPONENT":"Resistor 10kΩ ","PART_VALUE":"10kΩ","FINGER":"5593f6d2b9a4cf724af3b3a6dbe2e53a"},
{"LAYER":"BOT","ID":"R621B","COMPONENT":"Resistor 4.7kΩ ","PART_VALUE":"4.7kΩ","FINGER":"563e831482b1417bd08763bd6b27f2f3"},
{"LAYER":"BOT","ID":"C18A","COMPONENT":"Capacitor 220nF ","PART_VALUE":"220nF","FINGER":"56b7955ce402b77a463a70a4ef26202d"},
{"LAYER":"TOP","ID":"X2B","COMPONENT":"PIN ","PART_VALUE":"PIN","FINGER":"5775c2d5e80fef3e86c99259e17db7fd"},
{"LAYER":"TOP","ID":"R327","COMPONENT":"Resistor 10kΩ ","PART_VALUE":"10kΩ","FINGER":"578770582237c847e36d1e89f7d31a37"},
{"LAYER":"TOP","ID":"C305","COMPONENT":"Capacitor 220nF ","PART_VALUE":"220nF","FINGER":"578ffd6f3c6e76abe731f871c7c69881"},
{"LAYER":"BOT","ID":"C20B","COMPONENT":"Capacitor 47nF ","PART_VALUE":"47nF","FINGER":"579bac47368d5ceecc6648ef1b14b23c"},
{"LAYER":"TOP","ID":"U6A","COMPONENT":"IC 62408 ","PART_VALUE":"62408","FINGER":"57aae7a293b27a33855cfc794beb567b"},
{"LAYER":"TOP","ID":"U37","COMPONENT":"IC 74F32 ","PART_VALUE":"74F32","FINGER":"586c36eb0f22d5047b13ffa7c08c7949"},
{"LAYER":"BOT","ID":"E259C","COMPONENT":"Capacitor 47pF ","PART_VALUE":"47pF","FINGER":"58d0a21755e3517c001e4b6916859097"},
{"LAYER":"TOP","ID":"R151D","COMPONENT":"Resistor 68Ω ","PART_VALUE":"68Ω","FINGER":"591fb2fde839379bb513b6ce5c0f0e8e"},
{"LAYER":"BOT","ID":"E584C","COMPONENT":"Capacitor 100pF ","PART_VALUE":"100pF","FINGER":"5969fda2f9cfd807dd0e400006a76754"},
{"LAYER":"BOT","ID":"E253C","COMPONENT":"Capacitor 100pF ","PART_VALUE":"100pF","FINGER":"59a0eed341b69eb9a5c20eb9ff46cd63"},
{"LAYER":"TOP","ID":"E589R","COMPONENT":"Resistor 68Ω ","PART_VALUE":"68Ω","FINGER":"59fd11c902f6d8c340da36b962f77745"},
{"LAYER":"BOT","ID":"E513C","COMPONENT":"Capacitor 100pF ","PART_VALUE":"100pF","FINGER":"5a67e87d076b24b1b19bc09ac559fa56"},
{"LAYER":"BOT","ID":"C47","COMPONENT":"Capacitor 220nF ","PART_VALUE":"220nF","FINGER":"5ae6dbbab0cbf97ce8a34b0114ea8f04"},
{"LAYER":"BOT","ID":"R262A","COMPONENT":"Resistor 68Ω ","PART_VALUE":"68Ω","FINGER":"5afeea7e12360597570278b95f6c00ff"},
{"LAYER":"BOT","ID":"E522C","COMPONENT":"Capacitor 100pF ","PART_VALUE":"100pF","FINGER":"5b213abc04b3e0b7c55fd82ff475f0c1"},
{"LAYER":"TOP","ID":"U16","COMPONENT":"IC null ","PART_VALUE":"null","FINGER":"5b9e474b4acf8da2aa6cc59937bd4f3b"},
{"LAYER":"TOP","ID":"E256R","COMPONENT":"Resistor 47Ω ","PART_VALUE":"47Ω","FINGER":"5bd51222b0ae630c92dc1470099c7b4b"},
{"LAYER":"BOT","ID":"C0B","COMPONENT":"Capacitor 47nF ","PART_VALUE":"47nF","FINGER":"5c47be251f5eb93de81614fd5207c16f"},
{"LAYER":"BOT","ID":"E266C","COMPONENT":"Capacitor 100pF ","PART_VALUE":"100pF","FINGER":"5cba5c1d72a7046b66be5329baeebece"},
{"LAYER":"TOP","ID":"R304","COMPONENT":"Resistor 1.02kΩ ","PART_VALUE":"1.02kΩ","FINGER":"5cdc87fac54825c9f16be775e8c55bce"},
{"LAYER":"TOP","ID":"CN9","COMPONENT":"PIN ","PART_VALUE":"PIN","FINGER":"5d4f1a384514017bef77d594879c6caa"},
{"LAYER":"BOT","ID":"E368R","COMPONENT":"Resistor 68Ω ","PART_VALUE":"68Ω","FINGER":"5d6988e1af39ba9eb25f6c1e44c5cd6b"},
{"LAYER":"TOP","ID":"R334","COMPONENT":"Resistor 1kΩ ","PART_VALUE":"1kΩ","FINGER":"5d6e28313ada4d6853c37b2d9bdacf5c"},
{"LAYER":"BOT","ID":"E129C","COMPONENT":"Capacitor 22pF ","PART_VALUE":"22pF","FINGER":"5d8a29c415227573c6a5c6cb4264ad0d"},
{"LAYER":"BOT","ID":"R660","COMPONENT":"Resistor 470Ω ","PART_VALUE":"470Ω","FINGER":"5dd1b8f5c7806fc3b264823ab74e43a7"},
{"LAYER":"TOP","ID":"R599","COMPONENT":"JUMP-RES 27 ","PART_VALUE":"27","FINGER":"5e2fe4211b5346f53c0fa136f7ab858e"},
{"LAYER":"TOP","ID":"E331R","COMPONENT":"Resistor 0Ω ","PART_VALUE":"0Ω","FINGER":"5f30ef2d60ad593e261bc9e0fec04c77"},
{"LAYER":"TOP","ID":"C239","COMPONENT":"Electrolytic 100µF ","PART_VALUE":"100µF","FINGER":"5f876bf5ed3ace2b32eb0fcb761e276e"},
{"LAYER":"TOP","ID":"R117","COMPONENT":"Resistor 27Ω ","PART_VALUE":"27Ω","FINGER":"5fb263bff53ca3b1d71b9d04660ab376"},
{"LAYER":"BOT","ID":"E596C","COMPONENT":"Capacitor 100pF ","PART_VALUE":"100pF","FINGER":"60628c5cd7c4c3c2e5344cc70cb7c3f8"},
{"LAYER":"TOP","ID":"E201C","COMPONENT":"Capacitor * ","PART_VALUE":"*","FINGER":"6075b2f83ef115a9e5745f83001d12fc"},
{"LAYER":"TOP","ID":"C323","COMPONENT":"Capacitor 3900pF ","PART_VALUE":"3900pF","FINGER":"60da93c17c035f0cd08e4e717cc324e1"},
{"LAYER":"TOP","ID":"LF1","COMPONENT":"Line Filter ","PART_VALUE":"Filter","FINGER":"610f463814655ee831d956c47224786b"},
{"LAYER":"BOT","ID":"E512C","COMPONENT":"Capacitor 100pF ","PART_VALUE":"100pF","FINGER":"61675c11cead22d5d4ba3dbdde94eed2"},
{"LAYER":"TOP","ID":"R162","COMPONENT":"Resistor 27Ω ","PART_VALUE":"27Ω","FINGER":"61677934e5a4066472eeddb51af21c2e"},
{"LAYER":"BOT","ID":"C313","COMPONENT":"Capacitor 47nF ","PART_VALUE":"47nF","FINGER":"624e42342d735146bafdce2f5671e507"},
{"LAYER":"BOT","ID":"R953B","COMPONENT":"Resistor 470Ω ","PART_VALUE":"470Ω","FINGER":"62bda7776c75de9a326f3e038c36570e"},
{"LAYER":"BOT","ID":"C152B","COMPONENT":"Capacitor 22pF ","PART_VALUE":"22pF","FINGER":"62f878c6e256c326ea2f061b6c1f2f1e"},
{"LAYER":"TOP","ID":"Q652","COMPONENT":"PNP 2N3906 ","PART_VALUE":"2N3906","FINGER":"644d0bdc340dba72413f59b36ea49f23"},
{"LAYER":"TOP","ID":"E255R","COMPONENT":"Resistor 47Ω ","PART_VALUE":"47Ω","FINGER":"6482db927e084993382caf0be9328f02"},
{"LAYER":"BOT","ID":"E377C","COMPONENT":"Capacitor 22pF ","PART_VALUE":"22pF","FINGER":"64b020a14ac350843bbb3d3a2e0d091b"},
{"LAYER":"TOP","ID":"C811","COMPONENT":"Electrolytic 1000µF ","PART_VALUE":"1000µF","FINGER":"6543a3839dc677305a3dd040ee8a1d48"},
{"LAYER":"BOT","ID":"R261E","COMPONENT":"Resistor 68Ω ","PART_VALUE":"68Ω","FINGER":"6593ab6b1e3b4eb9908a8f53773674f6"},
{"LAYER":"BOT","ID":"E519R","COMPONENT":"Resistor 68Ω ","PART_VALUE":"68Ω","FINGER":"65a8c4116b1675ca3aa30b9640e26362"},
{"LAYER":"TOP","ID":"U15","COMPONENT":"IC LF347 ","PART_VALUE":"LF347","FINGER":"65abc57d87fa32bec4e48b7f1100b096"},
{"LAYER":"BOT","ID":"R370H","COMPONENT":"Resistor 4.7kΩ ","PART_VALUE":"4.7kΩ","FINGER":"660670b9f2b31619a885fe88bf3376de"},
{"LAYER":"TOP","ID":"C17A","COMPONENT":"Capacitor 220nF ","PART_VALUE":"220nF","FINGER":"67752374bdf7648bd995eb221ec010f5"},
{"LAYER":"TOP","ID":"E590R","COMPONENT":"Resistor 27Ω ","PART_VALUE":"27Ω","FINGER":"6777a255716a22abe2e88f3f0b61aa39"},
{"LAYER":"BOT","ID":"R222","COMPONENT":"Resistor 1kΩ ","PART_VALUE":"1kΩ","FINGER":"677f3ffecd2b93fa968cad2c4129f381"},
{"LAYER":"TOP","ID":"R116","COMPONENT":"Resistor 27Ω ","PART_VALUE":"27Ω","FINGER":"67aad5670559a35f55e3265f39f7708d"},
{"LAYER":"BOT","ID":"R715F","COMPONENT":"Resistor 10kΩ ","PART_VALUE":"10kΩ","FINGER":"67d1f526cc191e05d80abd636b84d6af"},
{"LAYER":"TOP","ID":"R951G","COMPONENT":"Resistor 4.7kΩ ","PART_VALUE":"4.7kΩ","FINGER":"67d4db74c430a1968d1cecd3cb9f98a7"},
{"LAYER":"BOT","ID":"E125C","COMPONENT":"Capacitor 22pF ","PART_VALUE":"22pF","FINGER":"67e6c4a4e0d444b8f97fe72b9faba2f2"},
{"LAYER":"TOP","ID":"R953D","COMPONENT":"Resistor 470Ω ","PART_VALUE":"470Ω","FINGER":"6802e72544fd6b61685d81c6131809bf"},
{"LAYER":"TOP","ID":"L241","COMPONENT":"INDUCTOR 1.2µH ","PART_VALUE":"1.2µH","FINGER":"680a584c99f4e2019545766781d4c0a4"},
{"LAYER":"BOT","ID":"R715C","COMPONENT":"Resistor 10kΩ ","PART_VALUE":"10kΩ","FINGER":"686340be7881852934e4a6fe18c7983d"},
{"LAYER":"BOT","ID":"R919F","COMPONENT":"Resistor 10kΩ ","PART_VALUE":"10kΩ","FINGER":"690986c426542f7d63b65ce1a22569c8"},
{"LAYER":"TOP","ID":"E122R","COMPONENT":"Resistor 27Ω ","PART_VALUE":"27Ω","FINGER":"692f28041a460e8a22cc8003a7c2070f"},
{"LAYER":"BOT","ID":"E519C","COMPONENT":"Capacitor 100pF ","PART_VALUE":"100pF","FINGER":"6936c30ec4e6ec54035ce72fd387d26b"},
{"LAYER":"TOP","ID":"E554C","COMPONENT":"Capacitor 470pF ","PART_VALUE":"470pF","FINGER":"69604f4a14108abade7d9dded7312a3b"},
{"LAYER":"TOP","ID":"CN1A","COMPONENT":"PIN ","PART_VALUE":"PIN","FINGER":"6960bbfcd33287ed5a68042749ae2db0"},
{"LAYER":"TOP","ID":"E257R","COMPONENT":"Resistor 68Ω ","PART_VALUE":"68Ω","FINGER":"69a2a2a6d46f29e49f06d920be01195b"},
{"LAYER":"TOP","ID":"E321C","COMPONENT":"Capacitor 6800pF ","PART_VALUE":"6800pF","FINGER":"69e75ca88fbe81af06d999136a08ebae"},
{"LAYER":"BOT","ID":"E583C","COMPONENT":"Capacitor 100pF ","PART_VALUE":"100pF","FINGER":"6a0464beb88c94548af2f1684eb6393f"},
{"LAYER":"BOT","ID":"R241","COMPONENT":"Resistor 4.7kΩ ","PART_VALUE":"4.7kΩ","FINGER":"6a5d5e59bbb715e5b0f010b365e26440"},
{"LAYER":"TOP","ID":"R100","COMPONENT":"Resistor 470Ω ","PART_VALUE":"470Ω","FINGER":"6a6610a92bd79bcecf389474ba320c7c"},
{"LAYER":"BOT","ID":"R263F","COMPONENT":"Resistor 68Ω ","PART_VALUE":"68Ω","FINGER":"6a9ffea0014369e1fb1130e1a300982e"},
{"LAYER":"TOP","ID":"E561R","COMPONENT":"Resistor 47Ω ","PART_VALUE":"47Ω","FINGER":"6ad9f30b62f4d6face1c73c5ffa28f1e"},
{"LAYER":"TOP","ID":"E262C","COMPONENT":"Capacitor * ","PART_VALUE":"*","FINGER":"6c4e310ba824fe2d52a10a5a7ff45ad0"},
{"LAYER":"TOP","ID":"C6A","COMPONENT":"Capacitor 220nF ","PART_VALUE":"220nF","FINGER":"6c4ffc3f3cc9f68161356c6f0f73f5e1"},
{"LAYER":"TOP","ID":"D904","COMPONENT":"Diode 1N914 ","PART_VALUE":"1N914","FINGER":"6c56dfde208dc562ab40e977e8541fea"},
{"LAYER":"TOP","ID":"E591R","COMPONENT":"Resistor 27Ω ","PART_VALUE":"27Ω","FINGER":"6c912be7608a77f27c06b1a0d95d8b74"},
{"LAYER":"BOT","ID":"R716","COMPONENT":"Resistor 10kΩ ","PART_VALUE":"10kΩ","FINGER":"6d339092b3c137134be7d1283426945a"},
{"LAYER":"BOT","ID":"R225","COMPONENT":"Resistor *Ω ","PART_VALUE":"*Ω","FINGER":"6d58ceddd1b21ae773b43ece9002feaa"},
{"LAYER":"BOT","ID":"R235","COMPONENT":"Resistor 360Ω ","PART_VALUE":"360Ω","FINGER":"6d6d88127013de714816daa1546512e4"},
{"LAYER":"BOT","ID":"E374C","COMPONENT":"Capacitor 470pF ","PART_VALUE":"470pF","FINGER":"6d73719a01e8f56c6e2659a0c09fcada"},
{"LAYER":"BOT","ID":"E364C","COMPONENT":"Capacitor 470pF ","PART_VALUE":"470pF","FINGER":"6d7402a8403ff219fa9089ecf997e12e"},
{"LAYER":"TOP","ID":"E124C","COMPONENT":"Capacitor 22pF ","PART_VALUE":"22pF","FINGER":"6dad02bd2dc40d7f88ce8140d2de1bf3"},
{"LAYER":"TOP","ID":"R336","COMPONENT":"Resistor 470kΩ ","PART_VALUE":"470kΩ","FINGER":"6db6c2772a11049ed4757cb152d34540"},
{"LAYER":"BOT","ID":"C19A","COMPONENT":"Capacitor 220nF ","PART_VALUE":"220nF","FINGER":"6eb88877d817164f1b28ce04cb83ad8c"},
{"LAYER":"TOP","ID":"CN4","COMPONENT":"RCA JACK ","PART_VALUE":"JACK","FINGER":"6ee23d24f285963bdf90c411b0217ec3"},
{"LAYER":"TOP","ID":"E267R","COMPONENT":"Resistor 68Ω ","PART_VALUE":"68Ω","FINGER":"6f63f0c270d96a041fc058e5027bdff3"},
{"LAYER":"TOP","ID":"R346","COMPONENT":"Resistor 10kΩ ","PART_VALUE":"10kΩ","FINGER":"6fa68bd437c1fc59eb3d9189170ac126"},
{"LAYER":"TOP","ID":"C20A","COMPONENT":"Capacitor 220nF ","PART_VALUE":"220nF","FINGER":"6fbf4b58bdf1620420e68a9a10c86f46"},
{"LAYER":"TOP","ID":"R234D","COMPONENT":"Resistor 75Ω ","PART_VALUE":"75Ω","FINGER":"7046255ed866a46b0afe464e1c1f9ad9"},
{"LAYER":"BOT","ID":"E598C","COMPONENT":"Capacitor 10nF ","PART_VALUE":"10nF","FINGER":"7099808d46b84347e36805cbeaf31641"},
{"LAYER":"TOP","ID":"Z221","COMPONENT":"LC ","PART_VALUE":"LC","FINGER":"71387c870a685d199261588e82fd8532"},
{"LAYER":"TOP","ID":"R151G","COMPONENT":"Resistor 68Ω ","PART_VALUE":"68Ω","FINGER":"7147aa1de5c6a6957d9ccf66dea11ccb"},
{"LAYER":"TOP","ID":"X2","COMPONENT":"PIN ","PART_VALUE":"PIN","FINGER":"716bde3220a18a35f772e2dcf20c03c2"},
{"LAYER":"TOP","ID":"C821","COMPONENT":"Electrolytic 47µF ","PART_VALUE":"47µF","FINGER":"71b378eb8fc5e86f137d9a430637d1a0"},
{"LAYER":"TOP","ID":"Q633","COMPONENT":"PNP 2N3906 ","PART_VALUE":"2N3906","FINGER":"71c1dfcbb8b86dffe146756eb8a03dff"},
{"LAYER":"TOP","ID":"C247","COMPONENT":"Varicap 47pF* ","PART_VALUE":"47pF*","FINGER":"71cf2489608660b4905f165f0fd0e5e3"},
{"LAYER":"TOP","ID":"R511E","COMPONENT":"Resistor 10kΩ ","PART_VALUE":"10kΩ","FINGER":"720dfedea094b23f0b70876b5a006873"},
{"LAYER":"BOT","ID":"R632","COMPONENT":"Resistor 4.7kΩ ","PART_VALUE":"4.7kΩ","FINGER":"7210d24293f3c5e6067d0d6839c277d8"},
{"LAYER":"TOP","ID":"U18","COMPONENT":"IC null ","PART_VALUE":"null","FINGER":"7219de73cbff4357f9bc26f99b84af2e"},
{"LAYER":"TOP","ID":"C622","COMPONENT":"Capacitor 22pF ","PART_VALUE":"22pF","FINGER":"72840b4aca22714898548fb6fa099c2d"},
{"LAYER":"BOT","ID":"C2B","COMPONENT":"Capacitor 220nF ","PART_VALUE":"220nF","FINGER":"72aa06ef0f5a1702826c25580a9999b4"},
{"LAYER":"BOT","ID":"E525C","COMPONENT":"Capacitor 100pF ","PART_VALUE":"100pF","FINGER":"72ed1600325048800997a7a31a3d9bba"},
{"LAYER":"TOP","ID":"R637","COMPONENT":"Resistor *Ω ","PART_VALUE":"*Ω","FINGER":"7336d0406cde8be8aab34de752a62574"},
{"LAYER":"TOP","ID":"E553C","COMPONENT":"Capacitor 470pF ","PART_VALUE":"470pF","FINGER":"738aeadb24d8e9f4d445e5d3696ce82a"},
{"LAYER":"BOT","ID":"C18B","COMPONENT":"Capacitor 220nF ","PART_VALUE":"220nF","FINGER":"740c6f847795f93c500ca71c1ffd8c27"},
{"LAYER":"TOP","ID":"C460","COMPONENT":"Electrolytic * ","PART_VALUE":"*","FINGER":"75400884b92b023f1481595b0ac2763a"},
{"LAYER":"TOP","ID":"P9A","COMPONENT":"DIL_40 ","PART_VALUE":"DIL_40","FINGER":"759e03d69974db7f1b3323b86a1ade24"},
{"LAYER":"BOT","ID":"C242","COMPONENT":"Capacitor 15pF ","PART_VALUE":"15pF","FINGER":"76980cb4acde414adb89f6b47f121669"},
{"LAYER":"BOT","ID":"R592","COMPONENT":"Resistor 1kΩ ","PART_VALUE":"1kΩ","FINGER":"76c011adc7f08c435fc32855944fb816"},
{"LAYER":"TOP","ID":"D573","COMPONENT":"Diode 1N4001 ","PART_VALUE":"1N4001","FINGER":"770130a86e975b9c9a923182722c813c"},
{"LAYER":"BOT","ID":"E113C","COMPONENT":"Capacitor 22pF ","PART_VALUE":"22pF","FINGER":"77336abc9011167c1eac154b1ae58a88"},
{"LAYER":"BOT","ID":"E356R","COMPONENT":"Resistor 68Ω ","PART_VALUE":"68Ω","FINGER":"77815018b756e417766d28418438e755"},
{"LAYER":"TOP","ID":"E583R","COMPONENT":"Resistor 27Ω ","PART_VALUE":"27Ω","FINGER":"77b817e62ee8c04a7ad165e462ec0a90"},
{"LAYER":"TOP","ID":"Q341","COMPONENT":"PNP 2N3906 ","PART_VALUE":"2N3906","FINGER":"79662b6cc9bedb7d76141bbe2e3ba586"},
{"LAYER":"BOT","ID":"C45","COMPONENT":"Capacitor 220nF ","PART_VALUE":"220nF","FINGER":"7ba1a9c957cac4cc755c670980b4f2cb"},
{"LAYER":"BOT","ID":"R919C","COMPONENT":"Resistor 10kΩ ","PART_VALUE":"10kΩ","FINGER":"7c270bdf978be7cab8041e44db8fb2dd"},
{"LAYER":"TOP","ID":"R511D","COMPONENT":"Resistor 10kΩ ","PART_VALUE":"10kΩ","FINGER":"7c415d445a0bcd7cb3fbca287fd62a1b"},
{"LAYER":"BOT","ID":"R715E","COMPONENT":"Resistor 10kΩ ","PART_VALUE":"10kΩ","FINGER":"7c598dfcce3d4042c75d1c4864ef8ef3"},
{"LAYER":"BOT","ID":"R216","COMPONENT":"Resistor 15Ω ","PART_VALUE":"15Ω","FINGER":"7c64944edbdbd9010c51f7ea481f8be5"},
{"LAYER":"BOT","ID":"E366R","COMPONENT":"Resistor 68Ω ","PART_VALUE":"68Ω","FINGER":"7ca31d018c0b5c5847b9a36b6c1a87bf"},
{"LAYER":"TOP","ID":"Q632","COMPONENT":"PNP 2N3906 ","PART_VALUE":"2N3906","FINGER":"7ca47dcd748ba683ce923cbaf8355e41"},
{"LAYER":"TOP","ID":"E265R","COMPONENT":"FB 200 ","PART_VALUE":"200","FINGER":"7cfc64c57f13a221b7dc630ce690cbb4"},
{"LAYER":"BOT","ID":"E353C","COMPONENT":"Capacitor 470pF ","PART_VALUE":"470pF","FINGER":"7e50f19722d637af12ab3efea4bd49d3"},
{"LAYER":"BOT","ID":"C911","COMPONENT":"Capacitor 22pF ","PART_VALUE":"22pF","FINGER":"7f8402ebbe2089d671f9a808758cefc6"},
{"LAYER":"TOP","ID":"E202R","COMPONENT":"Resistor 27Ω ","PART_VALUE":"27Ω","FINGER":"7fae605777f6df63e8cc6059309db998"},
{"LAYER":"TOP","ID":"R104","COMPONENT":"Resistor 1kΩ ","PART_VALUE":"1kΩ","FINGER":"7ff66bfca781fc7feceb587e388e7723"},
{"LAYER":"BOT","ID":"E123R","COMPONENT":"Resistor 27Ω ","PART_VALUE":"27Ω","FINGER":"803137e4f07e011188304b4a1e5c92fc"},
{"LAYER":"TOP","ID":"P9B","COMPONENT":"DIL_40 ","PART_VALUE":"DIL_40","FINGER":"80c8aaf02eac0d69126fc9f2adf3d968"},
{"LAYER":"TOP","ID":"U30","COMPONENT":"IC BT101 ","PART_VALUE":"BT101","FINGER":"80e18eb69e43fc77f9a479359cb23e0b"},
{"LAYER":"BOT","ID":"E363C","COMPONENT":"Capacitor 470pF ","PART_VALUE":"470pF","FINGER":"811c9e359c6ac4dac2dbd117294ff696"},
{"LAYER":"BOT","ID":"R252","COMPONENT":"Resistor 4.7kΩ ","PART_VALUE":"4.7kΩ","FINGER":"8143ecd307849063bc8896d3222eb998"},
{"LAYER":"BOT","ID":"C12A","COMPONENT":"Capacitor 220nF ","PART_VALUE":"220nF","FINGER":"81c087392893eb007de95a2535895922"},
{"LAYER":"TOP","ID":"TP1","COMPONENT":"10-PIN SIL ","PART_VALUE":"SIL","FINGER":"81f3133aea40bddbbf715201bddbef6c"},
{"LAYER":"TOP","ID":"CN8","COMPONENT":"PIN ","PART_VALUE":"PIN","FINGER":"823f157b81d61bf76dfcf0271d43d047"},
{"LAYER":"TOP","ID":"CN15","COMPONENT":"MEMORY_CARD ","PART_VALUE":"MEMORY_CARD","FINGER":"833c003e7ee5abdb94f9664390f64d92"},
{"LAYER":"BOT","ID":"C9","COMPONENT":"Capacitor 100nF ","PART_VALUE":"100nF","FINGER":"83457241db79fe3dfbf5badee64fae26"},
{"LAYER":"TOP","ID":"LF1C","COMPONENT":"FB ","PART_VALUE":"FB","FINGER":"846cbcab520118605c991622d9c644e6"},
{"LAYER":"BOT","ID":"E231C","COMPONENT":"Capacitor 100pF ","PART_VALUE":"100pF","FINGER":"848cd4815fff8695e50b38fb1fa87b7f"},
{"LAYER":"TOP","ID":"D231A","COMPONENT":"Diode 1N914 ","PART_VALUE":"1N914","FINGER":"84ea54338c69d07c59ee12e068cd129b"},
{"LAYER":"TOP","ID":"C37","COMPONENT":"Capacitor 47nF ","PART_VALUE":"47nF","FINGER":"850a69993b0ad0611ee9e4a6ad9969a1"},
{"LAYER":"BOT","ID":"R659","COMPONENT":"Resistor 470Ω ","PART_VALUE":"470Ω","FINGER":"85207cdf252f59997131249716a75e43"},
{"LAYER":"BOT","ID":"E254C","COMPONENT":"Capacitor 100pF ","PART_VALUE":"100pF","FINGER":"853c5c282c85cb9ab0c2ba975f76bf5a"},
{"LAYER":"BOT","ID":"C46","COMPONENT":"Capacitor 220nF ","PART_VALUE":"220nF","FINGER":"856e3c65aa0d67e79e8feb77bbef882a"},
{"LAYER":"BOT","ID":"R621","COMPONENT":"JUMP-RES * ","PART_VALUE":"*","FINGER":"86522c82b80a9e9d08e1366b9a61fc2c"},
{"LAYER":"BOT","ID":"E586R","COMPONENT":"Resistor 68Ω ","PART_VALUE":"68Ω","FINGER":"866d90cb87053132d2dbca5db1fe3096"},
{"LAYER":"BOT","ID":"E257C","COMPONENT":"Capacitor 100pF ","PART_VALUE":"100pF","FINGER":"868061f8ab6425c1a2fcf24ea4eafa89"},
{"LAYER":"TOP","ID":"R152E","COMPONENT":"Resistor 68Ω ","PART_VALUE":"68Ω","FINGER":"872b1bfc0bc2b20faf2f9a48b01ff8cc"},
{"LAYER":"TOP","ID":"R638","COMPONENT":"Resistor *Ω ","PART_VALUE":"*Ω","FINGER":"87565aa091f07aab9d0a725f115b2d0f"},
{"LAYER":"TOP","ID":"E112R","COMPONENT":"Resistor 68Ω ","PART_VALUE":"68Ω","FINGER":"875de21489f5dff9788ea595bddab2b9"},
{"LAYER":"TOP","ID":"R919H","COMPONENT":"Resistor 10kΩ ","PART_VALUE":"10kΩ","FINGER":"877d2feaa4b8bb4822773515fb744f3b"},
{"LAYER":"BOT","ID":"E351C","COMPONENT":"Capacitor 470pF ","PART_VALUE":"470pF","FINGER":"887cfa1ad820dafce20cd72f04d64999"},
{"LAYER":"BOT","ID":"E366C","COMPONENT":"Capacitor 6800pF ","PART_VALUE":"6800pF","FINGER":"89156fc10535c741dedc4ea8626d239b"},
{"LAYER":"BOT","ID":"E126R","COMPONENT":"Resistor 27Ω ","PART_VALUE":"27Ω","FINGER":"899e0bfd7dab3e8fe1057a59f6ff686e"},
{"LAYER":"TOP","ID":"R329","COMPONENT":"Resistor 10kΩ ","PART_VALUE":"10kΩ","FINGER":"8a64a66ccfa50833b214887c65a04936"},
{"LAYER":"BOT","ID":"C802","COMPONENT":"Capacitor 47nF ","PART_VALUE":"47nF","FINGER":"8b4263d3d56ae1d073f20833c92825b0"},
{"LAYER":"BOT","ID":"E267C","COMPONENT":"Capacitor 100pF ","PART_VALUE":"100pF","FINGER":"8b8d0d32977835ce0b43a55103791121"},
{"LAYER":"BOT","ID":"R261D","COMPONENT":"Resistor 68Ω ","PART_VALUE":"68Ω","FINGER":"8bbd2f4819b16f43317e4dde65dc4cff"},
{"LAYER":"TOP","ID":"FB402B","COMPONENT":"FB ","PART_VALUE":"FB","FINGER":"8c9936787f76023653f77d69b81ca799"},
{"LAYER":"BOT","ID":"C4B","COMPONENT":"Capacitor 220nF ","PART_VALUE":"220nF","FINGER":"8e959106477f081601e7e4c52f28522b"},
{"LAYER":"TOP","ID":"R152B","COMPONENT":"Resistor 68Ω ","PART_VALUE":"68Ω","FINGER":"8edae325744a5970b7a7a366b7f1ecaf"},
{"LAYER":"TOP","ID":"CN10","COMPONENT":"RCA JACK ","PART_VALUE":"JACK","FINGER":"8f0fa9a2171e466755c2fb94aa906583"},
{"LAYER":"TOP","ID":"R333","COMPONENT":"Resistor 10kΩ ","PART_VALUE":"10kΩ","FINGER":"8f949f29de5287e31ade18d8c0d78c7d"},
{"LAYER":"TOP","ID":"R232B","COMPONENT":"Resistor 24.9Ω ","PART_VALUE":"24.9Ω","FINGER":"9030e0faf8fe193d5e9051be18177710"},
{"LAYER":"BOT","ID":"E132R","COMPONENT":"Resistor 68Ω ","PART_VALUE":"68Ω","FINGER":"9090cf79902a0be80b0a17a8ff197eca"},
{"LAYER":"TOP","ID":"R951F","COMPONENT":"Resistor 4.7kΩ ","PART_VALUE":"4.7kΩ","FINGER":"90f265ed60b1d792ffd758de3e48f644"},
{"LAYER":"TOP","ID":"C901","COMPONENT":"Tantalum 10µF ","PART_VALUE":"10µF","FINGER":"91e2ddeeaa7c5bbbe1c1bd44f4d64efd"},
{"LAYER":"TOP","ID":"R101","COMPONENT":"Resistor 470Ω ","PART_VALUE":"470Ω","FINGER":"9210814aa90d8bb5962891d77b4565cb"},
{"LAYER":"BOT","ID":"E114R","COMPONENT":"Resistor 68Ω ","PART_VALUE":"68Ω","FINGER":"921f5f9210d6851a6c1cf1f58f1409f3"},
{"LAYER":"BOT","ID":"C17B","COMPONENT":"Capacitor 220nF ","PART_VALUE":"220nF","FINGER":"9246e489db537da569daee3ea6d46659"},
{"LAYER":"BOT","ID":"E587C","COMPONENT":"Capacitor 100pF ","PART_VALUE":"100pF","FINGER":"929076b7a373faaff76a136c22e033af"},
{"LAYER":"BOT","ID":"R244","COMPONENT":"Resistor 1kΩ ","PART_VALUE":"1kΩ","FINGER":"92b415a5d5d7a78e0ccd638447479f30"},
{"LAYER":"BOT","ID":"XC33","COMPONENT":"Capacitor 47nF ","PART_VALUE":"47nF","FINGER":"932e117b791ce9a18dcfe73ee71244e7"},
{"LAYER":"TOP","ID":"R596","COMPONENT":"JUMP-RES * ","PART_VALUE":"*","FINGER":"932f29a18db28014a5d4d66c54569715"},
{"LAYER":"TOP","ID":"R701","COMPONENT":"Resistor 10kΩ ","PART_VALUE":"10kΩ","FINGER":"93621baa09080e33ae23d7b579ca38be"},
{"LAYER":"BOT","ID":"E518R","COMPONENT":"Resistor 68Ω ","PART_VALUE":"68Ω","FINGER":"93a4a6fefa6c3c5a9bbb6bd39c93bc23"},
{"LAYER":"TOP","ID":"R914C","COMPONENT":"Resistor 10kΩ ","PART_VALUE":"10kΩ","FINGER":"93c2410ee5a297f5a6f310fc3c5d184d"},
{"LAYER":"BOT","ID":"E351R","COMPONENT":"Resistor 68Ω ","PART_VALUE":"68Ω","FINGER":"945f56960e75629f66941446d8bdb79d"},
{"LAYER":"TOP","ID":"C152G","COMPONENT":"Capacitor 22pF ","PART_VALUE":"22pF","FINGER":"94838b5b1a9a3ca33d421e368db47ba5"},
{"LAYER":"TOP","ID":"U7","COMPONENT":"IC 8520 ","PART_VALUE":"8520","FINGER":"949289cfe4b162ee96bf56c181a2536d"},
{"LAYER":"BOT","ID":"R370F","COMPONENT":"Resistor 4.7kΩ ","PART_VALUE":"4.7kΩ","FINGER":"94a4db6c607d0a8b6c6e25a52c3dab46"},
{"LAYER":"BOT","ID":"R262G","COMPONENT":"Resistor 68Ω ","PART_VALUE":"68Ω","FINGER":"94fd6114733452e0b9d45c9df80d3e46"},
{"LAYER":"TOP","ID":"C349","COMPONENT":"Capacitor 10nF ","PART_VALUE":"10nF","FINGER":"95218bb86cbf41a72f761ca0e93cd8ce"},
{"LAYER":"BOT","ID":"C314","COMPONENT":"Capacitor 47nF ","PART_VALUE":"47nF","FINGER":"95bc3dac3ac96dea8810593d10f66691"},
{"LAYER":"BOT","ID":"C152D","COMPONENT":"Capacitor 22pF ","PART_VALUE":"22pF","FINGER":"95d5b258cdf12ae1c74c43b14b20f45e"},
{"LAYER":"BOT","ID":"E368C","COMPONENT":"Capacitor 6800pF ","PART_VALUE":"6800pF","FINGER":"95d7cfc4c054d4ce7eda61b1141be676"},
{"LAYER":"BOT","ID":"E522R","COMPONENT":"Resistor 68Ω ","PART_VALUE":"68Ω","FINGER":"95e26e206b270f1ab0c88024e6da6694"},
{"LAYER":"TOP","ID":"R302","COMPONENT":"Resistor 10Ω ","PART_VALUE":"10Ω","FINGER":"961e8a38d59c509b39dda16ae7e3e82b"},
{"LAYER":"BOT","ID":"E252C","COMPONENT":"Capacitor 100pF ","PART_VALUE":"100pF","FINGER":"967d2c43b9229b89842f1a3ba8a0ecc9"},
{"LAYER":"BOT","ID":"R261F","COMPONENT":"Resistor 68Ω ","PART_VALUE":"68Ω","FINGER":"969a1bc30dd675a9590be0e90b971cbd"},
{"LAYER":"BOT","ID":"R624F","COMPONENT":"Resistor 4.7kΩ ","PART_VALUE":"4.7kΩ","FINGER":"96a7a124c285a1c25cf78ebcc18b14e0"},
{"LAYER":"BOT","ID":"R459","COMPONENT":"Resistor 27kΩ ","PART_VALUE":"27kΩ","FINGER":"96c0f359edcf2d5c44f32a97b4a8b55c"},
{"LAYER":"TOP","ID":"CN2","COMPONENT":"PIN ","PART_VALUE":"PIN","FINGER":"972020191fddd9e696eff76d72ed5f65"},
{"LAYER":"BOT","ID":"E557C","COMPONENT":"Capacitor 10nF ","PART_VALUE":"10nF","FINGER":"972da7c6a652c7d0cf8c9c01e1350d80"},
{"LAYER":"TOP","ID":"U13","COMPONENT":"IC 68HC05C ","PART_VALUE":"68HC05C","FINGER":"97fa7508c32a2b2b86564f93675f9ffd"},
{"LAYER":"TOP","ID":"FB402C","COMPONENT":"FB ","PART_VALUE":"FB","FINGER":"9a13cc60c7f16be78489a2ca7d5ea773"},
{"LAYER":"BOT","ID":"R335","COMPONENT":"Resistor 360Ω ","PART_VALUE":"360Ω","FINGER":"9a188a5ee323113d6c8d26b7687f3a1f"},
{"LAYER":"TOP","ID":"R301","COMPONENT":"Resistor 10Ω ","PART_VALUE":"10Ω","FINGER":"9a348c3cb284068c5b89e121ff506363"},
{"LAYER":"TOP","ID":"E581R","COMPONENT":"Resistor 68Ω ","PART_VALUE":"68Ω","FINGER":"9a7d8238b524b7230a3c06a80052da7d"},
{"LAYER":"TOP","ID":"C321","COMPONENT":"Capacitor 6800pF ","PART_VALUE":"6800pF","FINGER":"9b8bd26452d854aa18d8bc7db9c9dde1"},
{"LAYER":"TOP","ID":"E557R","COMPONENT":"Resistor 47Ω ","PART_VALUE":"47Ω","FINGER":"9bc22c81df30fe29db52e376c2081e81"},
{"LAYER":"TOP","ID":"C306","COMPONENT":"Electrolytic 10µF ","PART_VALUE":"10µF","FINGER":"9c6b259aa5f074eaa99fe25ca58a7c8a"},
{"LAYER":"BOT","ID":"C2X","COMPONENT":"Capacitor 330nF ","PART_VALUE":"330nF","FINGER":"9d25d260a7368283300260764b0544fa"},
{"LAYER":"BOT","ID":"C248","COMPONENT":"Capacitor 33pF ","PART_VALUE":"33pF","FINGER":"9d8c65571f3ddd165431e08cca8f95f4"},
{"LAYER":"BOT","ID":"R263G","COMPONENT":"Resistor 68Ω ","PART_VALUE":"68Ω","FINGER":"9dd093dc2de13e63bededeebef6b557c"},
{"LAYER":"BOT","ID":"R954B","COMPONENT":"Resistor 1kΩ ","PART_VALUE":"1kΩ","FINGER":"9df63560010036f1816c7085abecf49b"},
{"LAYER":"TOP","ID":"R362","COMPONENT":"Resistor 4.7Ω ","PART_VALUE":"4.7Ω","FINGER":"9f1e23f49c06d83a15c499fc3f7ad638"},
{"LAYER":"TOP","ID":"C459","COMPONENT":"Electrolytic 22µF ","PART_VALUE":"22µF","FINGER":"9f8627e4a999605e4d5e624de1dc8744"},
{"LAYER":"BOT","ID":"E255C","COMPONENT":"Capacitor 100pF ","PART_VALUE":"100pF","FINGER":"9f9445078baf39176c7194d89665028e"},
{"LAYER":"BOT","ID":"E114C","COMPONENT":"Capacitor 22pF ","PART_VALUE":"22pF","FINGER":"a05b08593a2b2cb9a2745b3e409c37ea"},
{"LAYER":"BOT","ID":"C461","COMPONENT":"Capacitor 1000pF ","PART_VALUE":"1000pF","FINGER":"a16fc935f43000b80962524053ce9286"},
{"LAYER":"TOP","ID":"LF1D","COMPONENT":"FB ","PART_VALUE":"FB","FINGER":"a1ee5a21dd69be48a4ff02d8b3f4a1f6"},
{"LAYER":"TOP","ID":"D233A","COMPONENT":"Diode 1N914 ","PART_VALUE":"1N914","FINGER":"a25755e056ce754aed97bc67492ced1c"},
{"LAYER":"TOP","ID":"R629","COMPONENT":"Resistor 10kΩ ","PART_VALUE":"10kΩ","FINGER":"a281136ded3a1e0901c862300efbda93"},
{"LAYER":"TOP","ID":"Q461","COMPONENT":"NPN 2N3904 ","PART_VALUE":"2N3904","FINGER":"a35168f641a5bfe22ccc1f82c8e4e12e"},
{"LAYER":"TOP","ID":"R246","COMPONENT":"JUMP-RES 2.7K\/* ","PART_VALUE":"2.7K\/*","FINGER":"a3574163cc60079a89f8190e51422f0d"},
{"LAYER":"TOP","ID":"XU1","COMPONENT":"16R4 ","PART_VALUE":"16R4","FINGER":"a439fca922982d09f13e5939297abff3"},
{"LAYER":"BOT","ID":"C701","COMPONENT":"Capacitor 220nF ","PART_VALUE":"220nF","FINGER":"a43aaade4c600a4d3d31d82a351fb79b"},
{"LAYER":"BOT","ID":"C801","COMPONENT":"Capacitor 10nF ","PART_VALUE":"10nF","FINGER":"a481b8a7df0224727488aa1ec5ccf3ae"},
{"LAYER":"TOP","ID":"C235","COMPONENT":"Electrolytic 100µF ","PART_VALUE":"100µF","FINGER":"a4c5a0134eb8320b6ee02876ffe089e3"},
{"LAYER":"TOP","ID":"R951B","COMPONENT":"Resistor 4.7kΩ ","PART_VALUE":"4.7kΩ","FINGER":"a62573b7de15b5e1f13f3dd8a940177d"},
{"LAYER":"TOP","ID":"U45","COMPONENT":"IC 74LS245 ","PART_VALUE":"74LS245","FINGER":"a64e0887d47f21d43c6e2ee973f1849c"},
{"LAYER":"BOT","ID":"R919G","COMPONENT":"Resistor 10kΩ ","PART_VALUE":"10kΩ","FINGER":"a68c13990795a07e7501e1d7f9bfd16b"},
{"LAYER":"BOT","ID":"R263D","COMPONENT":"Resistor 68Ω ","PART_VALUE":"68Ω","FINGER":"a6b81953c76e28ef114eaa0e4e15dd48"},
{"LAYER":"BOT","ID":"R370G","COMPONENT":"Resistor 4.7kΩ ","PART_VALUE":"4.7kΩ","FINGER":"a6ed6b1070aaa709858fd1fcda4aa1c9"},
{"LAYER":"TOP","ID":"E551C","COMPONENT":"Capacitor 100pF ","PART_VALUE":"100pF","FINGER":"a734b38fe7e28c38fcd78a45c2455d42"},
{"LAYER":"TOP","ID":"C236","COMPONENT":"Electrolytic 100µF ","PART_VALUE":"100µF","FINGER":"a8262d020792ff72877281830af2a103"},
{"LAYER":"BOT","ID":"R953A","COMPONENT":"Resistor 470Ω ","PART_VALUE":"470Ω","FINGER":"a8f1fd5aaf45f332110840287bb152eb"},
{"LAYER":"TOP","ID":"E121R","COMPONENT":"Resistor 27Ω ","PART_VALUE":"27Ω","FINGER":"a922ddc9eaa8038d3d8bbe1481231277"},
{"LAYER":"TOP","ID":"C26","COMPONENT":"Capacitor 47nF ","PART_VALUE":"47nF","FINGER":"a92a8467fe717e91c9150bb9fda2dcb1"},
{"LAYER":"TOP","ID":"E131C","COMPONENT":"Capacitor *\/10pF ","PART_VALUE":"*\/10pF","FINGER":"a92d47bc6f31ddb311daca22a8ba9429"},
{"LAYER":"BOT","ID":"R263A","COMPONENT":"Resistor 68Ω ","PART_VALUE":"68Ω","FINGER":"a956ad86d7c72df7048620991e540bf7"},
{"LAYER":"BOT","ID":"E263C","COMPONENT":"Capacitor 10nF ","PART_VALUE":"10nF","FINGER":"a9d0c521eda236707f927482002188fd"},
{"LAYER":"TOP","ID":"E263R","COMPONENT":"FB 200 ","PART_VALUE":"200","FINGER":"a9d68c60f561bee3a71f1b46c4fa8c91"},
{"LAYER":"BOT","ID":"E588C","COMPONENT":"Capacitor 100pF ","PART_VALUE":"100pF","FINGER":"a9ffa128b88399b6367326533ca279f5"},
{"LAYER":"TOP","ID":"C237","COMPONENT":"Electrolytic 470µF ","PART_VALUE":"470µF","FINGER":"aa1af66a7bfc1b65e68ab59a048eb309"},
{"LAYER":"BOT","ID":"E515C","COMPONENT":"Capacitor 100pF ","PART_VALUE":"100pF","FINGER":"aa1d9a1543a410c2ab3b7c291f65ca98"},
{"LAYER":"TOP","ID":"R511C","COMPONENT":"Resistor 10kΩ ","PART_VALUE":"10kΩ","FINGER":"aa229b5353798d37fd5c9354edd6c7c6"},
{"LAYER":"TOP","ID":"E524C","COMPONENT":"Capacitor 10nF ","PART_VALUE":"10nF","FINGER":"aa4bf7073d63ec3d7d0dd4f5a6ffe847"},
{"LAYER":"BOT","ID":"C211B","COMPONENT":"Capacitor 220nF ","PART_VALUE":"220nF","FINGER":"aa7fbcae101cf31d8408b4a448831253"},
{"LAYER":"TOP","ID":"R954C","COMPONENT":"","PART_VALUE":"","FINGER":"abf98cc51952cf3e5ac361e845277d35"},
{"LAYER":"BOT","ID":"E514R","COMPONENT":"Resistor 68Ω ","PART_VALUE":"68Ω","FINGER":"adf7e58944449a05fdafb7537f6f1941"},
{"LAYER":"TOP","ID":"Q651","COMPONENT":"NPN 2N3904 ","PART_VALUE":"2N3904","FINGER":"afaea7e684cbd6c78675349eef69fa41"},
{"LAYER":"TOP","ID":"C304","COMPONENT":"Electrolytic 22µF ","PART_VALUE":"22µF","FINGER":"b04a25bc4c2ae5fd99e994796f19add3"},
{"LAYER":"BOT","ID":"C152C","COMPONENT":"Capacitor 22pF ","PART_VALUE":"22pF","FINGER":"b05ea1670f7b835e056543e4ddcd28ef"},
{"LAYER":"TOP","ID":"E585R","COMPONENT":"Resistor 27Ω ","PART_VALUE":"27Ω","FINGER":"b0611269bdb0f2e1585650599352a80b"},
{"LAYER":"BOT","ID":"R339","COMPONENT":"Resistor 10kΩ ","PART_VALUE":"10kΩ","FINGER":"b0b840edc8ba2cf8ab94ff384167f1d7"},
{"LAYER":"BOT","ID":"E125R","COMPONENT":"Resistor 27Ω ","PART_VALUE":"27Ω","FINGER":"b0c03293cfd0149a7de85c6c50c35a27"},
{"LAYER":"TOP","ID":"E551R","COMPONENT":"Resistor 68Ω ","PART_VALUE":"68Ω","FINGER":"b193f93948ca368d75dedecd45289c85"},
{"LAYER":"BOT","ID":"R623","COMPONENT":"Resistor 10kΩ ","PART_VALUE":"10kΩ","FINGER":"b1a411e2b33f4acc4c0e8c012e1f682b"},
{"LAYER":"BOT","ID":"E598R","COMPONENT":"FB 200 ","PART_VALUE":"200","FINGER":"b213e6193c90af32e2eee505d2078bc3"},
{"LAYER":"BOT","ID":"R900","COMPONENT":"Resistor 470Ω ","PART_VALUE":"470Ω","FINGER":"b2876f30f91b7ac155e795d58cd9c0bf"},
{"LAYER":"TOP","ID":"XR1","COMPONENT":"Resistor 1kΩ ","PART_VALUE":"1kΩ","FINGER":"b327394037b0fd33c55e400cd7d4bd0d"},
{"LAYER":"TOP","ID":"TP3","COMPONENT":"10-PIN SIL ","PART_VALUE":"SIL","FINGER":"b345caa45a94908d4899d1548735ebee"},
{"LAYER":"BOT","ID":"R631","COMPONENT":"Resistor 10kΩ ","PART_VALUE":"10kΩ","FINGER":"b35c0908142000efd7d25139d5157bea"},
{"LAYER":"TOP","ID":"C162","COMPONENT":"Capacitor 22pF ","PART_VALUE":"22pF","FINGER":"b362131f03258030f53ff74625d83e7a"},
{"LAYER":"BOT","ID":"E580C","COMPONENT":"Capacitor 100pF ","PART_VALUE":"100pF","FINGER":"b3e59dae7ffe928a3419c5a1bb806fd6"},
{"LAYER":"TOP","ID":"CN16","COMPONENT":"DIL_44 ","PART_VALUE":"DIL_44","FINGER":"b4318c5acfafdb3855e118c23fd688e8"},
{"LAYER":"BOT","ID":"R261H","COMPONENT":"Resistor 68Ω ","PART_VALUE":"68Ω","FINGER":"b458d6dd6b62b3a13b18d4c70a067165"},
{"LAYER":"TOP","ID":"U43","COMPONENT":"IC null ","PART_VALUE":"null","FINGER":"b47e485002e47dca89c7ce2295d8a397"},
{"LAYER":"TOP","ID":"E555R","COMPONENT":"Resistor 68Ω ","PART_VALUE":"68Ω","FINGER":"b4ac6801427979a2872f86a9035504ed"},
{"LAYER":"BOT","ID":"C592","COMPONENT":"Capacitor 10nF ","PART_VALUE":"10nF","FINGER":"b4cb237e2d75888aca40ea9cb558f061"},
{"LAYER":"TOP","ID":"R952B","COMPONENT":"Resistor 470Ω ","PART_VALUE":"470Ω","FINGER":"b514858393b6638c60fe3d0b129afbf0"},
{"LAYER":"BOT","ID":"R656","COMPONENT":"Resistor 10kΩ ","PART_VALUE":"10kΩ","FINGER":"b553a2a37764ec6869295429dab9078c"},
{"LAYER":"TOP","ID":"C1C","COMPONENT":"Capacitor 220nF ","PART_VALUE":"220nF","FINGER":"b63d6e9833c2adf1f4b4f56dcc6d12da"},
{"LAYER":"TOP","ID":"D215A","COMPONENT":"PIN ","PART_VALUE":"PIN","FINGER":"b732f2c9c1389801399ea12929787d7b"},
{"LAYER":"TOP","ID":"C246","COMPONENT":"Capacitor 10nF ","PART_VALUE":"10nF","FINGER":"b78326f83e42547acef35e1835939120"},
{"LAYER":"TOP","ID":"R261B","COMPONENT":"Resistor 68Ω ","PART_VALUE":"68Ω","FINGER":"b7f16905dc7636be51a0823b73ed2491"},
{"LAYER":"TOP","ID":"R951D","COMPONENT":"Resistor 4.7kΩ ","PART_VALUE":"4.7kΩ","FINGER":"b866f2ecda5ded1d79bc8201b04e2332"},
{"LAYER":"BOT","ID":"C30D","COMPONENT":"Capacitor 470nF ","PART_VALUE":"470nF","FINGER":"b8bfd06fcc725098bcd0235fd9839a0d"},
{"LAYER":"TOP","ID":"U23","COMPONENT":"IC null ","PART_VALUE":"null","FINGER":"b8d10b1a7c16c529379c823e5a2d41d7"},
{"LAYER":"TOP","ID":"R209","COMPONENT":"Resistor 10kΩ ","PART_VALUE":"10kΩ","FINGER":"b8e3554a595fbcdfba3cacce34cbbf6f"},
{"LAYER":"BOT","ID":"R262B","COMPONENT":"Resistor 68Ω ","PART_VALUE":"68Ω","FINGER":"b8fac73bb95d009eab2193560128afd3"},
{"LAYER":"BOT","ID":"R621F","COMPONENT":"Resistor 4.7kΩ ","PART_VALUE":"4.7kΩ","FINGER":"b91a92f705a763eb793af0f7befe0fe3"},
{"LAYER":"TOP","ID":"CN13","COMPONENT":"MEMBRANE-31 ","PART_VALUE":"MEMBRANE-31","FINGER":"b9584b26ae12981f30f124f2cd81cdde"},
{"LAYER":"BOT","ID":"R263H","COMPONENT":"Resistor 68Ω ","PART_VALUE":"68Ω","FINGER":"b95f3a2bc3982789c06342c98068aab8"},
{"LAYER":"TOP","ID":"U34","COMPONENT":"IC null ","PART_VALUE":"null","FINGER":"b97415864b0f581c7715922e601606ab"},
{"LAYER":"TOP","ID":"R165","COMPONENT":"Resistor 68Ω ","PART_VALUE":"68Ω","FINGER":"b9a11c5dd184b5503f7ecf8aad524db8"},
{"LAYER":"BOT","ID":"R718","COMPONENT":"Resistor 10kΩ ","PART_VALUE":"10kΩ","FINGER":"b9b80c004394c5911089fdcc6427fefd"},
{"LAYER":"BOT","ID":"E364R","COMPONENT":"Resistor 68Ω ","PART_VALUE":"68Ω","FINGER":"b9fa4d18309ebe8cb2ec79fac6c0d30e"},
{"LAYER":"TOP","ID":"E132C","COMPONENT":"Capacitor 22pF ","PART_VALUE":"22pF","FINGER":"ba637dbfce5050206bf4df17fe2b8607"},
{"LAYER":"BOT","ID":"R151A","COMPONENT":"Resistor 68Ω ","PART_VALUE":"68Ω","FINGER":"ba6d8d3d865df6351a50ebf6f79b6159"},
{"LAYER":"TOP","ID":"XJ1","COMPONENT":"JUMP-RES 0 ","PART_VALUE":"0","FINGER":"ba7e22c86a93bf93323c7affaf78be74"},
{"LAYER":"BOT","ID":"E592C","COMPONENT":"Capacitor 100pF ","PART_VALUE":"100pF","FINGER":"bb0eaea7bfc76bc1f998199f3ab8eb71"},
{"LAYER":"TOP","ID":"E251R","COMPONENT":"Resistor 68Ω ","PART_VALUE":"68Ω","FINGER":"bbd6b0ee6e142638eae6ddc6c944f881"},
{"LAYER":"BOT","ID":"E521C","COMPONENT":"Capacitor 100pF ","PART_VALUE":"100pF","FINGER":"bc14ab7437d866978f0222e888dc8bda"},
{"LAYER":"TOP","ID":"R951C","COMPONENT":"Resistor 4.7kΩ ","PART_VALUE":"4.7kΩ","FINGER":"bcedd89aa928a8c6482e39459a3553f4"},
{"LAYER":"BOT","ID":"C216","COMPONENT":"Capacitor 10nF ","PART_VALUE":"10nF","FINGER":"bd19071e3189edb2e35b6375555d3259"},
{"LAYER":"TOP","ID":"E595R","COMPONENT":"Resistor 27Ω ","PART_VALUE":"27Ω","FINGER":"bd238007fd556fe380a7e0a179d0421f"},
{"LAYER":"BOT","ID":"R953C","COMPONENT":"Resistor 470Ω ","PART_VALUE":"470Ω","FINGER":"bd623c7b06447a5ed03039f74dee9859"},
{"LAYER":"BOT","ID":"E128C","COMPONENT":"Capacitor 22pF ","PART_VALUE":"22pF","FINGER":"bdf4151400fc8b466c90ab8b7babe8f6"},
{"LAYER":"TOP","ID":"R348","COMPONENT":"Resistor 4.7kΩ ","PART_VALUE":"4.7kΩ","FINGER":"be744b738b96cd14d34a30aa0d8f0a1a"},
{"LAYER":"BOT","ID":"R620","COMPONENT":"Resistor 4.7kΩ ","PART_VALUE":"4.7kΩ","FINGER":"beb3a7d5aba768d93356c135486dc3eb"},
{"LAYER":"BOT","ID":"R512","COMPONENT":"Resistor 1kΩ ","PART_VALUE":"1kΩ","FINGER":"bedb083f683dd65f2234fd2b013b356d"},
{"LAYER":"TOP","ID":"C243","COMPONENT":"Capacitor 1000pF ","PART_VALUE":"1000pF","FINGER":"bee9fa62cf40bb0d9f3f0f4102b68bcf"},
{"LAYER":"BOT","ID":"E597C","COMPONENT":"Capacitor 10nF ","PART_VALUE":"10nF","FINGER":"bf3c47daabeb4fd9de78643cfe51ee68"},
{"LAYER":"TOP","ID":"C1D","COMPONENT":"Capacitor 47nF ","PART_VALUE":"47nF","FINGER":"bf7cbfaf395f65f16cfc8c5d1d6f70d4"},
{"LAYER":"BOT","ID":"E355C","COMPONENT":"Capacitor 6800pF ","PART_VALUE":"6800pF","FINGER":"bf7cf751885ee71b6c9902c1e1115817"},
{"LAYER":"BOT","ID":"E589C","COMPONENT":"Capacitor 100pF ","PART_VALUE":"100pF","FINGER":"c01a428fb437245425fc052244a9943a"},
{"LAYER":"BOT","ID":"C0D","COMPONENT":"Capacitor 47nF ","PART_VALUE":"47nF","FINGER":"c0235bed6cc148cc113f103b2e4447d9"},
{"LAYER":"TOP","ID":"E554R","COMPONENT":"Resistor 68Ω ","PART_VALUE":"68Ω","FINGER":"c06048907b2a64dd6d956ee687921cc4"},
{"LAYER":"TOP","ID":"E592R","COMPONENT":"Resistor 27Ω ","PART_VALUE":"27Ω","FINGER":"c0b5a39d902ec7a4d01a471d0de151c2"},
{"LAYER":"TOP","ID":"R953F","COMPONENT":"Resistor 470Ω ","PART_VALUE":"470Ω","FINGER":"c114aa641f2166b3070ccf4a634c122c"},
{"LAYER":"TOP","ID":"R952A","COMPONENT":"Resistor 470Ω ","PART_VALUE":"470Ω","FINGER":"c124516c906bc37307dad8ba61bcd067"},
{"LAYER":"BOT","ID":"E232C","COMPONENT":"Capacitor 10nF ","PART_VALUE":"10nF","FINGER":"c198e1df6e76ef9fe80de0e4ce108eec"},
{"LAYER":"BOT","ID":"E556C","COMPONENT":"Capacitor 470pF ","PART_VALUE":"470pF","FINGER":"c1bb8b16f178087c9a7ee78cba23fa99"},
{"LAYER":"TOP","ID":"R113","COMPONENT":"Resistor 68Ω ","PART_VALUE":"68Ω","FINGER":"c264c998b2cef5a91289ac592f52e501"},
{"LAYER":"BOT","ID":"R221","COMPONENT":"Resistor 1k\/820Ω ","PART_VALUE":"1k\/820Ω","FINGER":"c29e4617acbffa8d2c4c74acd8a2d6e2"},
{"LAYER":"BOT","ID":"C621","COMPONENT":"Capacitor 22pF ","PART_VALUE":"22pF","FINGER":"c3b4727ebf8fe4c819acf2648a726875"},
{"LAYER":"BOT","ID":"E353R","COMPONENT":"Resistor 68Ω ","PART_VALUE":"68Ω","FINGER":"c3f5bfa8afee4262d95e3b14d4262544"},
{"LAYER":"TOP","ID":"U4","COMPONENT":"IC 4203 LISA ","PART_VALUE":"LISA","FINGER":"c4c025cde768040e322595ef2d222612"},
{"LAYER":"BOT","ID":"R263B","COMPONENT":"Resistor 68Ω ","PART_VALUE":"68Ω","FINGER":"c531717dc28025bbba80a22772f1e795"},
{"LAYER":"BOT","ID":"R215","COMPONENT":"Resistor 1kΩ ","PART_VALUE":"1kΩ","FINGER":"c5ab35e5954236bc68d944a768879ee5"},
{"LAYER":"TOP","ID":"U0","COMPONENT":"IC MC68881 ","PART_VALUE":"MC68881","FINGER":"c5c18d494d678230b4a6a2eb176aa3d0"},
{"LAYER":"BOT","ID":"E376C","COMPONENT":"Capacitor 22pF ","PART_VALUE":"22pF","FINGER":"c72a2cda3c9492506ad88a34c841b2e1"},
{"LAYER":"TOP","ID":"E124R","COMPONENT":"Resistor 68Ω ","PART_VALUE":"68Ω","FINGER":"c72dbf05261faa34854aae99164a8b28"},
{"LAYER":"BOT","ID":"C30C","COMPONENT":"Capacitor 470nF ","PART_VALUE":"470nF","FINGER":"c77f04197aaa957ddb1ef5b46d916ea7"},
{"LAYER":"BOT","ID":"R262F","COMPONENT":"Resistor 68Ω ","PART_VALUE":"68Ω","FINGER":"c7d66ed601398d9d6ea40ecce46e66db"},
{"LAYER":"TOP","ID":"R232C","COMPONENT":"Resistor 24.9Ω ","PART_VALUE":"24.9Ω","FINGER":"c842ea9dbddcb7c1933e5e717260680d"},
{"LAYER":"TOP","ID":"CN3","COMPONENT":"RCA JACK ","PART_VALUE":"JACK","FINGER":"c85fc2188c0933c2070ee0f68c6469dc"},
{"LAYER":"BOT","ID":"E133R","COMPONENT":"Resistor 68Ω ","PART_VALUE":"68Ω","FINGER":"c8695dd455409343e4a905a729349d7c"},
{"LAYER":"TOP","ID":"Q201","COMPONENT":"NPN 2N3904 ","PART_VALUE":"2N3904","FINGER":"c873f5e2fcc6ebbdeebfe928ad0552be"},
{"LAYER":"TOP","ID":"D902","COMPONENT":"Diode 1N914 ","PART_VALUE":"1N914","FINGER":"c8975c35ecdb90a7a9875bd881530723"},
{"LAYER":"BOT","ID":"R912","COMPONENT":"Resistor 10kΩ ","PART_VALUE":"10kΩ","FINGER":"c8a7003f92b24f1ff8f01859f66ef91d"},
{"LAYER":"TOP","ID":"Z222","COMPONENT":"LC ","PART_VALUE":"LC","FINGER":"c8bd90f50c62eac39a51e7da773d4313"},
{"LAYER":"TOP","ID":"R151C","COMPONENT":"Resistor 68Ω ","PART_VALUE":"68Ω","FINGER":"c94516475e9cb31c1f29ba4353ff2c66"},
{"LAYER":"TOP","ID":"E112C","COMPONENT":"Capacitor 22pF ","PART_VALUE":"22pF","FINGER":"c9ef8c6bf8d21fde25dd3db9242b5175"},
{"LAYER":"TOP","ID":"E593R","COMPONENT":"Resistor 27Ω ","PART_VALUE":"27Ω","FINGER":"ca2fda3b50da5df27ef56dcc691d0780"},
{"LAYER":"TOP","ID":"D215","COMPONENT":"ZENER 1.2V ","PART_VALUE":"1.2V","FINGER":"ca84757457041efeab7eb3ddb6cee319"},
{"LAYER":"BOT","ID":"R233B","COMPONENT":"Resistor 470Ω ","PART_VALUE":"470Ω","FINGER":"cb0de704bc191a62e3f93db71d34b6f3"},
{"LAYER":"TOP","ID":"R152G","COMPONENT":"Resistor 68Ω ","PART_VALUE":"68Ω","FINGER":"cc54ca3d224fad8edc3a05d254e3c376"},
{"LAYER":"BOT","ID":"E581C","COMPONENT":"Capacitor 100pF ","PART_VALUE":"100pF","FINGER":"cc79af741a3ffaac37e63775de6c19f7"},
{"LAYER":"TOP","ID":"D231B","COMPONENT":"Diode 1N914 ","PART_VALUE":"1N914","FINGER":"cca86232610f2eea0f685324db3b73b0"},
{"LAYER":"BOT","ID":"E260C","COMPONENT":"Capacitor 47pF ","PART_VALUE":"47pF","FINGER":"ce1f6db040f2ec97fe3e1aae160be243"},
{"LAYER":"TOP","ID":"R917","COMPONENT":"Resistor 1kΩ ","PART_VALUE":"1kΩ","FINGER":"ce2a01c4dd9b005cd91f16a603bccac2"},
{"LAYER":"TOP","ID":"R231B","COMPONENT":"Resistor 49.9Ω ","PART_VALUE":"49.9Ω","FINGER":"ce5a8d8ca2c682b0c87988aec5038247"},
{"LAYER":"TOP","ID":"R324","COMPONENT":"Resistor 1kΩ ","PART_VALUE":"1kΩ","FINGER":"ceb7cbb55bff153e78988d2c7abbdf47"},
{"LAYER":"BOT","ID":"R203","COMPONENT":"JUMP-RES 0\/* ","PART_VALUE":"0\/*","FINGER":"ced675c0a6c27727880e65e330c44bb3"},
{"LAYER":"BOT","ID":"R712","COMPONENT":"Resistor 4.7kΩ ","PART_VALUE":"4.7kΩ","FINGER":"cf1f40af3d93b2ed7cb13b32b59db049"},
{"LAYER":"BOT","ID":"E523C","COMPONENT":"Capacitor 100pF ","PART_VALUE":"100pF","FINGER":"cfcffc65238e4b8ad9670b29e395867d"},
{"LAYER":"BOT","ID":"C13","COMPONENT":"Capacitor 220nF ","PART_VALUE":"220nF","FINGER":"cfea7bf6e6e4a6e95968c50495ad9738"},
{"LAYER":"BOT","ID":"R262H","COMPONENT":"Resistor 68Ω ","PART_VALUE":"68Ω","FINGER":"d1bc69012b7251a81e8ea00cf675eef4"},
{"LAYER":"TOP","ID":"C245","COMPONENT":"Capacitor 56pF ","PART_VALUE":"56pF","FINGER":"d1d019585077ebe801f17e867d529ef5"},
{"LAYER":"BOT","ID":"C30B","COMPONENT":"Capacitor 47nF ","PART_VALUE":"47nF","FINGER":"d1d5737218eaeef6944a6c06ccffb10a"},
{"LAYER":"BOT","ID":"E513R","COMPONENT":"Resistor 68Ω ","PART_VALUE":"68Ω","FINGER":"d2003b57883e97731bd0b5d1cd668ef1"},
{"LAYER":"TOP","ID":"D233B","COMPONENT":"Diode 1N914 ","PART_VALUE":"1N914","FINGER":"d37097dc708bf55c4393bc9dd1d1e52b"},
{"LAYER":"TOP","ID":"Q631","COMPONENT":"PNP 2N3906 ","PART_VALUE":"2N3906","FINGER":"d3ed30132d0a3830c28ef0509ebe7109"},
{"LAYER":"BOT","ID":"R264","COMPONENT":"Resistor 68Ω ","PART_VALUE":"68Ω","FINGER":"d4246f5ba13d81f89f215c50aedad765"},
{"LAYER":"BOT","ID":"E375C","COMPONENT":"Capacitor 22pF ","PART_VALUE":"22pF","FINGER":"d4853a923d2d49a23e5f52cccfde5de2"},
{"LAYER":"TOP","ID":"E582R","COMPONENT":"Resistor 68Ω ","PART_VALUE":"68Ω","FINGER":"d4b3f1eb517a6178fbdedb1a171d19ee"},
{"LAYER":"BOT","ID":"C12B","COMPONENT":"Capacitor 47nF ","PART_VALUE":"47nF","FINGER":"d4d9a01373b80d649a7656a80e15581e"},
{"LAYER":"TOP","ID":"BT9","COMPONENT":"3\/V32RT ","PART_VALUE":"3\/V32RT","FINGER":"d50b4a165b06391e9c780b73b689452f"},
{"LAYER":"TOP","ID":"E552R","COMPONENT":"Resistor 68Ω ","PART_VALUE":"68Ω","FINGER":"d539f22a51cb3fc2030fa4aeb7af7039"},
{"LAYER":"TOP","ID":"R152A","COMPONENT":"Resistor 68Ω ","PART_VALUE":"68Ω","FINGER":"d53b7400b6b457ba5592c6b4e9dfeafb"},
{"LAYER":"TOP","ID":"R636","COMPONENT":"Resistor 4.7kΩ ","PART_VALUE":"4.7kΩ","FINGER":"d57f74c57cadde06d392c3144d074354"},
{"LAYER":"TOP","ID":"E586C","COMPONENT":"Capacitor 100pF ","PART_VALUE":"100pF","FINGER":"d63926803ab7090b5d2266f3975f1ec2"},
{"LAYER":"BOT","ID":"R370B","COMPONENT":"Resistor 4.7kΩ ","PART_VALUE":"4.7kΩ","FINGER":"d68568f13226867626c3f4b20735584f"},
{"LAYER":"BOT","ID":"E354R","COMPONENT":"Resistor 68Ω ","PART_VALUE":"68Ω","FINGER":"d6e58b16b2cd1c626b786236086247ab"},
{"LAYER":"BOT","ID":"R371","COMPONENT":"Resistor 47Ω ","PART_VALUE":"47Ω","FINGER":"d807a403a704c1f2c1d6e7ccacb4c7a1"},
{"LAYER":"TOP","ID":"U6B","COMPONENT":"IC 62408 ","PART_VALUE":"62408","FINGER":"d875114f9d5b8ab0cd45b8ceddef32a0"},
{"LAYER":"TOP","ID":"C6B","COMPONENT":"Capacitor 220nF ","PART_VALUE":"220nF","FINGER":"d91688b213b7756c023c2649fc1af679"},
{"LAYER":"BOT","ID":"R714B","COMPONENT":"Resistor 120Ω ","PART_VALUE":"120Ω","FINGER":"d93bef53bc7331cbe7f0b147fa43bad5"},
{"LAYER":"TOP","ID":"C303","COMPONENT":"Electrolytic 22µF ","PART_VALUE":"22µF","FINGER":"d96dc6549743bac5659e74f28d2f4535"},
{"LAYER":"TOP","ID":"R103","COMPONENT":"Resistor 470Ω ","PART_VALUE":"470Ω","FINGER":"d97f23e4b4f389e24ffe4ee229e6c2f2"},
{"LAYER":"BOT","ID":"R262C","COMPONENT":"Resistor 68Ω ","PART_VALUE":"68Ω","FINGER":"d9a6fee6918debd82218e0cbe5eec1ab"},
{"LAYER":"BOT","ID":"R624B","COMPONENT":"Resistor 4.7kΩ ","PART_VALUE":"4.7kΩ","FINGER":"d9a7064e4ff440e857778d2a6bc7dad3"},
{"LAYER":"BOT","ID":"E264C","COMPONENT":"Capacitor 10nF ","PART_VALUE":"10nF","FINGER":"da35a523a51b47b7316bc0f209a6c0d7"},
{"LAYER":"TOP","ID":"R715G","COMPONENT":"Resistor 10kΩ ","PART_VALUE":"10kΩ","FINGER":"da5a73416297d73de3307455a41748b1"},
{"LAYER":"BOT","ID":"R624D","COMPONENT":"Resistor 4.7kΩ ","PART_VALUE":"4.7kΩ","FINGER":"da6b97326415729f263cf1d0d0f5ce73"},
{"LAYER":"BOT","ID":"E561C","COMPONENT":"Capacitor 10nF ","PART_VALUE":"10nF","FINGER":"db41e845ae6f9b7eef18268bd7dc4cd1"},
{"LAYER":"BOT","ID":"E256C","COMPONENT":"Capacitor 100pF ","PART_VALUE":"100pF","FINGER":"db57ffc6c733fa76087e1ee2e462f815"},
{"LAYER":"BOT","ID":"R238","COMPONENT":"Resistor *Ω ","PART_VALUE":"*Ω","FINGER":"db78a7c6913bb253687fb48d223ed310"},
{"LAYER":"BOT","ID":"XR33","COMPONENT":"Resistor 68*Ω ","PART_VALUE":"68*Ω","FINGER":"db97ba0326d352be43a5908ac5879128"},
{"LAYER":"TOP","ID":"FB992","COMPONENT":"FB ","PART_VALUE":"FB","FINGER":"dc0c749e71e5339dbfa6e50a677d02c9"},
{"LAYER":"TOP","ID":"D576","COMPONENT":"Diode 1N4001 ","PART_VALUE":"1N4001","FINGER":"dc3d913d237cf8441fe87894a1cc1f47"},
{"LAYER":"TOP","ID":"R232A","COMPONENT":"Resistor 24.9Ω ","PART_VALUE":"24.9Ω","FINGER":"ddfc5197d90f855178c32204717e51fe"},
{"LAYER":"BOT","ID":"R624E","COMPONENT":"Resistor 4.7kΩ ","PART_VALUE":"4.7kΩ","FINGER":"de5da1d58cf6d0f58f6e2f717d4c59c2"},
{"LAYER":"BOT","ID":"E562C","COMPONENT":"Capacitor 10nF ","PART_VALUE":"10nF","FINGER":"dedefb403c86c2de9d68205e7ea6e398"},
{"LAYER":"BOT","ID":"E593C","COMPONENT":"Capacitor 100pF ","PART_VALUE":"100pF","FINGER":"df4ac4ea38f634d86efe4fec3c626da1"},
{"LAYER":"BOT","ID":"R511A","COMPONENT":"Resistor 10kΩ ","PART_VALUE":"10kΩ","FINGER":"dfc23eb708cfc0c221d22ecd9b1fa1a1"},
{"LAYER":"TOP","ID":"C217","COMPONENT":"Capacitor 220nF ","PART_VALUE":"220nF","FINGER":"dff72dbed4b9cb066f95d2181d309d90"},
{"LAYER":"BOT","ID":"R217","COMPONENT":"Resistor 470Ω ","PART_VALUE":"470Ω","FINGER":"e01566bafddf112e38f0f03353e7f6aa"},
{"LAYER":"BOT","ID":"R658","COMPONENT":"Resistor *Ω ","PART_VALUE":"*Ω","FINGER":"e165d374846186ffc0b6db79ffd7eba8"},
{"LAYER":"TOP","ID":"D575","COMPONENT":"Diode 1N4001 ","PART_VALUE":"1N4001","FINGER":"e2054bc844854a6f0d004f307d487450"},
{"LAYER":"BOT","ID":"E515R","COMPONENT":"Resistor 68Ω ","PART_VALUE":"68Ω","FINGER":"e20f2eab87a980db53d3331d99858a5b"},
{"LAYER":"TOP","ID":"D574","COMPONENT":"Diode 1N4001 ","PART_VALUE":"1N4001","FINGER":"e23c56fca70e86e404857e5e95b018fc"},
{"LAYER":"BOT","ID":"R370C","COMPONENT":"Resistor 4.7kΩ ","PART_VALUE":"4.7kΩ","FINGER":"e23f0e9f52e3e6ce761a41d21ac30223"},
{"LAYER":"TOP","ID":"CN5","COMPONENT":"PIN ","PART_VALUE":"PIN","FINGER":"e244f50d350e3eab341cdd5675cfe3d4"},
{"LAYER":"TOP","ID":"Q571","COMPONENT":"NPN 2N3904 ","PART_VALUE":"2N3904","FINGER":"e2c9e907995fddfd2e0700d41f5c342f"},
{"LAYER":"BOT","ID":"E599R","COMPONENT":"Resistor 27Ω ","PART_VALUE":"27Ω","FINGER":"e3b48e9ada920423b5475924afd2498a"},
{"LAYER":"TOP","ID":"TC9","COMPONENT":"Varicap 6.8-45pF ","PART_VALUE":"6.8-45pF","FINGER":"e3fc57e1a8dbe084eb90702cb9a0bdea"},
{"LAYER":"TOP","ID":"R163","COMPONENT":"Resistor 27Ω ","PART_VALUE":"27Ω","FINGER":"e54bc29372dba58d1d5f3c3689cb6826"},
{"LAYER":"TOP","ID":"CN12","COMPONENT":"4-PIN SIL ","PART_VALUE":"SIL","FINGER":"e56f913948d21d5f2c888ddb14a7666b"},
{"LAYER":"TOP","ID":"E553R","COMPONENT":"Resistor 68Ω ","PART_VALUE":"68Ω","FINGER":"e58d64b29b1889cd170b00b690a03b1f"},
{"LAYER":"BOT","ID":"R261G","COMPONENT":"Resistor 68Ω ","PART_VALUE":"68Ω","FINGER":"e664c2f2e38929c26de548b53688e70d"},
{"LAYER":"BOT","ID":"E129R","COMPONENT":"Resistor 27Ω ","PART_VALUE":"27Ω","FINGER":"e6905c3227ce7ba2d1109aa0933d4b4b"},
{"LAYER":"TOP","ID":"E552C","COMPONENT":"Capacitor 100pF ","PART_VALUE":"100pF","FINGER":"e71eebd0b17a02fb29c1305268142415"},
{"LAYER":"BOT","ID":"R715D","COMPONENT":"Resistor 10kΩ ","PART_VALUE":"10kΩ","FINGER":"e7c049b751e74eeb56ed2c45769925ad"},
{"LAYER":"BOT","ID":"R597","COMPONENT":"JUMP-RES * ","PART_VALUE":"*","FINGER":"e7dd3f6c08ce131790bb026b220939c5"},
{"LAYER":"TOP","ID":"R231A","COMPONENT":"Resistor 49.9Ω ","PART_VALUE":"49.9Ω","FINGER":"e8103037a60349cb3fab0b338112a2ff"},
{"LAYER":"TOP","ID":"R114","COMPONENT":"Resistor 27Ω ","PART_VALUE":"27Ω","FINGER":"e8b29b01f87d3f4e0743271d4bf0c142"},
{"LAYER":"TOP","ID":"TP2","COMPONENT":"10-PIN SIL ","PART_VALUE":"SIL","FINGER":"ea1e5ff008e44317c29bd68b6d204764"},
{"LAYER":"TOP","ID":"C301","COMPONENT":"Capacitor 220nF ","PART_VALUE":"220nF","FINGER":"ea5ea2481158445a5f3715033401a637"},
{"LAYER":"BOT","ID":"E367C","COMPONENT":"Capacitor 6800pF ","PART_VALUE":"6800pF","FINGER":"eaeb85e8f538b4f90e1e9fe4eaa044f0"},
{"LAYER":"BOT","ID":"E356C","COMPONENT":"Capacitor 6800pF ","PART_VALUE":"6800pF","FINGER":"eb880dabf88465c5667a31c410a15182"},
{"LAYER":"BOT","ID":"XC1","COMPONENT":"Capacitor 220nF ","PART_VALUE":"220nF","FINGER":"ec33adf633a112d46a5c6805d39048b7"},
{"LAYER":"TOP","ID":"E584R","COMPONENT":"Resistor 27Ω ","PART_VALUE":"27Ω","FINGER":"ecf06d83103162d162603935ce6d6020"},
{"LAYER":"BOT","ID":"R654","COMPONENT":"Resistor 1kΩ ","PART_VALUE":"1kΩ","FINGER":"ed4a8e6a3bb18d546dda0cc8f425e076"},
{"LAYER":"TOP","ID":"U5","COMPONENT":"IC AA-GAYLE ","PART_VALUE":"AA-GAYLE","FINGER":"edac2582c7973f050642b8aab829de1e"},
{"LAYER":"TOP","ID":"C8","COMPONENT":"Capacitor 220nF ","PART_VALUE":"220nF","FINGER":"ee1f855d931f6bba14ed0682c0017ebf"},
{"LAYER":"TOP","ID":"R349","COMPONENT":"Resistor 33kΩ ","PART_VALUE":"33kΩ","FINGER":"ee2ca7da7331dbb2d7f0f2df30548102"},
{"LAYER":"TOP","ID":"E264R","COMPONENT":"FB 200 ","PART_VALUE":"200","FINGER":"ee333e80e269e859a026eab6219a093b"},
{"LAYER":"TOP","ID":"C20C","COMPONENT":"Capacitor 220nF ","PART_VALUE":"220nF","FINGER":"ee6bb74981ec2ba073968bb3da20d65a"},
{"LAYER":"TOP","ID":"D232A","COMPONENT":"Diode 1N914 ","PART_VALUE":"1N914","FINGER":"eed1de2ae668dcb1546465a43a043a66"},
{"LAYER":"BOT","ID":"E127C","COMPONENT":"Capacitor 22pF ","PART_VALUE":"22pF","FINGER":"ef220cb807e9b90ba545ed5a96adfc36"},
{"LAYER":"TOP","ID":"E588R","COMPONENT":"Resistor 68Ω ","PART_VALUE":"68Ω","FINGER":"ef7281c497d13f87a82dd0fbb4ac7858"},
{"LAYER":"TOP","ID":"R951E","COMPONENT":"Resistor 4.7kΩ ","PART_VALUE":"4.7kΩ","FINGER":"ef9e7edc7cad265f0d63a44af95d1b38"},
{"LAYER":"BOT","ID":"R247","COMPONENT":"Resistor 15KΩ ","PART_VALUE":"15KΩ","FINGER":"eff1340979f659ca6ca10a3c134e6abe"},
{"LAYER":"BOT","ID":"E358R","COMPONENT":"Resistor 68Ω ","PART_VALUE":"68Ω","FINGER":"f03f84abbfed65ab94c3ca7165fe0197"},
{"LAYER":"TOP","ID":"U26","COMPONENT":"IC null ","PART_VALUE":"null","FINGER":"f0a666ded11d35316d937033e89ab505"},
{"LAYER":"TOP","ID":"E252R","COMPONENT":"Resistor 68Ω ","PART_VALUE":"68Ω","FINGER":"f0e281eea18d4ac17ed484814bdf805c"},
{"LAYER":"TOP","ID":"U8","COMPONENT":"IC null ","PART_VALUE":"null","FINGER":"f0f74fa8a72b2adfb0f461ceca3379db"},
{"LAYER":"BOT","ID":"E511R","COMPONENT":"Resistor 68Ω ","PART_VALUE":"68Ω","FINGER":"f119b0a52057546949510a538cf23bcb"},
{"LAYER":"TOP","ID":"U47","COMPONENT":"IC null ","PART_VALUE":"null","FINGER":"f2684233c5db183bce5c80c6f0afc8b6"},
{"LAYER":"TOP","ID":"R231C","COMPONENT":"Resistor 49.9Ω ","PART_VALUE":"49.9Ω","FINGER":"f3377fc4789309be0065f73f24e1e45f"},
{"LAYER":"BOT","ID":"R370A","COMPONENT":"Resistor 4.7kΩ ","PART_VALUE":"4.7kΩ","FINGER":"f3fdffa5e4128753e64a671171d6c627"},
{"LAYER":"BOT","ID":"E595C","COMPONENT":"Capacitor 100pF ","PART_VALUE":"100pF","FINGER":"f44a2b4742e1c88b59b751bd2efc8a6b"},
{"LAYER":"TOP","ID":"E201R","COMPONENT":"Resistor *Ω ","PART_VALUE":"*Ω","FINGER":"f451d5c5acb53d817e746f298d6b7be8"},
{"LAYER":"TOP","ID":"R919E","COMPONENT":"Resistor 10kΩ ","PART_VALUE":"10kΩ","FINGER":"f470fdfeff71b436730467f83b7a6cbc"},
{"LAYER":"TOP","ID":"R152C","COMPONENT":"Resistor 68Ω ","PART_VALUE":"68Ω","FINGER":"f503e527117da40c2f9b99b89cb8a67d"},
{"LAYER":"BOT","ID":"R621A","COMPONENT":"Resistor 4.7kΩ ","PART_VALUE":"4.7kΩ","FINGER":"f566efba2117b4553f3bb07fd9b87af8"},
{"LAYER":"BOT","ID":"R717","COMPONENT":"Resistor 10kΩ ","PART_VALUE":"10kΩ","FINGER":"f60709098937e2f70488d7a597ceb2f2"},
{"LAYER":"BOT","ID":"C311","COMPONENT":"Capacitor 47nF ","PART_VALUE":"47nF","FINGER":"f69c6d340b4b831404dc92288ece6529"},
{"LAYER":"TOP","ID":"C322","COMPONENT":"Capacitor 6800pF ","PART_VALUE":"6800pF","FINGER":"f6b322970b041e679b2626fa4a4d78c1"},
{"LAYER":"TOP","ID":"D571","COMPONENT":"Diode 1N914 ","PART_VALUE":"1N914","FINGER":"f6f30a37a7bc54a2ebc39b686f57218f"},
{"LAYER":"TOP","ID":"E558R","COMPONENT":"Resistor 68Ω ","PART_VALUE":"68Ω","FINGER":"f7240e05da6132d7bc6c1b135ce0781a"},
{"LAYER":"BOT","ID":"R233C","COMPONENT":"Resistor 470Ω ","PART_VALUE":"470Ω","FINGER":"f7ed536af79961fa995b6d0876fcae6f"},
{"LAYER":"TOP","ID":"E558C","COMPONENT":"Capacitor 100pF ","PART_VALUE":"100pF","FINGER":"f7faacf8f8d2838064d2b078edd65478"},
{"LAYER":"TOP","ID":"R321","COMPONENT":"Resistor 680Ω ","PART_VALUE":"680Ω","FINGER":"f8d1cdce3d348ddef2d4b2e99affdb9f"},
{"LAYER":"TOP","ID":"CN11","COMPONENT":"CONNECTOR ","PART_VALUE":"CONNECTOR","FINGER":"f919e0b2118e44bd2cacf67d7432fed9"},
{"LAYER":"BOT","ID":"E516C","COMPONENT":"Capacitor 100pF ","PART_VALUE":"100pF","FINGER":"f99a3f91b70b8b7fd98abb465ebef051"},
{"LAYER":"TOP","ID":"R303","COMPONENT":"Resistor 1.02kΩ ","PART_VALUE":"1.02kΩ","FINGER":"f9aeb6c17e041275d0737663bacac03e"},
{"LAYER":"TOP","ID":"U12","COMPONENT":"IC CXA1145 ","PART_VALUE":"CXA1145","FINGER":"fa4373a5be06aff3c5d08457454850a7"},
{"LAYER":"BOT","ID":"E597R","COMPONENT":"FB 200 ","PART_VALUE":"200","FINGER":"fa887e3d1145a70eaf8a08d9ea6f1c24"},
{"LAYER":"TOP","ID":"E258R","COMPONENT":"FB 200 ","PART_VALUE":"200","FINGER":"faacd3cb9fc850129b70040909ebc119"},
{"LAYER":"BOT","ID":"R151I","COMPONENT":"Resistor 68Ω ","PART_VALUE":"68Ω","FINGER":"fac132550f97524b2a5c0354f4d060dc"},
{"LAYER":"TOP","ID":"R635","COMPONENT":"Resistor 10kΩ ","PART_VALUE":"10kΩ","FINGER":"fbd95a8c29dfedb39d3c4f0b219e74f2"},
{"LAYER":"TOP","ID":"E131R","COMPONENT":"Resistor 68Ω ","PART_VALUE":"68Ω","FINGER":"fbd99ad011acc8fb443550cac0a71ff9"},
{"LAYER":"BOT","ID":"E365R","COMPONENT":"Resistor 68Ω ","PART_VALUE":"68Ω","FINGER":"fcbae174e2afdb5091373a9d2544539e"},
{"LAYER":"TOP","ID":"E202C","COMPONENT":"Capacitor 22pF ","PART_VALUE":"22pF","FINGER":"fd363f41177d1943c8700f22890cd319"},
{"LAYER":"BOT","ID":"E258C","COMPONENT":"Capacitor 47pF ","PART_VALUE":"47pF","FINGER":"fdddf871b35c4e757bdd9ee15ded46db"},
{"LAYER":"TOP","ID":"C16B","COMPONENT":"Capacitor 220nF ","PART_VALUE":"220nF","FINGER":"fe1729981c80973ea0904a63077c3be8"},
{"LAYER":"TOP","ID":"R511F","COMPONENT":"Resistor 10kΩ ","PART_VALUE":"10kΩ","FINGER":"ff3f3c6f82cbefe847d9ed3fe9dc0aa2"},
{"LAYER":"TOP","ID":"E266R","COMPONENT":"Resistor 68Ω ","PART_VALUE":"68Ω","FINGER":"ff9b17e75e234bab198973a595acdd52"},
{"LAYER":"BOT","ID":"C0A","COMPONENT":"Capacitor 220nF ","PART_VALUE":"220nF","FINGER":"ffa665c70d5687578fb210a9af8641cb"},
{"LAYER":"BOT","ID":"R253","COMPONENT":"Resistor 4.7kΩ ","PART_VALUE":"4.7kΩ","FINGER":"ffdb00caf6b60dbf2722039c637b6160"}
]