[
{"LAYER":"TOP","ID":"R346","COMPONENT":"Resistor 10kΩ ","PART_VALUE":"10kΩ","FINGER":""},
{"LAYER":"BOT","ID":"R715F","COMPONENT":"Resistor 10kΩ ","PART_VALUE":"10kΩ","FINGER":"00dbab4785b11345073d15188c8960d0"},
{"LAYER":"TOP","ID":"Q461","COMPONENT":"NPN 2N3904 ","PART_VALUE":"2N3904","FINGER":"018fe2e64ddf91770ba3729e1d2fa1bd"},
{"LAYER":"TOP","ID":"R301","COMPONENT":"Resistor 10Ω ","PART_VALUE":"10Ω","FINGER":"02fc9bdd4a7eb5d75e18974f47cd7889"},
{"LAYER":"TOP","ID":"C3","COMPONENT":"Capacitor 220nF ","PART_VALUE":"220nF","FINGER":"030541270df48686261ea60b04e21b94"},
{"LAYER":"TOP","ID":"R715A","COMPONENT":"Resistor 10kΩ ","PART_VALUE":"10kΩ","FINGER":"034208115edb99ac65c3f372373e080d"},
{"LAYER":"TOP","ID":"C551","COMPONENT":"Capacitor 220nF ","PART_VALUE":"220nF","FINGER":"034fa6dcea3aaa7849bd985b1c1d3446"},
{"LAYER":"BOT","ID":"E375C","COMPONENT":"Capacitor 22pF ","PART_VALUE":"22pF","FINGER":"03beb488d369d1f677d8448afb0a7799"},
{"LAYER":"BOT","ID":"C313","COMPONENT":"Capacitor 47nF ","PART_VALUE":"47nF","FINGER":"03d8d54e8b90ecc9a51b7ecc4ae26443"},
{"LAYER":"TOP","ID":"R118","COMPONENT":"Resistor *Ω ","PART_VALUE":"*Ω","FINGER":"03e55286a137a9a4561ca4a3cc021c75"},
{"LAYER":"TOP","ID":"C245","COMPONENT":"Capacitor 56pF ","PART_VALUE":"56pF","FINGER":"03f370101ff2330899e8ba1c400d7961"},
{"LAYER":"TOP","ID":"R655","COMPONENT":"Resistor 4.7kΩ ","PART_VALUE":"4.7kΩ","FINGER":"04503bdfd21a001dbdb0b48db8d6bc11"},
{"LAYER":"TOP","ID":"CN8","COMPONENT":"PIN ","PART_VALUE":"PIN","FINGER":"04d8c0291cf6c6388e3da68f787df862"},
{"LAYER":"BOT","ID":"R370A","COMPONENT":"Resistor 4.7kΩ ","PART_VALUE":"4.7kΩ","FINGER":"0549cd2216ccefa4c86d41fd77637651"},
{"LAYER":"BOT","ID":"R714A","COMPONENT":"Resistor 120Ω ","PART_VALUE":"120Ω","FINGER":"05bcc3e465d1bb2ccc338cc597e0c667"},
{"LAYER":"BOT","ID":"E127R","COMPONENT":"Resistor 27Ω ","PART_VALUE":"27Ω","FINGER":"05f9a7cffbf6890f47da01f799b64183"},
{"LAYER":"TOP","ID":"D576","COMPONENT":"Diode 1N4001 ","PART_VALUE":"1N4001","FINGER":"063cc647bc513635fe8077a111044e72"},
{"LAYER":"BOT","ID":"R233A","COMPONENT":"Resistor 470Ω ","PART_VALUE":"470Ω","FINGER":"069f083296a6364a248205afe696294e"},
{"LAYER":"BOT","ID":"E363R","COMPONENT":"Resistor 68Ω ","PART_VALUE":"68Ω","FINGER":"077cf8ed8091414a9cb0a4fba76eba66"},
{"LAYER":"BOT","ID":"R953B","COMPONENT":"Resistor 470Ω ","PART_VALUE":"470Ω","FINGER":"07e8975f3249dc7577241dda6163420d"},
{"LAYER":"TOP","ID":"LF1A","COMPONENT":"FB ","PART_VALUE":"FB","FINGER":"07f6d009150c59a9474a5b8c3c3d3bfb"},
{"LAYER":"TOP","ID":"U9","COMPONENT":"IC null ","PART_VALUE":"null","FINGER":"0801ac4d731825b542d4f54dfd549639"},
{"LAYER":"TOP","ID":"Q654","COMPONENT":"PNP 2N3906 ","PART_VALUE":"2N3906","FINGER":"08202aa40f8c902d0a2214ea2380afe5"},
{"LAYER":"BOT","ID":"R237","COMPONENT":"Resistor 100Ω ","PART_VALUE":"100Ω","FINGER":"08812aad57ebce58f6fa9aeec3db2b04"},
{"LAYER":"BOT","ID":"R715Y","COMPONENT":"Resistor 10kΩ ","PART_VALUE":"10kΩ","FINGER":"089080fc32d131fa8444727a495c6551"},
{"LAYER":"TOP","ID":"E557R","COMPONENT":"Resistor 47Ω ","PART_VALUE":"47Ω","FINGER":"0896059d5048b278f5c7b9a68e5167c6"},
{"LAYER":"TOP","ID":"FB402B","COMPONENT":"FB ","PART_VALUE":"FB","FINGER":"090cf6d09f68510ccb02d2a6e175bc43"},
{"LAYER":"TOP","ID":"E595R","COMPONENT":"Resistor 27Ω ","PART_VALUE":"27Ω","FINGER":"0a2f515a464806539236a33e6b781cbe"},
{"LAYER":"TOP","ID":"C821","COMPONENT":"Electrolytic 47µF ","PART_VALUE":"47µF","FINGER":"0a5fd923392bc9b458e91764912d8336"},
{"LAYER":"TOP","ID":"E255R","COMPONENT":"Resistor 47Ω ","PART_VALUE":"47Ω","FINGER":"0bf77c8d238d59e6ffa56aecf62939ed"},
{"LAYER":"TOP","ID":"TP1","COMPONENT":"10-PIN SIL ","PART_VALUE":"SIL","FINGER":"0c5aefb8d8b4f876503b6f6c4b9ee063"},
{"LAYER":"TOP","ID":"C321","COMPONENT":"Capacitor 3900pF ","PART_VALUE":"3900pF","FINGER":"0c795325def7cca4951ba02f19cb268a"},
{"LAYER":"BOT","ID":"R593","COMPONENT":"JUMP-RES 470 ","PART_VALUE":"470","FINGER":"0c855c8e49b1c13073882def1ec8e6e0"},
{"LAYER":"TOP","ID":"XU2","COMPONENT":"74F02 ","PART_VALUE":"74F02","FINGER":"0d1fea2c707a6b9721472b0bd9da26ff"},
{"LAYER":"BOT","ID":"E592C","COMPONENT":"Capacitor 100pF ","PART_VALUE":"100pF","FINGER":"0d34f945150fe18953b17f698ea040d0"},
{"LAYER":"TOP","ID":"R919H","COMPONENT":"Resistor 10kΩ ","PART_VALUE":"10kΩ","FINGER":"0d555b073e787a86661e58215c7527e4"},
{"LAYER":"BOT","ID":"E231C","COMPONENT":"Capacitor 100pF ","PART_VALUE":"100pF","FINGER":"0e61b84f2e57f495b973c743ea848928"},
{"LAYER":"TOP","ID":"U34","COMPONENT":"IC null ","PART_VALUE":"null","FINGER":"0e954fecefd3bd11abbb696deefdd9f6"},
{"LAYER":"TOP","ID":"R635","COMPONENT":"Resistor 10kΩ ","PART_VALUE":"10kΩ","FINGER":"0f0e309dadb62f494a4f5ebbfb3fec06"},
{"LAYER":"BOT","ID":"E255C","COMPONENT":"Capacitor 100pF ","PART_VALUE":"100pF","FINGER":"0f1dd39844b71da0673af885d6b9e0b1"},
{"LAYER":"TOP","ID":"R151E","COMPONENT":"Resistor 68Ω ","PART_VALUE":"68Ω","FINGER":"0f62f26cd93a1a80cedd6675fb4acd98"},
{"LAYER":"TOP","ID":"R331","COMPONENT":"Resistor 1.5kΩ ","PART_VALUE":"1.5kΩ","FINGER":"0f875af7d6f89ef1c15c3ba4feb9ecf5"},
{"LAYER":"BOT","ID":"E521R","COMPONENT":"Resistor 68Ω ","PART_VALUE":"68Ω","FINGER":"0fc7e44cc2b37889e33a73c590a1b440"},
{"LAYER":"TOP","ID":"Q571","COMPONENT":"NPN 2N3904 ","PART_VALUE":"2N3904","FINGER":"1054ebbabd4c3509a1eacd5c125ed776"},
{"LAYER":"BOT","ID":"R370G","COMPONENT":"Resistor 4.7kΩ ","PART_VALUE":"4.7kΩ","FINGER":"1061ddc66787f622db7d34602d90aedb"},
{"LAYER":"BOT","ID":"R913","COMPONENT":"Resistor 470Ω ","PART_VALUE":"470Ω","FINGER":"108e2661fade0f7d18dd16421d0c80c9"},
{"LAYER":"BOT","ID":"E260C","COMPONENT":"Capacitor 47pF ","PART_VALUE":"47pF","FINGER":"10b5802229350d23eb85e751acb5fa0b"},
{"LAYER":"BOT","ID":"C215","COMPONENT":"Capacitor 100nF ","PART_VALUE":"100nF","FINGER":"11becb707865206c320161d8b33e8972"},
{"LAYER":"BOT","ID":"R253","COMPONENT":"Resistor 4.7kΩ ","PART_VALUE":"4.7kΩ","FINGER":"12a7646ae17804a14183d9305a84e615"},
{"LAYER":"TOP","ID":"R571","COMPONENT":"Resistor 2.7kΩ ","PART_VALUE":"2.7kΩ","FINGER":"13240edbfaac1ee4fab368590857c3b1"},
{"LAYER":"TOP","ID":"R952B","COMPONENT":"Resistor 470Ω ","PART_VALUE":"470Ω","FINGER":"1375cdb03de7c0b18f626638d7aa534d"},
{"LAYER":"TOP","ID":"Q651","COMPONENT":"NPN 2N3904 ","PART_VALUE":"2N3904","FINGER":"13fc1337ca5793e50328e3a379a6efff"},
{"LAYER":"TOP","ID":"R919E","COMPONENT":"Resistor 10kΩ ","PART_VALUE":"10kΩ","FINGER":"147616278df794f6a14d473c183d43bb"},
{"LAYER":"BOT","ID":"C211","COMPONENT":"Capacitor 220nF ","PART_VALUE":"220nF","FINGER":"14c612f407c481aafd1087a652f7a0af"},
{"LAYER":"TOP","ID":"R232B","COMPONENT":"Resistor 24.9Ω ","PART_VALUE":"24.9Ω","FINGER":"153ce7270e3cca4281c0e9ab94ef8593"},
{"LAYER":"BOT","ID":"E357C","COMPONENT":"Capacitor 6800pF ","PART_VALUE":"6800pF","FINGER":"15e1093b09756fd64b92f862b6e32217"},
{"LAYER":"BOT","ID":"R224","COMPONENT":"Resistor 820Ω ","PART_VALUE":"820Ω","FINGER":"163c4f188ca4e67755553e35640209cb"},
{"LAYER":"BOT","ID":"E354C","COMPONENT":"Capacitor 470pF ","PART_VALUE":"470pF","FINGER":"16a52789e7e8851c1c7ed12a36cb93b3"},
{"LAYER":"BOT","ID":"R624A","COMPONENT":"Resistor 4.7kX9Ω ","PART_VALUE":"4.7kX9Ω","FINGER":"18258afd1f13eef55a26e2442bee4ad7"},
{"LAYER":"BOT","ID":"E123C","COMPONENT":"Capacitor 22pF* ","PART_VALUE":"22pF*","FINGER":"18d4e74a86f1d7da2666c78f8c918285"},
{"LAYER":"BOT","ID":"R370F","COMPONENT":"Resistor 4.7kΩ ","PART_VALUE":"4.7kΩ","FINGER":"19aed89b537499954329c50b56fc21d2"},
{"LAYER":"BOT","ID":"R621G","COMPONENT":"Resistor 4.7kX9Ω ","PART_VALUE":"4.7kX9Ω","FINGER":"1bcb7d2b6e91959c98ecf449798ac63d"},
{"LAYER":"TOP","ID":"E124C","COMPONENT":"Capacitor 22pF ","PART_VALUE":"22pF","FINGER":"1bd8637b83d0d880aeaf9ace55bca9bc"},
{"LAYER":"BOT","ID":"R914","COMPONENT":"Resistor 10kΩ ","PART_VALUE":"10kΩ","FINGER":"1beb4ce103e91baff8b21fede7f18232"},
{"LAYER":"TOP","ID":"Q201","COMPONENT":"NPN 2N3904 ","PART_VALUE":"2N3904","FINGER":"1c8055a93231ff4f64006134998f8ded"},
{"LAYER":"BOT","ID":"R714B","COMPONENT":"Resistor 120Ω ","PART_VALUE":"120Ω","FINGER":"1dd15916b2ed2e61cc503069f34fe1d6"},
{"LAYER":"BOT","ID":"E368C","COMPONENT":"Capacitor 6800pF ","PART_VALUE":"6800pF","FINGER":"1dd17ae0655aa58066906e0dfdfcce1a"},
{"LAYER":"TOP","ID":"D232B","COMPONENT":"Diode 1N914 ","PART_VALUE":"1N914","FINGER":"1dde7cfa82c1a8882591e3e0eb7b9fc5"},
{"LAYER":"TOP","ID":"Q341","COMPONENT":"PNP 2N3906 ","PART_VALUE":"2N3906","FINGER":"1e9360cd1fc6661862c1239cbbb0885d"},
{"LAYER":"TOP","ID":"U18","COMPONENT":"IC 256KX16 ","PART_VALUE":"256KX16","FINGER":"1ec15e7f368393df44e715b0774a784f"},
{"LAYER":"TOP","ID":"C811","COMPONENT":"Electrolytic 1000µF ","PART_VALUE":"1000µF","FINGER":"1eedf3f09193ecf6f320b11229c091fa"},
{"LAYER":"BOT","ID":"E562C","COMPONENT":"Capacitor 10nF ","PART_VALUE":"10nF","FINGER":"202594b06766aa9c52f33d70d481ab3b"},
{"LAYER":"TOP","ID":"E232R","COMPONENT":"Resistor 4.7Ω ","PART_VALUE":"4.7Ω","FINGER":"20c6d52f3329595512ee985620e5b62c"},
{"LAYER":"BOT","ID":"R594","COMPONENT":"JUMP-RES * ","PART_VALUE":"*","FINGER":"20d6d001f95bbeb8f1e71ccfb7e9a892"},
{"LAYER":"BOT","ID":"E519C","COMPONENT":"Capacitor 100pF ","PART_VALUE":"100pF","FINGER":"21332375733430f90a54b9830ebeebc3"},
{"LAYER":"TOP","ID":"P9B","COMPONENT":"DIL_40 ","PART_VALUE":"DIL_40","FINGER":"215540c9ac32b6be68db2b11d19c5823"},
{"LAYER":"TOP","ID":"R151H","COMPONENT":"Resistor 68Ω ","PART_VALUE":"68Ω","FINGER":"2192b048277ba69812aaf305b197b566"},
{"LAYER":"TOP","ID":"U28","COMPONENT":"IC null ","PART_VALUE":"null","FINGER":"2195bc072c443a589a9e47c5b27b77e3"},
{"LAYER":"TOP","ID":"C622","COMPONENT":"Capacitor 22pF ","PART_VALUE":"22pF","FINGER":"21c8334919d3608c85611ffe243253ef"},
{"LAYER":"TOP","ID":"R651","COMPONENT":"Resistor 4.7kΩ ","PART_VALUE":"4.7kΩ","FINGER":"223e9ce5ef9bdb301bafafff9dfd6581"},
{"LAYER":"BOT","ID":"C152C","COMPONENT":"Capacitor 22pF ","PART_VALUE":"22pF","FINGER":"223ea2a65402c7300d2ea0f8a9fc6761"},
{"LAYER":"TOP","ID":"E552R","COMPONENT":"Resistor 68Ω ","PART_VALUE":"68Ω","FINGER":"223fc4334b144386bd30e5f417bb9ee6"},
{"LAYER":"BOT","ID":"E355R","COMPONENT":"Resistor 68Ω ","PART_VALUE":"68Ω","FINGER":"22450601c2e3be71f72e37948011a28f"},
{"LAYER":"TOP","ID":"C306","COMPONENT":"Electrolytic 10µF ","PART_VALUE":"10µF","FINGER":"228ff442b9e556d810a2221e55ffdc95"},
{"LAYER":"TOP","ID":"U3","COMPONENT":"IC 8364 ","PART_VALUE":"8364","FINGER":"22bdef950ec37b2e92f31bf5fb2ff822"},
{"LAYER":"TOP","ID":"E558R","COMPONENT":"Resistor 68Ω ","PART_VALUE":"68Ω","FINGER":"2318b9a8466f2c4c596a41642aa2d480"},
{"LAYER":"TOP","ID":"U43","COMPONENT":"IC 74LS245 ","PART_VALUE":"74LS245","FINGER":"238e5681543449c996b18c7e20485f68"},
{"LAYER":"TOP","ID":"R951B","COMPONENT":"Resistor 4.7kΩ ","PART_VALUE":"4.7kΩ","FINGER":"240e4d73d2fb2b2131adc842af7b1c94"},
{"LAYER":"BOT","ID":"C32","COMPONENT":"Capacitor 220nF ","PART_VALUE":"220nF","FINGER":"248217d4a5b883a24050df1cf79a88b4"},
{"LAYER":"TOP","ID":"U12","COMPONENT":"IC CXA1145 ","PART_VALUE":"CXA1145","FINGER":"24f55203855bdca5d8ae6135d0462746"},
{"LAYER":"TOP","ID":"R152D","COMPONENT":"Resistor 68Ω ","PART_VALUE":"68Ω","FINGER":"251ab35badf1525fb5ded4eddf3db9c1"},
{"LAYER":"TOP","ID":"E321R","COMPONENT":"Resistor 0Ω ","PART_VALUE":"0Ω","FINGER":"255a949e3ce0cd42e31b1012297ece03"},
{"LAYER":"BOT","ID":"E511R","COMPONENT":"Resistor 68Ω ","PART_VALUE":"68Ω","FINGER":"259da811914b64bc552faf2dbedf1636"},
{"LAYER":"TOP","ID":"XU9","COMPONENT":"16R4 ","PART_VALUE":"16R4","FINGER":"26771d0d9c8ee792711d88000dde767c"},
{"LAYER":"BOT","ID":"R916","COMPONENT":"Resistor 10kΩ ","PART_VALUE":"10kΩ","FINGER":"274817496e648e45d6fa869f5a4d00e1"},
{"LAYER":"TOP","ID":"R715G","COMPONENT":"Resistor 10kΩ ","PART_VALUE":"10kΩ","FINGER":"280b1c5724dc76bd222e3274c6db8c75"},
{"LAYER":"TOP","ID":"R919D","COMPONENT":"Resistor 10kΩ ","PART_VALUE":"10kΩ","FINGER":"28bf1baa29f7d0c8ab5ed3890870ca45"},
{"LAYER":"TOP","ID":"R151G","COMPONENT":"Resistor 68Ω ","PART_VALUE":"68Ω","FINGER":"29643d7e592a3c9cd274a5755b304783"},
{"LAYER":"BOT","ID":"E599R","COMPONENT":"Resistor 27Ω ","PART_VALUE":"27Ω","FINGER":"2a3b5c6d3d606f90e9b45f21056f81dd"},
{"LAYER":"TOP","ID":"E121R","COMPONENT":"Resistor 27Ω ","PART_VALUE":"27Ω","FINGER":"2a519924b802962caf753ba4d26a4e04"},
{"LAYER":"TOP","ID":"R333","COMPONENT":"Resistor 10kΩ ","PART_VALUE":"10kΩ","FINGER":"2ad7d9024393ea396e80091bae2bbd23"},
{"LAYER":"TOP","ID":"R209","COMPONENT":"Resistor 10kΩ ","PART_VALUE":"10kΩ","FINGER":"2ba16480ccf2826cb5cfe1ff8873b4e8"},
{"LAYER":"BOT","ID":"C152A","COMPONENT":"Capacitor 22pF ","PART_VALUE":"22pF","FINGER":"2c06a77f761a5b2996a3c9d78d644ac7"},
{"LAYER":"BOT","ID":"R919B","COMPONENT":"Resistor 10kΩ ","PART_VALUE":"10kΩ","FINGER":"2c466927208b6ccdde108a00458bbec5"},
{"LAYER":"BOT","ID":"E366R","COMPONENT":"Resistor 68Ω ","PART_VALUE":"68Ω","FINGER":"2c4f1cf53d9dbde6cd4ce1145bdcdbc9"},
{"LAYER":"TOP","ID":"FB401A","COMPONENT":"FB ","PART_VALUE":"FB","FINGER":"2c8e87873b70404166ad8f9125ff669a"},
{"LAYER":"BOT","ID":"E258C","COMPONENT":"Capacitor 47pF ","PART_VALUE":"47pF","FINGER":"2cb8ce9744897405a294d07118e44cdb"},
{"LAYER":"BOT","ID":"R238","COMPONENT":"Resistor *Ω ","PART_VALUE":"*Ω","FINGER":"2cd79e77f533339ec8808eaebe508d66"},
{"LAYER":"TOP","ID":"R101","COMPONENT":"Resistor 470Ω ","PART_VALUE":"470Ω","FINGER":"2d187d5d51660e7fddd3d834b67899f8"},
{"LAYER":"TOP","ID":"E553R","COMPONENT":"Resistor 68Ω ","PART_VALUE":"68Ω","FINGER":"2d4456854d15db2f7aad476efb886ad5"},
{"LAYER":"BOT","ID":"R217","COMPONENT":"Resistor 562Ω ","PART_VALUE":"562Ω","FINGER":"2d72822bf3f08ef6172b10663f05c621"},
{"LAYER":"BOT","ID":"E555C","COMPONENT":"Capacitor 470pF ","PART_VALUE":"470pF","FINGER":"2d7a0a66919c148a1526597e41e9a262"},
{"LAYER":"TOP","ID":"R951D","COMPONENT":"Resistor 4.7kΩ ","PART_VALUE":"4.7kΩ","FINGER":"2dee497f3bc3d2bba5e2b72363a898b5"},
{"LAYER":"TOP","ID":"U19","COMPONENT":"IC 256KX16 ","PART_VALUE":"256KX16","FINGER":"2e4589d4d924c4bb64325d479f796a8a"},
{"LAYER":"TOP","ID":"D215A","COMPONENT":"PIN ","PART_VALUE":"PIN","FINGER":"2e6b9b14e9eea29fe436d95ccc63a6c9"},
{"LAYER":"BOT","ID":"C221","COMPONENT":"Capacitor 100nF ","PART_VALUE":"100nF","FINGER":"2e97c627fe40c520d75d93f02896648c"},
{"LAYER":"TOP","ID":"D231B","COMPONENT":"Diode 1N914 ","PART_VALUE":"1N914","FINGER":"2f3a2df058dcabf15c915c7c53ce7ef9"},
{"LAYER":"TOP","ID":"U5","COMPONENT":"IC 4145F023A ","PART_VALUE":"4145F023A","FINGER":"2f7345e50d5bbb65b1fe4c8beaa816db"},
{"LAYER":"TOP","ID":"E261C","COMPONENT":"Capacitor 100pF ","PART_VALUE":"100pF","FINGER":"2f962209876d8ce212f26a006b6e1347"},
{"LAYER":"BOT","ID":"R370C","COMPONENT":"Resistor 4.7kΩ ","PART_VALUE":"4.7kΩ","FINGER":"30002b36521d39033d8ca3f68f6b929e"},
{"LAYER":"TOP","ID":"CN9","COMPONENT":"DB23S ","PART_VALUE":"DB23S","FINGER":"30d0af26e4a5f85944743af72c53ffe6"},
{"LAYER":"TOP","ID":"E561R","COMPONENT":"Resistor 47Ω ","PART_VALUE":"47Ω","FINGER":"31704c102ca8270effc3b9ff6e9bd2fd"},
{"LAYER":"BOT","ID":"E514R","COMPONENT":"Resistor 68Ω ","PART_VALUE":"68Ω","FINGER":"31b0c120ad1d51dbe5fb13e380b77634"},
{"LAYER":"TOP","ID":"CN13","COMPONENT":"MEMBRANE-31 ","PART_VALUE":"MEMBRANE-31","FINGER":"31e093c6918371fc3f181ae7a1e8fe08"},
{"LAYER":"TOP","ID":"E252R","COMPONENT":"Resistor 68Ω ","PART_VALUE":"68Ω","FINGER":"31e1fa22a6be0a1d90331660000d5011"},
{"LAYER":"TOP","ID":"R104","COMPONENT":"Resistor 1kΩ ","PART_VALUE":"1kΩ","FINGER":"322d57e81bdf32c76bb9af5034ba3a35"},
{"LAYER":"TOP","ID":"XJ2","COMPONENT":"JUMP-RES * ","PART_VALUE":"*","FINGER":"327aeb1eba42ce8ce2374e5883d846a2"},
{"LAYER":"BOT","ID":"E377C","COMPONENT":"Capacitor 22pF ","PART_VALUE":"22pF","FINGER":"32d61ac081923a7a2720a8116304cbc2"},
{"LAYER":"BOT","ID":"E367C","COMPONENT":"Capacitor 6800pF ","PART_VALUE":"6800pF","FINGER":"3334827d6aa5fc4e678d97edbbd023d1"},
{"LAYER":"BOT","ID":"E129R","COMPONENT":"Resistor 27Ω ","PART_VALUE":"27Ω","FINGER":"3337c6dbecdfa90371cb7e8bfba37c57"},
{"LAYER":"TOP","ID":"XJ3","COMPONENT":"JUMP-RES * ","PART_VALUE":"*","FINGER":"33873e1a4dd77f8e68ba7284d7d65f7c"},
{"LAYER":"TOP","ID":"XR9","COMPONENT":"Resistor 1kΩ ","PART_VALUE":"1kΩ","FINGER":"33ca10d00c8f3fdde81b1d0ca9d97e23"},
{"LAYER":"BOT","ID":"R715B","COMPONENT":"Resistor 10kΩ ","PART_VALUE":"10kΩ","FINGER":"344eb8bc04ff328f5d5dd18b29468d9e"},
{"LAYER":"BOT","ID":"E586R","COMPONENT":"Resistor 68Ω ","PART_VALUE":"68Ω","FINGER":"349fd2cb357dbcefd91c96bb5ba14e48"},
{"LAYER":"BOT","ID":"C216","COMPONENT":"Capacitor 10nF ","PART_VALUE":"10nF","FINGER":"365f0e2a4b92009260b5703b6a49e922"},
{"LAYER":"TOP","ID":"D215","COMPONENT":"ZENER 1.2V ","PART_VALUE":"1.2V","FINGER":"3679af5ca64aa63e484dd7464d031637"},
{"LAYER":"TOP","ID":"R971","COMPONENT":"Resistor 4.7kΩ ","PART_VALUE":"4.7kΩ","FINGER":"36dc93b25ea8730d6aad354387574374"},
{"LAYER":"TOP","ID":"CN1A","COMPONENT":"PIN ","PART_VALUE":"PIN","FINGER":"36ee924aa209573b125132bcb426662f"},
{"LAYER":"TOP","ID":"E596R","COMPONENT":"Resistor 68Ω ","PART_VALUE":"68Ω","FINGER":"378ceeb264b2087e953376eb9fddb862"},
{"LAYER":"BOT","ID":"E595C","COMPONENT":"Capacitor 100pF ","PART_VALUE":"100pF","FINGER":"379f1c681041f3d176df67e815c86da9"},
{"LAYER":"TOP","ID":"X1","COMPONENT":"Oscillator 28.63636MHz ","PART_VALUE":"28.63636MHz","FINGER":"37b10fbaf3527da5d451f0f59254b397"},
{"LAYER":"TOP","ID":"R345","COMPONENT":"Resistor 22kΩ ","PART_VALUE":"22kΩ","FINGER":"37c8bbec936a3ebf9d99e0cee9d8555d"},
{"LAYER":"TOP","ID":"BT9","COMPONENT":"3\/V32RT ","PART_VALUE":"3\/V32RT","FINGER":"38214c62783145863044f67eeac8c4f2"},
{"LAYER":"BOT","ID":"R459","COMPONENT":"Resistor 27kΩ ","PART_VALUE":"27kΩ","FINGER":"38460b2bf3ca3e7e3eb68ebf299106f1"},
{"LAYER":"BOT","ID":"E377R","COMPONENT":"Resistor 27Ω ","PART_VALUE":"27Ω","FINGER":"392eb36c2a522f4351742329460fab9f"},
{"LAYER":"TOP","ID":"C323","COMPONENT":"Capacitor 3900pF ","PART_VALUE":"3900pF","FINGER":"395c6f216a5eb858bf768f2ffc5df1c8"},
{"LAYER":"TOP","ID":"E133C","COMPONENT":"Capacitor * ","PART_VALUE":"*","FINGER":"39e1c523f0ee9b49d863de4486ca53d2"},
{"LAYER":"TOP","ID":"Y451","COMPONENT":"Crystal 4.33619MHz ","PART_VALUE":"4.33619MHz","FINGER":"3a2fc4fe3af0563f98ac95f9cc9b6e0e"},
{"LAYER":"TOP","ID":"C239","COMPONENT":"Electrolytic 100µF ","PART_VALUE":"100µF","FINGER":"3a6b06014e98e54c20115b79617d2a3f"},
{"LAYER":"BOT","ID":"E351C","COMPONENT":"Capacitor 470pF ","PART_VALUE":"470pF","FINGER":"3ab6340bec3ae8e5bb4fd452a2a25e78"},
{"LAYER":"BOT","ID":"R919A","COMPONENT":"Resistor 10kΩ ","PART_VALUE":"10kΩ","FINGER":"3b5b54af5c2ea334412d157c731ac815"},
{"LAYER":"TOP","ID":"C6B","COMPONENT":"Capacitor 220nF ","PART_VALUE":"220nF","FINGER":"3b78d36258cbe5e0ed66d2f377915b63"},
{"LAYER":"TOP","ID":"R102","COMPONENT":"Resistor 1kΩ ","PART_VALUE":"1kΩ","FINGER":"3bb9bd0469367a09de8c0e59c529ad28"},
{"LAYER":"TOP","ID":"U6B","COMPONENT":"IC 62408 ","PART_VALUE":"62408","FINGER":"3bc16fe38b89c155faf4e49f7ed23bb4"},
{"LAYER":"BOT","ID":"R919F","COMPONENT":"Resistor 10kΩ ","PART_VALUE":"10kΩ","FINGER":"3d008335d47de5c34b697b62a6cee658"},
{"LAYER":"TOP","ID":"U30","COMPONENT":"IC BT101 ","PART_VALUE":"BT101","FINGER":"3dbc4229435cef7dce1f8670c3c0a6b1"},
{"LAYER":"BOT","ID":"R325","COMPONENT":"Resistor 2kΩ ","PART_VALUE":"2kΩ","FINGER":"3e00e26419f47018cdfceb8de47b1544"},
{"LAYER":"BOT","ID":"R715D","COMPONENT":"Resistor 10kΩ ","PART_VALUE":"10kΩ","FINGER":"3e12bd5c9aa2b3fc9540713e59656d4a"},
{"LAYER":"BOT","ID":"E128C","COMPONENT":"Capacitor 22pF ","PART_VALUE":"22pF","FINGER":"3e13d27bb44ca5beed9e0cd7c5a336cb"},
{"LAYER":"BOT","ID":"E128R","COMPONENT":"Resistor 27Ω ","PART_VALUE":"27Ω","FINGER":"3e496bca863b1e7bffb0859e1dc5056e"},
{"LAYER":"BOT","ID":"C314","COMPONENT":"Capacitor 47nF ","PART_VALUE":"47nF","FINGER":"3e5f442c148fa92c6d2054ef5b8affcb"},
{"LAYER":"TOP","ID":"E551C","COMPONENT":"Capacitor 100pF ","PART_VALUE":"100pF","FINGER":"3e92fb55a2cdc0c20fc5a90bf4e62914"},
{"LAYER":"TOP","ID":"R951F","COMPONENT":"Resistor 4.7kΩ ","PART_VALUE":"4.7kΩ","FINGER":"3eec09d383e0417c5fa88aa5fc9d6a04"},
{"LAYER":"BOT","ID":"E264C","COMPONENT":"Capacitor 10nF ","PART_VALUE":"10nF","FINGER":"40145484452ca7faddd4cff9c30feb30"},
{"LAYER":"BOT","ID":"E512C","COMPONENT":"Capacitor 100pF ","PART_VALUE":"100pF","FINGER":"4095fcb06cee9523d54faaf093830250"},
{"LAYER":"BOT","ID":"C152B","COMPONENT":"Capacitor 22pF ","PART_VALUE":"22pF","FINGER":"4096270b459adcfd0b187dda98e6d838"},
{"LAYER":"TOP","ID":"R232A","COMPONENT":"Resistor 24.9Ω ","PART_VALUE":"24.9Ω","FINGER":"40c9be98fb948ba254d971523c87fa9d"},
{"LAYER":"TOP","ID":"C6A","COMPONENT":"Capacitor 220nF ","PART_VALUE":"220nF","FINGER":"40e64131cd56a423218ee19c9bc88d51"},
{"LAYER":"BOT","ID":"R335","COMPONENT":"Resistor 2kΩ ","PART_VALUE":"2kΩ","FINGER":"41817899781e6d8eb4517f71fa382357"},
{"LAYER":"BOT","ID":"R954C","COMPONENT":"Resistor 470Ω ","PART_VALUE":"470Ω","FINGER":"418a7c69301ee844187229bfea7860dd"},
{"LAYER":"BOT","ID":"R221","COMPONENT":"Resistor 1.2k\/820Ω ","PART_VALUE":"1.2k\/820Ω","FINGER":"41dcf86d738be9d736b08068b370cbc7"},
{"LAYER":"BOT","ID":"C30B","COMPONENT":"Capacitor 47nF ","PART_VALUE":"47nF","FINGER":"422309204a810425b867f1394f9c9237"},
{"LAYER":"TOP","ID":"XC3","COMPONENT":"Capacitor 47nF ","PART_VALUE":"47nF","FINGER":"4230d21ee373019531c2ae4b827fd3a0"},
{"LAYER":"TOP","ID":"C334","COMPONENT":"Electrolytic 22µF-NP ","PART_VALUE":"22µF-NP","FINGER":"425884ff33eef2b94460a1305d86fd29"},
{"LAYER":"TOP","ID":"C1D","COMPONENT":"Capacitor 47nF ","PART_VALUE":"47nF","FINGER":"427ca5b4896d493c86078ad80f5b63f0"},
{"LAYER":"BOT","ID":"E113R","COMPONENT":"Resistor 68Ω ","PART_VALUE":"68Ω","FINGER":"429740f99c8f3e2806c83012373cf3f0"},
{"LAYER":"BOT","ID":"C242","COMPONENT":"Capacitor 15pF ","PART_VALUE":"15pF","FINGER":"444efca7c0d15f439a9d6ac90c50a90b"},
{"LAYER":"BOT","ID":"R716","COMPONENT":"Resistor 10kΩ ","PART_VALUE":"10kΩ","FINGER":"446d3818b99cc6846c1aea421ea1c46a"},
{"LAYER":"TOP","ID":"C301","COMPONENT":"Capacitor 220nF ","PART_VALUE":"220nF","FINGER":"4499d9d2c0bd79b2d0a257cf1572fabd"},
{"LAYER":"BOT","ID":"R622","COMPONENT":"Resistor 100Ω ","PART_VALUE":"100Ω","FINGER":"44b2770b502727ef633129126ddbccc4"},
{"LAYER":"TOP","ID":"Q653","COMPONENT":"NPN 2N3904 ","PART_VALUE":"2N3904","FINGER":"44f0a9b2b3db368e476d273410dd7269"},
{"LAYER":"BOT","ID":"C19B","COMPONENT":"Capacitor 220nF ","PART_VALUE":"220nF","FINGER":"451255f942f263bc50c2e7e0c0e0f2d3"},
{"LAYER":"BOT","ID":"R621E","COMPONENT":"Resistor 4.7kX9Ω ","PART_VALUE":"4.7kX9Ω","FINGER":"456b6e46ac1685e8bfc3018433f28ad8"},
{"LAYER":"BOT","ID":"R659","COMPONENT":"Resistor 470Ω ","PART_VALUE":"470Ω","FINGER":"45bee13bb2473c109ecbc54532bab17d"},
{"LAYER":"TOP","ID":"LF1B","COMPONENT":"FB ","PART_VALUE":"FB","FINGER":"45df8c656aa35c54ff2a823e6c7507c3"},
{"LAYER":"TOP","ID":"R347","COMPONENT":"Resistor 2.7kΩ ","PART_VALUE":"2.7kΩ","FINGER":"462319fab5cd65ab01ffc7316d9cef08"},
{"LAYER":"TOP","ID":"R951C","COMPONENT":"Resistor 4.7kΩ ","PART_VALUE":"4.7kΩ","FINGER":"467fb4ba677dc9c17768ac65b295742f"},
{"LAYER":"BOT","ID":"R624C","COMPONENT":"Resistor 4.7kX9Ω ","PART_VALUE":"4.7kX9Ω","FINGER":"46c054c60cea3f3b64f40f7387249851"},
{"LAYER":"TOP","ID":"E267R","COMPONENT":"Resistor 68Ω ","PART_VALUE":"68Ω","FINGER":"470b2c047bb231aebf605f7941d8c802"},
{"LAYER":"TOP","ID":"Q652","COMPONENT":"PNP 2N3906 ","PART_VALUE":"2N3906","FINGER":"4718add460597c1e99821913becff41d"},
{"LAYER":"TOP","ID":"U49","COMPONENT":"IC RH5VA43A ","PART_VALUE":"RH5VA43A","FINGER":"47ad6917ad3ed9adfe6c84a193522b15"},
{"LAYER":"BOT","ID":"E518R","COMPONENT":"Resistor 68Ω ","PART_VALUE":"68Ω","FINGER":"47d4d703a45e894e10690fc8d8cddb56"},
{"LAYER":"TOP","ID":"D572","COMPONENT":"Diode 1N4001 ","PART_VALUE":"1N4001","FINGER":"481c15fa6600d7d37a065d0781b319fa"},
{"LAYER":"BOT","ID":"R954B","COMPONENT":"Resistor 1kΩ ","PART_VALUE":"1kΩ","FINGER":"483995aea4492410307cde3755a313af"},
{"LAYER":"TOP","ID":"E122R","COMPONENT":"Resistor 27Ω ","PART_VALUE":"27Ω","FINGER":"4848fb6d73d0cd1952456e774161a4a9"},
{"LAYER":"BOT","ID":"R715E","COMPONENT":"Resistor 10kΩ ","PART_VALUE":"10kΩ","FINGER":"4898940a74800c2818dd0ea866c4b536"},
{"LAYER":"TOP","ID":"Q634","COMPONENT":"PNP * ","PART_VALUE":"*","FINGER":"48ff89bbe4d0bc27078c5649c691c58e"},
{"LAYER":"BOT","ID":"C43","COMPONENT":"Capacitor 220nF ","PART_VALUE":"220nF","FINGER":"49fefb537e22ff67fb2822bee152e19a"},
{"LAYER":"BOT","ID":"R151A","COMPONENT":"Resistor 68Ω ","PART_VALUE":"68Ω","FINGER":"4a45a32c5422ddd95cc9873904205656"},
{"LAYER":"BOT","ID":"C46","COMPONENT":"Capacitor 220nF ","PART_VALUE":"220nF","FINGER":"4ac79e931bdb2d20377877a86dcfb7b4"},
{"LAYER":"TOP","ID":"R511D","COMPONENT":"Resistor 10kΩ ","PART_VALUE":"10kΩ","FINGER":"4b2d58c1ce4eb34bcc461f6e214d3b47"},
{"LAYER":"TOP","ID":"U26X","COMPONENT":"IC null ","PART_VALUE":"null","FINGER":"4b47128886204560f95d8080bc2153d7"},
{"LAYER":"TOP","ID":"E321C","COMPONENT":"Capacitor 6800pF ","PART_VALUE":"6800pF","FINGER":"4bd3889ca679d511aca242c9531d72c0"},
{"LAYER":"BOT","ID":"E520C","COMPONENT":"Capacitor 100pF ","PART_VALUE":"100pF","FINGER":"4bf3771b5b75d385b9acee68c1ef4186"},
{"LAYER":"TOP","ID":"R953F","COMPONENT":"Resistor 470Ω ","PART_VALUE":"470Ω","FINGER":"4c3157ef6f7b2de3817eaefba5b0e8f4"},
{"LAYER":"BOT","ID":"E513R","COMPONENT":"Resistor 68Ω ","PART_VALUE":"68Ω","FINGER":"4c6b2920edd5e4af5daac4e902d31e8a"},
{"LAYER":"BOT","ID":"E365C","COMPONENT":"Capacitor 6800pF ","PART_VALUE":"6800pF","FINGER":"4c96e6ab260881dbfd446e0d572bb287"},
{"LAYER":"BOT","ID":"C702","COMPONENT":"Capacitor 220nF ","PART_VALUE":"220nF","FINGER":"4cdf17fba38e3d3e7e2ed2dff0c4efac"},
{"LAYER":"BOT","ID":"E514C","COMPONENT":"Capacitor 100pF ","PART_VALUE":"100pF","FINGER":"4d3ebfcd8cf4f5db6eef42fe2c60062e"},
{"LAYER":"TOP","ID":"R324","COMPONENT":"Resistor 1kΩ ","PART_VALUE":"1kΩ","FINGER":"4e3200f3dbcf79ef59d45e9e633c5923"},
{"LAYER":"TOP","ID":"U23","COMPONENT":"IC 74F139 ","PART_VALUE":"74F139","FINGER":"4e44de213e51e4e19197d46114ec9f98"},
{"LAYER":"TOP","ID":"E124R","COMPONENT":"Resistor 68Ω ","PART_VALUE":"68Ω","FINGER":"4e7e8d60333e64789238476fede293da"},
{"LAYER":"BOT","ID":"R652","COMPONENT":"Resistor 10kΩ ","PART_VALUE":"10kΩ","FINGER":"4ed34475084f5e8bfef732a8fca8b308"},
{"LAYER":"TOP","ID":"U45","COMPONENT":"IC 74LS245 ","PART_VALUE":"74LS245","FINGER":"4f3365a4b51718a7c15c3acdb5aa1f53"},
{"LAYER":"BOT","ID":"E125R","COMPONENT":"Resistor 27Ω ","PART_VALUE":"27Ω","FINGER":"4f4b5280ed801823996013852a57d408"},
{"LAYER":"TOP","ID":"E331C","COMPONENT":"Capacitor 6800pF ","PART_VALUE":"6800pF","FINGER":"51fc68874113da4c45aa2b858df3d506"},
{"LAYER":"TOP","ID":"E231R","COMPONENT":"FB 100 ","PART_VALUE":"100","FINGER":"524d67d23da0fc37c4050b7c611e9118"},
{"LAYER":"TOP","ID":"E262C","COMPONENT":"Capacitor * ","PART_VALUE":"*","FINGER":"52733baba91ea6f10cef4d68868e3054"},
{"LAYER":"TOP","ID":"C2A","COMPONENT":"Capacitor 220nF ","PART_VALUE":"220nF","FINGER":"527d1fc8078ecfb4660b4d8f0a9e44d3"},
{"LAYER":"BOT","ID":"C701","COMPONENT":"Capacitor 220nF ","PART_VALUE":"220nF","FINGER":"52aad73bf0f3939ab3486a04d2f1d6d3"},
{"LAYER":"BOT","ID":"R512","COMPONENT":"Resistor 1kΩ ","PART_VALUE":"1kΩ","FINGER":"52d684e46aad94a4f5f79058b71645b1"},
{"LAYER":"BOT","ID":"E122C","COMPONENT":"Capacitor * ","PART_VALUE":"*","FINGER":"52ffc34041e99b15cf4fca873ea658f9"},
{"LAYER":"BOT","ID":"E125C","COMPONENT":"Capacitor 22pF ","PART_VALUE":"22pF","FINGER":"53485aa30ed16783323b98e6053d755a"},
{"LAYER":"BOT","ID":"C152D","COMPONENT":"Capacitor 22pF ","PART_VALUE":"22pF","FINGER":"547e6e821bd9eeb9926282c29b60741d"},
{"LAYER":"TOP","ID":"E562R","COMPONENT":"Resistor 47Ω ","PART_VALUE":"47Ω","FINGER":"552c0b3b062cd100b50e68febed63625"},
{"LAYER":"BOT","ID":"E525R","COMPONENT":"Resistor 68Ω ","PART_VALUE":"68Ω","FINGER":"5564e9aee8dc478848653283af86a56a"},
{"LAYER":"BOT","ID":"E522C","COMPONENT":"Capacitor 100pF ","PART_VALUE":"100pF","FINGER":"5583bb0c42dc74e0eb03a93ec8eb8418"},
{"LAYER":"TOP","ID":"CN11","COMPONENT":"CONNECTOR ","PART_VALUE":"CONNECTOR","FINGER":"55b6ca95cb82c3d4913131b7637369ef"},
{"LAYER":"BOT","ID":"C212","COMPONENT":"Capacitor 220nF ","PART_VALUE":"220nF","FINGER":"56304730f711413bd2b1add12d77ea98"},
{"LAYER":"BOT","ID":"C592","COMPONENT":"Capacitor 10nF ","PART_VALUE":"10nF","FINGER":"5654f3128e0239746d5092cb54d838e2"},
{"LAYER":"BOT","ID":"C311","COMPONENT":"Capacitor 47nF ","PART_VALUE":"47nF","FINGER":"56a4f086badf80bc49f40d0ea701c15b"},
{"LAYER":"TOP","ID":"C8","COMPONENT":"Capacitor 220nF ","PART_VALUE":"220nF","FINGER":"570ccb8483b3e7dfa08953018c7e4eaf"},
{"LAYER":"TOP","ID":"E524R","COMPONENT":"Resistor 47Ω ","PART_VALUE":"47Ω","FINGER":"5741ddcc09a67336a6e7f1c7818a3c60"},
{"LAYER":"BOT","ID":"E357R","COMPONENT":"Resistor 68Ω ","PART_VALUE":"68Ω","FINGER":"57600fe5e24b3ca6cdfda235f8a3b230"},
{"LAYER":"BOT","ID":"E133R","COMPONENT":"Resistor 68Ω ","PART_VALUE":"68Ω","FINGER":"579524371236c4a2fe7e8286bbe5881e"},
{"LAYER":"TOP","ID":"R326","COMPONENT":"Resistor 470kΩ ","PART_VALUE":"470kΩ","FINGER":"585c9cf9b316234a4190e83719d6ed4a"},
{"LAYER":"BOT","ID":"C4B","COMPONENT":"Capacitor 220nF ","PART_VALUE":"220nF","FINGER":"586c36eb0f22d5047b13ffa7c08c7949"},
{"LAYER":"TOP","ID":"R336","COMPONENT":"Resistor 470kΩ ","PART_VALUE":"470kΩ","FINGER":"591dd40011ceb1e286cad01ab8d3c1d7"},
{"LAYER":"BOT","ID":"E598C","COMPONENT":"Capacitor 10nF ","PART_VALUE":"10nF","FINGER":"595a50abc3d688c51fa08ab53774258f"},
{"LAYER":"TOP","ID":"TP3","COMPONENT":"10-PIN SIL ","PART_VALUE":"SIL","FINGER":"598c235e88598c7150925c4f68f0da89"},
{"LAYER":"BOT","ID":"R235","COMPONENT":"Resistor 360Ω ","PART_VALUE":"360Ω","FINGER":"5acedd66e1891ddbcda974dd2ea79898"},
{"LAYER":"BOT","ID":"R953C","COMPONENT":"Resistor 470Ω ","PART_VALUE":"470Ω","FINGER":"5ae6dbbab0cbf97ce8a34b0114ea8f04"},
{"LAYER":"TOP","ID":"R164","COMPONENT":"Resistor 27Ω ","PART_VALUE":"27Ω","FINGER":"5b5c6ef45124eb8b90bd17edd66b4b46"},
{"LAYER":"BOT","ID":"XC9","COMPONENT":"Capacitor 220nF ","PART_VALUE":"220nF","FINGER":"5c3da259708c4ba51696abefb87c3af6"},
{"LAYER":"TOP","ID":"R323","COMPONENT":"Resistor 10kΩ ","PART_VALUE":"10kΩ","FINGER":"5c3e0ebedfa709b6e18a218344cf08df"},
{"LAYER":"BOT","ID":"E267C","COMPONENT":"Capacitor 100pF ","PART_VALUE":"100pF","FINGER":"5c6b471c1696d3b275be50f17e520f8e"},
{"LAYER":"TOP","ID":"E588R","COMPONENT":"Resistor 68Ω ","PART_VALUE":"68Ω","FINGER":"5c883f7d6fa15f8b6e57cbeb262b2611"},
{"LAYER":"TOP","ID":"U46","COMPONENT":"IC 74LS245 ","PART_VALUE":"74LS245","FINGER":"5cec4e20777aca66077ee890d015b91d"},
{"LAYER":"BOT","ID":"E376R","COMPONENT":"Resistor 27Ω ","PART_VALUE":"27Ω","FINGER":"5d52ef6baeaeb169f2a333f1aa0cdfa6"},
{"LAYER":"TOP","ID":"E265R","COMPONENT":"FB 200 ","PART_VALUE":"200","FINGER":"5df3de13f2a1c8fee842b7bafb28283f"},
{"LAYER":"BOT","ID":"E132R","COMPONENT":"Resistor 68Ω ","PART_VALUE":"68Ω","FINGER":"5e7cc89669d5116751bc783a6ccf5240"},
{"LAYER":"TOP","ID":"TC9","COMPONENT":"Varicap 6.8-45pF ","PART_VALUE":"6.8-45pF","FINGER":"5ec359529920ff3928ad774211bee38a,5fa955a36f2b964d0084c3191283a21c,1bfb064b4db6a7e30bfbb66ec50cca04,75250e62bc44b3b66e029e77983330c4,6e1169255fadace41f7c390d771f3d76"},
{"LAYER":"TOP","ID":"E589R","COMPONENT":"Resistor 68Ω ","PART_VALUE":"68Ω","FINGER":"5f22ae600d5c67d9cf90373d5a0e95a5"},
{"LAYER":"BOT","ID":"E596C","COMPONENT":"Capacitor 100pF ","PART_VALUE":"100pF","FINGER":"5f291dd244fef3823f0ba9e16fda0d26"},
{"LAYER":"BOT","ID":"C5A","COMPONENT":"Capacitor 220nF ","PART_VALUE":"220nF","FINGER":"5f6af9cfea723898ae4a2f620e3cd116"},
{"LAYER":"BOT","ID":"E580C","COMPONENT":"Capacitor 100pF ","PART_VALUE":"100pF","FINGER":"5f87c6f3beeed0065e6b988399a85f8b"},
{"LAYER":"BOT","ID":"R631","COMPONENT":"Resistor 10kΩ ","PART_VALUE":"10kΩ","FINGER":"5f97d57fce0cbed9c971a2f995f89a43"},
{"LAYER":"TOP","ID":"CN1","COMPONENT":"DB9P ","PART_VALUE":"DB9P","FINGER":"60573941539b5f8676642241f3bf1f59"},
{"LAYER":"TOP","ID":"LF1","COMPONENT":"Line Filter ","PART_VALUE":"Filter","FINGER":"6155a3ed2326a765b4d6d377f78c4c78"},
{"LAYER":"BOT","ID":"E252C","COMPONENT":"Capacitor 100pF ","PART_VALUE":"100pF","FINGER":"6156333c9949eb4b2d7631c1be34c068"},
{"LAYER":"TOP","ID":"E590R","COMPONENT":"Resistor 27Ω ","PART_VALUE":"27Ω","FINGER":"6173aaa1ba11807cdaa5ddc12c19a985"},
{"LAYER":"BOT","ID":"R621A","COMPONENT":"Resistor 4.7kX9Ω ","PART_VALUE":"4.7kX9Ω","FINGER":"6320bc6bf477580aa7d8f0d16c2265d4"},
{"LAYER":"TOP","ID":"C20C","COMPONENT":"Capacitor 220nF ","PART_VALUE":"220nF","FINGER":"63326132e384ad755b14aa19049bb810"},
{"LAYER":"BOT","ID":"C199","COMPONENT":"Capacitor 220nF ","PART_VALUE":"220nF","FINGER":"63821ef801cc13c77341248a797967f5"},
{"LAYER":"TOP","ID":"E253R","COMPONENT":"Resistor 47Ω ","PART_VALUE":"47Ω","FINGER":"64c7e13fa18b817f702382ba57a29ab4"},
{"LAYER":"BOT","ID":"R660","COMPONENT":"Resistor 470Ω ","PART_VALUE":"470Ω","FINGER":"659142faf623f4bcdbe01e8dbe36eab6"},
{"LAYER":"TOP","ID":"E592R","COMPONENT":"Resistor 27Ω ","PART_VALUE":"27Ω","FINGER":"65cf44cefefbcb1b25791e7ec1f530d9"},
{"LAYER":"TOP","ID":"C236","COMPONENT":"Electrolytic 100µF ","PART_VALUE":"100µF","FINGER":"665a2058ddcd6b88dd6df4f77226ca21"},
{"LAYER":"TOP","ID":"XU1","COMPONENT":"null ","PART_VALUE":"null","FINGER":"66a73ea03ed16db4ac6637e6e2fdaa0e"},
{"LAYER":"BOT","ID":"R623","COMPONENT":"Resistor 10kΩ ","PART_VALUE":"10kΩ","FINGER":"66b065f800f5edeab719a2cc5ae0e05e"},
{"LAYER":"TOP","ID":"C1C","COMPONENT":"Capacitor 220nF ","PART_VALUE":"220nF","FINGER":"66f0a3d1a1a129c7c199503e7ce88d36"},
{"LAYER":"TOP","ID":"R303","COMPONENT":"Resistor 1.02kΩ ","PART_VALUE":"1.02kΩ","FINGER":"6747d310d8eafc474ef25912fa197fb4"},
{"LAYER":"BOT","ID":"E364C","COMPONENT":"Capacitor 470pF ","PART_VALUE":"470pF","FINGER":"6802e72544fd6b61685d81c6131809bf"},
{"LAYER":"BOT","ID":"E129C","COMPONENT":"Capacitor 22pF ","PART_VALUE":"22pF","FINGER":"681a3fbce04096ce0b401500d11a9527"},
{"LAYER":"TOP","ID":"C235","COMPONENT":"Electrolytic 100µF ","PART_VALUE":"100µF","FINGER":"68dd52c9feca231c3800ff5216cec1b6"},
{"LAYER":"TOP","ID":"U1","COMPONENT":"IC MC68EC020 ","PART_VALUE":"MC68EC020","FINGER":"68ef42419b03977545ae64059b79a2d3"},
{"LAYER":"BOT","ID":"R715C","COMPONENT":"Resistor 10kΩ ","PART_VALUE":"10kΩ","FINGER":"68f3adbdd4b19b434d30c4ca10f3f706"},
{"LAYER":"TOP","ID":"C28A","COMPONENT":"Capacitor 47nF ","PART_VALUE":"47nF","FINGER":"6927e90a13b0298ce700a431bec47ea8"},
{"LAYER":"TOP","ID":"C459","COMPONENT":"Electrolytic 22µF ","PART_VALUE":"22µF","FINGER":"6973b51840103bb40f370c8a4a2dbb33"},
{"LAYER":"TOP","ID":"C305","COMPONENT":"Capacitor 220nF ","PART_VALUE":"220nF","FINGER":"6976502ceed248ad6a55d53485fa10db"},
{"LAYER":"TOP","ID":"C332","COMPONENT":"Capacitor 6800pF ","PART_VALUE":"6800pF","FINGER":"6a3da5f2a12fea93f41666a6acd9cfa5"},
{"LAYER":"TOP","ID":"CN16","COMPONENT":"DIL_44 ","PART_VALUE":"DIL_44","FINGER":"6aa4064c920752c4b4b93cd050fbc99b"},
{"LAYER":"TOP","ID":"C26","COMPONENT":"Capacitor 47nF ","PART_VALUE":"47nF","FINGER":"6aee83b6575a29c8727a7a7fde82649c"},
{"LAYER":"BOT","ID":"E580R","COMPONENT":"Resistor 27Ω ","PART_VALUE":"27Ω","FINGER":"6b1f040366a018cb9ae8947ab510d5b0"},
{"LAYER":"BOT","ID":"C45","COMPONENT":"Capacitor 220nF ","PART_VALUE":"220nF","FINGER":"6b63bdf66c9f5c35e9d13511905e3f8c"},
{"LAYER":"BOT","ID":"C152F","COMPONENT":"Capacitor 22pF ","PART_VALUE":"22pF","FINGER":"6c35d3c01f0de7b5a9a01a09bb128cd8"},
{"LAYER":"BOT","ID":"E266C","COMPONENT":"Capacitor 100pF ","PART_VALUE":"100pF","FINGER":"6c3dbce9e4fd0aa17893ffb69e46778a"},
{"LAYER":"TOP","ID":"R204","COMPONENT":"Resistor 4.7kΩ ","PART_VALUE":"4.7kΩ","FINGER":"6c912be7608a77f27c06b1a0d95d8b74"},
{"LAYER":"BOT","ID":"C18B","COMPONENT":"Capacitor 220nF ","PART_VALUE":"220nF","FINGER":"6cbcae3b2716f6b14037220f203e4018"},
{"LAYER":"BOT","ID":"C19A","COMPONENT":"Capacitor 220nF ","PART_VALUE":"220nF","FINGER":"6ceaf9e45feb7e96c1ad7e290a71530d"},
{"LAYER":"TOP","ID":"R152F","COMPONENT":"Resistor 68Ω ","PART_VALUE":"68Ω","FINGER":"6df704084fcd2313c2103cb47e2cead9"},
{"LAYER":"TOP","ID":"XJ9","COMPONENT":"JUMP-RES 0 ","PART_VALUE":"0","FINGER":"6e26dfe172c0d8f25e251619bae94838"},
{"LAYER":"TOP","ID":"R319","COMPONENT":"Resistor 1kΩ ","PART_VALUE":"1kΩ","FINGER":"6e878d185eee6bf814adfb3843141560"},
{"LAYER":"BOT","ID":"E265C","COMPONENT":"Capacitor 10nF ","PART_VALUE":"10nF","FINGER":"6ea539b031aa283e40b51be86fd9a05d"},
{"LAYER":"BOT","ID":"E598R","COMPONENT":"FB 200 ","PART_VALUE":"200","FINGER":"6ecc8d771b8a57a16eb544b65cf7c76d"},
{"LAYER":"BOT","ID":"R511A","COMPONENT":"Resistor 10kΩ ","PART_VALUE":"10kΩ","FINGER":"6f773b7654af17a6ef1f17b31c4734e7"},
{"LAYER":"TOP","ID":"R162","COMPONENT":"Resistor 27Ω ","PART_VALUE":"27Ω","FINGER":"7015f5fe46454920546d7a21ae7c0b6c"},
{"LAYER":"TOP","ID":"E587R","COMPONENT":"Resistor 27Ω ","PART_VALUE":"27Ω","FINGER":"701f7fec9267c3075e576daf6cfe8a9c"},
{"LAYER":"BOT","ID":"C0B","COMPONENT":"Capacitor 47nF ","PART_VALUE":"47nF","FINGER":"707202f3091d8fa9117f4692c3c52a93"},
{"LAYER":"TOP","ID":"C304","COMPONENT":"Electrolytic 22µF ","PART_VALUE":"22µF","FINGER":"7093dab25da6309091a3c07c2e8c2be7"},
{"LAYER":"TOP","ID":"D573","COMPONENT":"Diode 1N4001 ","PART_VALUE":"1N4001","FINGER":"709a6fecbaf8875edf540ea4a829c814"},
{"LAYER":"TOP","ID":"Q321","COMPONENT":"JFET MPF102 ","PART_VALUE":"MPF102","FINGER":"715f40f312354b86d30cac778e4bc039"},
{"LAYER":"BOT","ID":"C18A","COMPONENT":"Capacitor 220nF ","PART_VALUE":"220nF","FINGER":"72a45b7e952a37ec691004f8267dc0f6"},
{"LAYER":"BOT","ID":"R954D","COMPONENT":"Resistor 470Ω ","PART_VALUE":"470Ω","FINGER":"730bee78a0b8474031f8a298e137debf"},
{"LAYER":"TOP","ID":"R951E","COMPONENT":"Resistor 4.7kΩ ","PART_VALUE":"4.7kΩ","FINGER":"742883fac8af896e16516eeb50b61e95"},
{"LAYER":"TOP","ID":"R511E","COMPONENT":"Resistor 10kΩ ","PART_VALUE":"10kΩ","FINGER":"74855f43d88783da1c7d32fdad1d19c8"},
{"LAYER":"TOP","ID":"E131C","COMPONENT":"Capacitor * ","PART_VALUE":"*","FINGER":"75680fef0d14b3fc5074005883c1d789"},
{"LAYER":"TOP","ID":"R362","COMPONENT":"Resistor 4.7Ω ","PART_VALUE":"4.7Ω","FINGER":"75895f3aab76eca51a5cb3562a1783db"},
{"LAYER":"BOT","ID":"E375R","COMPONENT":"Resistor 68Ω ","PART_VALUE":"68Ω","FINGER":"75a57985feb9eab36ef1673845676de5"},
{"LAYER":"TOP","ID":"R636","COMPONENT":"Resistor 4.7kΩ ","PART_VALUE":"4.7kΩ","FINGER":"75ea99d10c5f5775db0cc675074ade74"},
{"LAYER":"BOT","ID":"R621D","COMPONENT":"Resistor 4.7kX9Ω ","PART_VALUE":"4.7kX9Ω","FINGER":"7604e5f3ec7105a0ff3326c5c1801be9"},
{"LAYER":"BOT","ID":"E523C","COMPONENT":"Capacitor 100pF ","PART_VALUE":"100pF","FINGER":"76659fdb5bd7b0e7153669249121c499"},
{"LAYER":"TOP","ID":"XJ4","COMPONENT":"JUMP-RES * ","PART_VALUE":"*","FINGER":"7882d55f1796e4272bad129d882de69f"},
{"LAYER":"TOP","ID":"D911","COMPONENT":"Diode 1N914 ","PART_VALUE":"1N914","FINGER":"78835bc34aea0f2d45f8b000a38bd9d6"},
{"LAYER":"TOP","ID":"Q633","COMPONENT":"PNP 2N3906 ","PART_VALUE":"2N3906","FINGER":"79237fc2103ae85107fa76234993f99a"},
{"LAYER":"BOT","ID":"R592","COMPONENT":"Resistor 1kΩ ","PART_VALUE":"1kΩ","FINGER":"794ba4a18ff15b774aaafbde4720c764"},
{"LAYER":"TOP","ID":"C333","COMPONENT":"Capacitor 3900pF ","PART_VALUE":"3900pF","FINGER":"7969db3a34e2b39202084ce3766909d7"},
{"LAYER":"TOP","ID":"R332","COMPONENT":"Resistor 10kΩ ","PART_VALUE":"10kΩ","FINGER":"798288366101d3e1c7e541878364bd3a"},
{"LAYER":"TOP","ID":"R151C","COMPONENT":"Resistor 68Ω ","PART_VALUE":"68Ω","FINGER":"79b5e8cea00164a737fdc62a1970d305"},
{"LAYER":"BOT","ID":"C23","COMPONENT":"Capacitor 47nF ","PART_VALUE":"47nF","FINGER":"79d1e401577714cb9b74217bad2cc214"},
{"LAYER":"TOP","ID":"U26","COMPONENT":"IC null ","PART_VALUE":"null","FINGER":"79e008ebd70459eb6e3197d1631b50aa"},
{"LAYER":"TOP","ID":"R638","COMPONENT":"Resistor *Ω ","PART_VALUE":"*Ω","FINGER":"7a0e81156a3aff0e3349570e544a218c"},
{"LAYER":"TOP","ID":"R114","COMPONENT":"Resistor 27Ω ","PART_VALUE":"27Ω","FINGER":"7a41e53ae04506d127b1ee7203a864b4"},
{"LAYER":"TOP","ID":"Y9","COMPONENT":"Crystal 32768Hz ","PART_VALUE":"32768Hz","FINGER":"7adcd63dbfa734af72d475add2eec62e"},
{"LAYER":"BOT","ID":"E522R","COMPONENT":"Resistor 68Ω ","PART_VALUE":"68Ω","FINGER":"7b0a5e21ba4d223087d1bf4903161093"},
{"LAYER":"TOP","ID":"U29","COMPONENT":"IC null ","PART_VALUE":"null","FINGER":"7b0eaecf9dbf757aef17b57b53ce133c"},
{"LAYER":"BOT","ID":"R252","COMPONENT":"Resistor 4.7kΩ ","PART_VALUE":"4.7kΩ","FINGER":"7bf0c96b29b61093f1d50ee34895aee5"},
{"LAYER":"TOP","ID":"R953D","COMPONENT":"Resistor 470Ω ","PART_VALUE":"470Ω","FINGER":"7c4be629792e998c6b6404a5f2ac2e1f"},
{"LAYER":"BOT","ID":"C244","COMPONENT":"Capacitor 10nF ","PART_VALUE":"10nF","FINGER":"7ca47dcd748ba683ce923cbaf8355e41"},
{"LAYER":"BOT","ID":"R244","COMPONENT":"Resistor 1kΩ ","PART_VALUE":"1kΩ","FINGER":"7cc020562d77c2336b840ebad638791e"},
{"LAYER":"BOT","ID":"R621B","COMPONENT":"Resistor 4.7kX9Ω ","PART_VALUE":"4.7kX9Ω","FINGER":"7d02b5a735948f8ec1e4828378b1d377"},
{"LAYER":"BOT","ID":"E113C","COMPONENT":"Capacitor 22pF ","PART_VALUE":"22pF","FINGER":"7d571df4dac9545161f5e071a28da2f3"},
{"LAYER":"BOT","ID":"C362","COMPONENT":"Capacitor 220nF ","PART_VALUE":"220nF","FINGER":"7ddcf74109026374cc9d0724a2a659c9"},
{"LAYER":"BOT","ID":"R216","COMPONENT":"Resistor 15Ω ","PART_VALUE":"15Ω","FINGER":"7e5fa1e80233ebf8a3b3c1db416bb9ac"},
{"LAYER":"TOP","ID":"C246","COMPONENT":"Capacitor 10nF ","PART_VALUE":"10nF","FINGER":"7ee302774fbcabf948d63ad6941ad0de"},
{"LAYER":"BOT","ID":"E587C","COMPONENT":"Capacitor 100pF ","PART_VALUE":"100pF","FINGER":"7ee7e97555e524efb5f5ff5eaf1e1790"},
{"LAYER":"TOP","ID":"E555R","COMPONENT":"Resistor 68Ω ","PART_VALUE":"68Ω","FINGER":"80259fdb865ffc98e9de7dc45422fb81"},
{"LAYER":"TOP","ID":"R352","COMPONENT":"Resistor 4.7Ω ","PART_VALUE":"4.7Ω","FINGER":"8033825e27ca11b28e0ecfa232c85a1c"},
{"LAYER":"TOP","ID":"R511F","COMPONENT":"Resistor 10kΩ ","PART_VALUE":"10kΩ","FINGER":"807aa1d277f44e4799d621b9b90e90c4"},
{"LAYER":"BOT","ID":"R370E","COMPONENT":"Resistor 4.7kΩ ","PART_VALUE":"4.7kΩ","FINGER":"807f30c687db9400dccba59fbea205ad"},
{"LAYER":"BOT","ID":"E127C","COMPONENT":"Capacitor 22pF ","PART_VALUE":"22pF","FINGER":"8137fd6ff0284feae88ab3823ecbb358"},
{"LAYER":"BOT","ID":"E523R","COMPONENT":"Resistor 68Ω ","PART_VALUE":"68Ω","FINGER":"82d6c6239ebd6ab50efcc215d9b03058"},
{"LAYER":"BOT","ID":"C152E","COMPONENT":"Capacitor 22pF ","PART_VALUE":"22pF","FINGER":"82e65575d2ff33215e38d8d41f11349e"},
{"LAYER":"TOP","ID":"E553C","COMPONENT":"Capacitor 470pF ","PART_VALUE":"470pF","FINGER":"8373b031e4ab972fce317ae2ebe3b0e1"},
{"LAYER":"BOT","ID":"E232C","COMPONENT":"Capacitor 10nF ","PART_VALUE":"10nF","FINGER":"83e09e85de765418e8ee6e5ca7074d45"},
{"LAYER":"TOP","ID":"C237","COMPONENT":"Electrolytic 470µF ","PART_VALUE":"470µF","FINGER":"83e9299184d4e46117b1bb1feece20e6"},
{"LAYER":"TOP","ID":"E112C","COMPONENT":"Capacitor 22pF ","PART_VALUE":"22pF","FINGER":"83f2704900cf0198ad5ae5ff50e574c1"},
{"LAYER":"BOT","ID":"C0D","COMPONENT":"Capacitor 47nF ","PART_VALUE":"47nF","FINGER":"8429ceac912e85309cfdbddbbe5576e0"},
{"LAYER":"BOT","ID":"R242","COMPONENT":"Resistor 6.8kΩ ","PART_VALUE":"6.8kΩ","FINGER":"84b26fdd69e523a4dd11d7349e4c41d7"},
{"LAYER":"BOT","ID":"C312","COMPONENT":"Capacitor 47nF ","PART_VALUE":"47nF","FINGER":"84d6dc9c8a8f9cd225ef62bff700e35a"},
{"LAYER":"BOT","ID":"C30A","COMPONENT":"Capacitor 47nF ","PART_VALUE":"47nF","FINGER":"8565db02ee49e8882dc01763a2de0f12"},
{"LAYER":"TOP","ID":"R113","COMPONENT":"Resistor 68Ω ","PART_VALUE":"68Ω","FINGER":"857fa5e305dc55712e14540a2902dd25"},
{"LAYER":"TOP","ID":"C349","COMPONENT":"Capacitor 10nF ","PART_VALUE":"10nF","FINGER":"85b694c803fa1c79c9b7ac24d6c65b22"},
{"LAYER":"TOP","ID":"CN2","COMPONENT":"DB9P ","PART_VALUE":"DB9P","FINGER":"86169a598e25c6737af39b2c92331163"},
{"LAYER":"TOP","ID":"E594R","COMPONENT":"Resistor 27Ω ","PART_VALUE":"27Ω","FINGER":"869b370631846f0f90b56541484f7ef9"},
{"LAYER":"TOP","ID":"CN6","COMPONENT":"DB25P ","PART_VALUE":"DB25P","FINGER":"86b3d2ae4afe6e640d3ccc4dd20f706f"},
{"LAYER":"BOT","ID":"R511B","COMPONENT":"Resistor 10kΩ ","PART_VALUE":"10kΩ","FINGER":"87b72b3f08e3a5430f55f6809bd6f8a2"},
{"LAYER":"TOP","ID":"U4","COMPONENT":"IC 4203 ","PART_VALUE":"4203","FINGER":"8875434cc7440d5c13a16189e8a7f4f0"},
{"LAYER":"BOT","ID":"R626","COMPONENT":"Resistor *Ω ","PART_VALUE":"*Ω","FINGER":"887c19f725e68857cd961cb26b570963"},
{"LAYER":"BOT","ID":"R233B","COMPONENT":"Resistor 470Ω ","PART_VALUE":"470Ω","FINGER":"8882fce8d5cbeef2924c2f24725ff4e7"},
{"LAYER":"BOT","ID":"R621F","COMPONENT":"Resistor 4.7kX9Ω ","PART_VALUE":"4.7kX9Ω","FINGER":"893e01ec1b1f78b863bb6bc4cebd4f5d"},
{"LAYER":"TOP","ID":"C28B","COMPONENT":"Capacitor 47nF ","PART_VALUE":"47nF","FINGER":"89930d2f83c83028819f9ace614c299e"},
{"LAYER":"BOT","ID":"R621C","COMPONENT":"Resistor 4.7kX9Ω ","PART_VALUE":"4.7kX9Ω","FINGER":"89e634768753b1c80096deebfc94d173"},
{"LAYER":"BOT","ID":"C30D","COMPONENT":"Capacitor 470nF ","PART_VALUE":"470nF","FINGER":"8b67dca578253499ab8b74941cd86ada"},
{"LAYER":"BOT","ID":"C213","COMPONENT":"Capacitor 220nF ","PART_VALUE":"220nF","FINGER":"8b9f1df93fd25f2cfccc03a1b2802537"},
{"LAYER":"BOT","ID":"E582C","COMPONENT":"Capacitor 100pF ","PART_VALUE":"100pF","FINGER":"8badab8f7d9dfa01198445b554d5436c"},
{"LAYER":"BOT","ID":"R233C","COMPONENT":"Resistor 470Ω ","PART_VALUE":"470Ω","FINGER":"8c4d516b7357c94a45ffced3b35eace2"},
{"LAYER":"TOP","ID":"E258R","COMPONENT":"FB 200 ","PART_VALUE":"200","FINGER":"8dd744166b2a49c653624a92f3920e01"},
{"LAYER":"BOT","ID":"E593C","COMPONENT":"Capacitor 100pF ","PART_VALUE":"100pF","FINGER":"8e07829198c391ff0e0417672335056e"},
{"LAYER":"BOT","ID":"C2B","COMPONENT":"Capacitor 220nF ","PART_VALUE":"220nF","FINGER":"8e21feac2cf9627b51f1f8f8805acbc9"},
{"LAYER":"BOT","ID":"C16A","COMPONENT":"Capacitor 220nF ","PART_VALUE":"220nF","FINGER":"8e3d57aeedf43afd36818631559ec97a"},
{"LAYER":"BOT","ID":"E257C","COMPONENT":"Capacitor 100pF ","PART_VALUE":"100pF","FINGER":"8e64c85f18d0d0f4ca9aa40ceb91f45f"},
{"LAYER":"TOP","ID":"R628","COMPONENT":"Resistor 1MΩ ","PART_VALUE":"1MΩ","FINGER":"8f9f37bbaa6b94e6493a9571516bb7c6"},
{"LAYER":"TOP","ID":"D575","COMPONENT":"Diode 1N4001 ","PART_VALUE":"1N4001","FINGER":"904531631c6695bac539e8890ca30563"},
{"LAYER":"BOT","ID":"R915","COMPONENT":"Resistor 10kΩ ","PART_VALUE":"10kΩ","FINGER":"90d9f83c5b5d452c817fde5dec5aac61"},
{"LAYER":"BOT","ID":"C222","COMPONENT":"Capacitor 100nF ","PART_VALUE":"100nF","FINGER":"90fef4e307e7bcb466e44837e960edd0"},
{"LAYER":"TOP","ID":"E591R","COMPONENT":"Resistor 27Ω ","PART_VALUE":"27Ω","FINGER":"912cc9989326421e64d8f5450d3bbcf1"},
{"LAYER":"TOP","ID":"R246","COMPONENT":"JUMP-RES 2.7K\/* ","PART_VALUE":"2.7K\/*","FINGER":"916addbf078fca305e78bbc86f53160c"},
{"LAYER":"TOP","ID":"E266R","COMPONENT":"Resistor 68Ω ","PART_VALUE":"68Ω","FINGER":"91b1b0698695da781164c562d9e22818"},
{"LAYER":"BOT","ID":"E516C","COMPONENT":"Capacitor 100pF ","PART_VALUE":"100pF","FINGER":"920dadd8d421491f14c30acb47789436"},
{"LAYER":"BOT","ID":"R624E","COMPONENT":"Resistor 4.7kX9Ω ","PART_VALUE":"4.7kX9Ω","FINGER":"923acc114f70edcc5dd913663b57deb2"},
{"LAYER":"TOP","ID":"E582R","COMPONENT":"Resistor 68Ω ","PART_VALUE":"68Ω","FINGER":"92426be882931a1af76c99196b06b64f"},
{"LAYER":"BOT","ID":"E594C","COMPONENT":"Capacitor 100pF ","PART_VALUE":"100pF","FINGER":"926f7d2b8947b8a3673958c585a6b4bc"},
{"LAYER":"BOT","ID":"C802","COMPONENT":"Capacitor 10nF ","PART_VALUE":"10nF","FINGER":"92c87e786ce7c3ebcb36e4fb16c7e5bf"},
{"LAYER":"BOT","ID":"E590C","COMPONENT":"Capacitor 100pF ","PART_VALUE":"100pF","FINGER":"92f2a4d1c382e3c39b1f5a80c2e6ac44"},
{"LAYER":"BOT","ID":"C0A","COMPONENT":"Capacitor 220nF ","PART_VALUE":"220nF","FINGER":"9336ae05939c9797d75af0d6d5b1cf07"},
{"LAYER":"TOP","ID":"R321","COMPONENT":"Resistor 1.5kΩ ","PART_VALUE":"1.5kΩ","FINGER":"9404fac0d34ec9f6430ee653d5abaa86"},
{"LAYER":"TOP","ID":"LF1D","COMPONENT":"FB ","PART_VALUE":"FB","FINGER":"943429c459431b772b5667e21f786442"},
{"LAYER":"BOT","ID":"R225","COMPONENT":"Resistor *Ω ","PART_VALUE":"*Ω","FINGER":"94b5687b146527a588060886c598dec2"},
{"LAYER":"BOT","ID":"E597R","COMPONENT":"FB 200 ","PART_VALUE":"200","FINGER":"94cf4c1944456bb27b37d5c4f1e92866"},
{"LAYER":"TOP","ID":"R302","COMPONENT":"Resistor 10Ω ","PART_VALUE":"10Ω","FINGER":"95b260e4f5824e8034449d5462ded762"},
{"LAYER":"BOT","ID":"R151I","COMPONENT":"Resistor 68Ω ","PART_VALUE":"68Ω","FINGER":"96523b355dc4e62a324aa991524768df"},
{"LAYER":"BOT","ID":"E126R","COMPONENT":"Resistor 27Ω ","PART_VALUE":"27Ω","FINGER":"96a379795cbea5fe24088dadaf98115a"},
{"LAYER":"BOT","ID":"E356R","COMPONENT":"Resistor 68Ω ","PART_VALUE":"68Ω","FINGER":"96adc28ee1f6f233685f5e16eff83e6b"},
{"LAYER":"BOT","ID":"E513C","COMPONENT":"Capacitor 100pF ","PART_VALUE":"100pF","FINGER":"96faf1198d41013feb37437909f8fbc2"},
{"LAYER":"BOT","ID":"C0C","COMPONENT":"Capacitor 220nF ","PART_VALUE":"220nF","FINGER":"97126a26e4384282e7986df9ecc58871"},
{"LAYER":"BOT","ID":"R953A","COMPONENT":"Resistor 470Ω ","PART_VALUE":"470Ω","FINGER":"972521cba6b035d020b86efa4d4dc353"},
{"LAYER":"BOT","ID":"R658","COMPONENT":"Resistor *Ω ","PART_VALUE":"*Ω","FINGER":"97c06a7d31aef20b9e2489fa5b4f4c25"},
{"LAYER":"BOT","ID":"E520R","COMPONENT":"Resistor 68Ω ","PART_VALUE":"68Ω","FINGER":"991fe278d211a2ee21c02cd415b92435"},
{"LAYER":"TOP","ID":"U20","COMPONENT":"IC null ","PART_VALUE":"null","FINGER":"9b69883faca729dafcc8d537db11391f"},
{"LAYER":"TOP","ID":"C913","COMPONENT":"Tantalum 10µF ","PART_VALUE":"10µF","FINGER":"9b71739f4af29086923329c03f2c8cd5"},
{"LAYER":"BOT","ID":"E561C","COMPONENT":"Capacitor 10nF ","PART_VALUE":"10nF","FINGER":"9b9c821ad3b71a98a6067295f8f8ed33"},
{"LAYER":"TOP","ID":"R917","COMPONENT":"Resistor 1kΩ ","PART_VALUE":"1kΩ","FINGER":"9c5b8c935118e200ba0e225674734f21"},
{"LAYER":"BOT","ID":"C803","COMPONENT":"Capacitor 10nF ","PART_VALUE":"10nF","FINGER":"9ca346cb7f0607996af9f7b217ad7e66"},
{"LAYER":"BOT","ID":"E584C","COMPONENT":"Capacitor 100pF ","PART_VALUE":"100pF","FINGER":"9d169f6fb646ebcbf7e97c7efda0016b"},
{"LAYER":"BOT","ID":"E516R","COMPONENT":"Resistor 68Ω ","PART_VALUE":"68Ω","FINGER":"9d19dd9d4fbb8eb1f5ab0694a3eaf87f"},
{"LAYER":"TOP","ID":"FB402C","COMPONENT":"FB ","PART_VALUE":"FB","FINGER":"9d9fd754a8ee50fd93befd2b7e043045"},
{"LAYER":"BOT","ID":"C800","COMPONENT":"Capacitor 10nF ","PART_VALUE":"10nF","FINGER":"9efbe026cb4b6497392659be19ab7aaa"},
{"LAYER":"BOT","ID":"E355C","COMPONENT":"Capacitor 6800pF ","PART_VALUE":"6800pF","FINGER":"9fc7d26132b213f35e3d256d52e7c4f5"},
{"LAYER":"TOP","ID":"U2","COMPONENT":"IC 8374 ","PART_VALUE":"8374","FINGER":"a01f5dd3f1e3df83938e5c561953a8bb"},
{"LAYER":"BOT","ID":"E588C","COMPONENT":"Capacitor 100pF ","PART_VALUE":"100pF","FINGER":"a079b63a65389acd14278e039ae4881d"},
{"LAYER":"TOP","ID":"Z221","COMPONENT":"LC ","PART_VALUE":"LC","FINGER":"a09c1f33d6b4895ae4b1df8372b2ac91"},
{"LAYER":"TOP","ID":"C1B","COMPONENT":"Capacitor 47nF ","PART_VALUE":"47nF","FINGER":"a0aa258dcfc152f150fef65eb648dc76"},
{"LAYER":"TOP","ID":"CN10","COMPONENT":"RCA JACK ","PART_VALUE":"JACK","FINGER":"a0da075cfa2041f689b896cb3dd8a25d"},
{"LAYER":"BOT","ID":"R624D","COMPONENT":"Resistor 4.7kX9Ω ","PART_VALUE":"4.7kX9Ω","FINGER":"a238e481c17d668f86eaa065de623a20"},
{"LAYER":"TOP","ID":"R152C","COMPONENT":"Resistor 68Ω ","PART_VALUE":"68Ω","FINGER":"a2c0c81cdd1956509dd20f09e1857901"},
{"LAYER":"BOT","ID":"E358C","COMPONENT":"Capacitor 6800pF ","PART_VALUE":"6800pF","FINGER":"a3574163cc60079a89f8190e51422f0d"},
{"LAYER":"TOP","ID":"E556R","COMPONENT":"Resistor 68Ω ","PART_VALUE":"68Ω","FINGER":"a41e7295bf3ea3f49efabe47f0a7401d"},
{"LAYER":"TOP","ID":"C1A","COMPONENT":"Capacitor 220nF ","PART_VALUE":"220nF","FINGER":"a45d1621635dd7487df8c717e14ed7cd"},
{"LAYER":"TOP","ID":"D232A","COMPONENT":"Diode 1N914 ","PART_VALUE":"1N914","FINGER":"a4d1a936517c49a6b797e1eacec74b0b"},
{"LAYER":"TOP","ID":"E264R","COMPONENT":"FB 200 ","PART_VALUE":"200","FINGER":"a4e49491a4edb0704c8e23e7085e7ba3"},
{"LAYER":"TOP","ID":"R152G","COMPONENT":"Resistor 68Ω ","PART_VALUE":"68Ω","FINGER":"a5c6fa04054ee6771134b863fcf7fcf4"},
{"LAYER":"TOP","ID":"D231A","COMPONENT":"Diode 1N914 ","PART_VALUE":"1N914","FINGER":"a6643c75b56c76fff497f75858f11610"},
{"LAYER":"TOP","ID":"C409","COMPONENT":"Electrolytic 100µF ","PART_VALUE":"100µF","FINGER":"a68f82998ff2101633dd48d9b1f195c7"},
{"LAYER":"TOP","ID":"R511C","COMPONENT":"Resistor 10kΩ ","PART_VALUE":"10kΩ","FINGER":"a6920432e9ad97051409b1404e956c2f"},
{"LAYER":"TOP","ID":"R163","COMPONENT":"Resistor 27Ω ","PART_VALUE":"27Ω","FINGER":"a6acd9b99dc429326d525810ef58487d"},
{"LAYER":"TOP","ID":"R322","COMPONENT":"Resistor 10kΩ ","PART_VALUE":"10kΩ","FINGER":"a73f3862a72be4da27c63d45774aaa26"},
{"LAYER":"BOT","ID":"C461","COMPONENT":"Capacitor 220nF ","PART_VALUE":"220nF","FINGER":"a770bfac2bbc0d61aaf4efcd7123685f"},
{"LAYER":"TOP","ID":"C20A","COMPONENT":"Capacitor 220nF ","PART_VALUE":"220nF","FINGER":"a7b817f3cb7d3801007bb629ce36c8d7"},
{"LAYER":"TOP","ID":"E551R","COMPONENT":"Resistor 68Ω ","PART_VALUE":"68Ω","FINGER":"a82fff6a83f49042de061039c5cd8c0e"},
{"LAYER":"TOP","ID":"C711","COMPONENT":"Capacitor 220nF ","PART_VALUE":"220nF","FINGER":"a84168782a91a168a0b8c4e6484035f2"},
{"LAYER":"TOP","ID":"FB992","COMPONENT":"FB ","PART_VALUE":"FB","FINGER":"a908d330006cffb8bd4c25a08f607967"},
{"LAYER":"TOP","ID":"CN4","COMPONENT":"RCA JACK ","PART_VALUE":"JACK","FINGER":"a95fbcadbc93d4d000fda0a0b700692e"},
{"LAYER":"BOT","ID":"R912","COMPONENT":"Resistor 10kΩ ","PART_VALUE":"10kΩ","FINGER":"a9674aad7ce7a21b7b58f762746be985"},
{"LAYER":"BOT","ID":"E599C","COMPONENT":"Capacitor 100pF ","PART_VALUE":"100pF","FINGER":"a97e51d5d20c0f72574c69f3037f90d0"},
{"LAYER":"TOP","ID":"E586C","COMPONENT":"Capacitor 100pF ","PART_VALUE":"100pF","FINGER":"a9b72c5511428dcbc6ca998eecb370ba"},
{"LAYER":"BOT","ID":"R657","COMPONENT":"Resistor 10kΩ ","PART_VALUE":"10kΩ","FINGER":"a9d0c521eda236707f927482002188fd"},
{"LAYER":"BOT","ID":"C30C","COMPONENT":"Capacitor 470nF ","PART_VALUE":"470nF","FINGER":"a9d3add470175ebbcf1101b6e434149a"},
{"LAYER":"TOP","ID":"R327","COMPONENT":"Resistor 10kΩ ","PART_VALUE":"10kΩ","FINGER":"aa4bf7073d63ec3d7d0dd4f5a6ffe847"},
{"LAYER":"BOT","ID":"E515C","COMPONENT":"Capacitor 100pF ","PART_VALUE":"100pF","FINGER":"aa99138fc93b691a6a4f99bce9d26d14"},
{"LAYER":"BOT","ID":"R717","COMPONENT":"Resistor 10kΩ ","PART_VALUE":"10kΩ","FINGER":"ab13d31bf116395da530425f6997d55d"},
{"LAYER":"TOP","ID":"E254R","COMPONENT":"Resistor 47Ω ","PART_VALUE":"47Ω","FINGER":"ab2058f4685134aeb0cb604a1f75f08e"},
{"LAYER":"TOP","ID":"R572","COMPONENT":"Resistor 10kΩ ","PART_VALUE":"10kΩ","FINGER":"ab31832a01a25e8bb5d065deaa69ef39"},
{"LAYER":"TOP","ID":"U8","COMPONENT":"IC 8520 ","PART_VALUE":"8520","FINGER":"abd0cc8065ff057ab2f9948357e2c6b0"},
{"LAYER":"BOT","ID":"E366C","COMPONENT":"Capacitor 6800pF ","PART_VALUE":"6800pF","FINGER":"ac123981eea0a1e557cddfc3a0d22e53"},
{"LAYER":"BOT","ID":"R370B","COMPONENT":"Resistor 4.7kΩ ","PART_VALUE":"4.7kΩ","FINGER":"acaf4a53bc9a2b4d316212c8fbd7eca0"},
{"LAYER":"TOP","ID":"CN15","COMPONENT":"MEMORY_CARD ","PART_VALUE":"MEMORY_CARD","FINGER":"ad0bbc0faf311d8b62ffcf574cef2db8"},
{"LAYER":"BOT","ID":"R339","COMPONENT":"Resistor 10kΩ ","PART_VALUE":"10kΩ","FINGER":"ad2aaafcfaeca663b22f1003c5a6f536"},
{"LAYER":"BOT","ID":"E114R","COMPONENT":"Resistor 68Ω ","PART_VALUE":"68Ω","FINGER":"ae1bcf763215b30bd5344f2088f4413b"},
{"LAYER":"BOT","ID":"E597C","COMPONENT":"Capacitor 10nF ","PART_VALUE":"10nF","FINGER":"ae46b8af46ebee2cd021e0ddbb09653d"},
{"LAYER":"BOT","ID":"R241","COMPONENT":"Resistor 4.7kΩ ","PART_VALUE":"4.7kΩ","FINGER":"ae895f53272d6a4218c054411e09d8b4"},
{"LAYER":"BOT","ID":"E353C","COMPONENT":"Capacitor 470pF ","PART_VALUE":"470pF","FINGER":"aef01e6ec5ce1a12aeec4b53a2d58286"},
{"LAYER":"TOP","ID":"E581R","COMPONENT":"Resistor 68Ω ","PART_VALUE":"68Ω","FINGER":"afa9b954ccc4c43db4f450c50cec2b19"},
{"LAYER":"BOT","ID":"E517C","COMPONENT":"Capacitor 100pF ","PART_VALUE":"100pF","FINGER":"afb04a1a60c7fd08885599430f16ec97"},
{"LAYER":"TOP","ID":"E331R","COMPONENT":"Resistor 0Ω ","PART_VALUE":"0Ω","FINGER":"afda780966875c17a1399a7afb879d32"},
{"LAYER":"BOT","ID":"E361C","COMPONENT":"Capacitor 470pF ","PART_VALUE":"470pF","FINGER":"aff8846a46ff3016219333397cc08e8e"},
{"LAYER":"TOP","ID":"U17","COMPONENT":"IC 256KX16 ","PART_VALUE":"256KX16","FINGER":"b0da4295988fb8f1237c9c08a020cfc7"},
{"LAYER":"TOP","ID":"FB402A","COMPONENT":"FB ","PART_VALUE":"FB","FINGER":"b0dd79e31f0e33a7554b685db17c1dd8"},
{"LAYER":"TOP","ID":"E524C","COMPONENT":"Capacitor 10nF ","PART_VALUE":"10nF","FINGER":"b16744ba61e0337f13b9abf1e7eb3b3a"},
{"LAYER":"TOP","ID":"FB401B","COMPONENT":"FB ","PART_VALUE":"FB","FINGER":"b2036f2bb29583a5f48df25143438c8b"},
{"LAYER":"TOP","ID":"R231A","COMPONENT":"Resistor 49.9Ω ","PART_VALUE":"49.9Ω","FINGER":"b257d1375fcd6b1c9a9638cbb9e091e1"},
{"LAYER":"BOT","ID":"R251","COMPONENT":"Resistor 4.7kΩ ","PART_VALUE":"4.7kΩ","FINGER":"b2bd5648accd3a398b844e32d0376c50"},
{"LAYER":"TOP","ID":"U13","COMPONENT":"IC 68HC05C ","PART_VALUE":"68HC05C","FINGER":"b2f9d29f347d180ce141d4f15abebb78"},
{"LAYER":"TOP","ID":"R231B","COMPONENT":"Resistor 49.9Ω ","PART_VALUE":"49.9Ω","FINGER":"b2ff61f7ba817b92165ec5640fa6a0ab"},
{"LAYER":"TOP","ID":"R337","COMPONENT":"Resistor 10kΩ ","PART_VALUE":"10kΩ","FINGER":"b422786970dd5b32ab5b93a7dcb109a5"},
{"LAYER":"BOT","ID":"E521C","COMPONENT":"Capacitor 100pF ","PART_VALUE":"100pF","FINGER":"b454374ba49d60946368041ed947a529"},
{"LAYER":"TOP","ID":"Z222","COMPONENT":"LC ","PART_VALUE":"LC","FINGER":"b45bb9c5004930b44d83a616266f45d8"},
{"LAYER":"BOT","ID":"E364R","COMPONENT":"Resistor 68Ω ","PART_VALUE":"68Ω","FINGER":"b4be57253a3d5afd394cf3b34732b8c6"},
{"LAYER":"TOP","ID":"FB402D","COMPONENT":"FB ","PART_VALUE":"FB","FINGER":"b548de0fe76d10843bb42b7d016756aa"},
{"LAYER":"TOP","ID":"C17B","COMPONENT":"Capacitor 220nF ","PART_VALUE":"220nF","FINGER":"b555bff7e01dba3e9c3433d0893a3a63"},
{"LAYER":"TOP","ID":"U6A","COMPONENT":"IC 62408 ","PART_VALUE":"62408","FINGER":"b5cb9bb45483fec2751c3c302f301e51"},
{"LAYER":"BOT","ID":"E591C","COMPONENT":"Capacitor 100pF ","PART_VALUE":"100pF","FINGER":"b61eff034019ca4c7f9b566215a7533d"},
{"LAYER":"TOP","ID":"R232C","COMPONENT":"Resistor 24.9Ω ","PART_VALUE":"24.9Ω","FINGER":"b63a0357fbe6db54911a9c9fbaa40dfe"},
{"LAYER":"TOP","ID":"C407","COMPONENT":"Electrolytic 10µF ","PART_VALUE":"10µF","FINGER":"b6406e6915880af4d6bd15b3e1bdc232"},
{"LAYER":"BOT","ID":"C9","COMPONENT":"Capacitor 100nF ","PART_VALUE":"100nF","FINGER":"b6715284d296854a2266172a317d3ec6"},
{"LAYER":"TOP","ID":"C29","COMPONENT":"Capacitor 47nF ","PART_VALUE":"47nF","FINGER":"b739952fed02095c3f844718f958b55f"},
{"LAYER":"TOP","ID":"C322","COMPONENT":"Capacitor 6800pF ","PART_VALUE":"6800pF","FINGER":"b8010e5229018ad6a52d65f4f8bcbbee"},
{"LAYER":"BOT","ID":"R245","COMPONENT":"JUMP-RES *\/2.7K ","PART_VALUE":"*\/2.7K","FINGER":"b85492bae263f2804a0a92115d0c606e"},
{"LAYER":"TOP","ID":"C591","COMPONENT":"Capacitor 10nF ","PART_VALUE":"10nF","FINGER":"b868dab5e9afc7f3085b70f0a26ff5a2"},
{"LAYER":"BOT","ID":"R370H","COMPONENT":"Resistor 4.7kΩ ","PART_VALUE":"4.7kΩ","FINGER":"b89a0eb39a1da17a6e61aef4a7b4ee15"},
{"LAYER":"BOT","ID":"E253C","COMPONENT":"Capacitor 100pF ","PART_VALUE":"100pF","FINGER":"b988f5491d93fad3260092df3dafbb38"},
{"LAYER":"BOT","ID":"R624B","COMPONENT":"Resistor 4.7kX9Ω ","PART_VALUE":"4.7kX9Ω","FINGER":"b9cdfe693d6d5e709cfa4601cf31a26e"},
{"LAYER":"BOT","ID":"R232E","COMPONENT":"Resistor 75Ω ","PART_VALUE":"75Ω","FINGER":"ba0e6e636cc8261943e6c50ffd64f84f"},
{"LAYER":"TOP","ID":"C303","COMPONENT":"Electrolytic 22µF ","PART_VALUE":"22µF","FINGER":"ba624cca21352f599575ab7188b8f264"},
{"LAYER":"TOP","ID":"R152B","COMPONENT":"Resistor 68Ω ","PART_VALUE":"68Ω","FINGER":"bb0191123af2b7b73b38da4b03e30bc2"},
{"LAYER":"TOP","ID":"E554R","COMPONENT":"Resistor 68Ω ","PART_VALUE":"68Ω","FINGER":"bb037f9ff2b415e5431b07829be1f835"},
{"LAYER":"BOT","ID":"R222","COMPONENT":"Resistor 1kΩ ","PART_VALUE":"1kΩ","FINGER":"bb17f459118d843fac943995015693a7"},
{"LAYER":"TOP","ID":"R701","COMPONENT":"Resistor 10kΩ ","PART_VALUE":"10kΩ","FINGER":"bb1b00d9da925c4f96138aed4aa2f817"},
{"LAYER":"BOT","ID":"C241","COMPONENT":"Capacitor 56pF ","PART_VALUE":"56pF","FINGER":"bb365756914f41b86281460baa668ac0"},
{"LAYER":"TOP","ID":"R625","COMPONENT":"Resistor *Ω ","PART_VALUE":"*Ω","FINGER":"bb9757a3cd1a075ecc4a6aff4918f043"},
{"LAYER":"TOP","ID":"R100","COMPONENT":"Resistor 470Ω ","PART_VALUE":"470Ω","FINGER":"bba4fa8ac2b5b24dfecf784734de7dc6"},
{"LAYER":"TOP","ID":"R152E","COMPONENT":"Resistor 68Ω ","PART_VALUE":"68Ω","FINGER":"bbec7a16fbebc0b47b3595a35ae12e53"},
{"LAYER":"TOP","ID":"E585R","COMPONENT":"Resistor 27Ω ","PART_VALUE":"27Ω","FINGER":"bd35143e9ca256aeb0965b00702b47c0"},
{"LAYER":"TOP","ID":"D571","COMPONENT":"Diode 1N914 ","PART_VALUE":"1N914","FINGER":"bd823242f28f10ffd19d1f57e1569415"},
{"LAYER":"TOP","ID":"R951A","COMPONENT":"Resistor 4.7kΩ ","PART_VALUE":"4.7kΩ","FINGER":"bdba188fe558c45bdedd09ca50f34ac1"},
{"LAYER":"TOP","ID":"E583R","COMPONENT":"Resistor 27Ω ","PART_VALUE":"27Ω","FINGER":"bdca4bfcc89b0179a6a41a39363b2886"},
{"LAYER":"TOP","ID":"R633","COMPONENT":"Resistor 10kΩ ","PART_VALUE":"10kΩ","FINGER":"bdec7ad9a40fded9293f93fbf910e50b"},
{"LAYER":"BOT","ID":"C801","COMPONENT":"Capacitor 10nF ","PART_VALUE":"10nF","FINGER":"bef753b2b8f00a26322e26defdd3ea2e"},
{"LAYER":"TOP","ID":"C307","COMPONENT":"Electrolytic 470µF ","PART_VALUE":"470µF","FINGER":"bf95e04f92ebb5536fbe740a9f6e6a74"},
{"LAYER":"TOP","ID":"TP2","COMPONENT":"10-PIN SIL ","PART_VALUE":"SIL","FINGER":"c01f3fc853d4546b9512aaf5fc1319eb"},
{"LAYER":"TOP","ID":"E131R","COMPONENT":"Resistor 68Ω ","PART_VALUE":"68Ω","FINGER":"c0491159fd56a023323d7f02afcf1249"},
{"LAYER":"BOT","ID":"E363C","COMPONENT":"Capacitor 470pF ","PART_VALUE":"470pF","FINGER":"c1290cf1d00f8b973305970f378cd726"},
{"LAYER":"TOP","ID":"X2B","COMPONENT":"PIN ","PART_VALUE":"PIN","FINGER":"c2b61a0858492178a003fbec81519ffd"},
{"LAYER":"BOT","ID":"E557C","COMPONENT":"Capacitor 10nF ","PART_VALUE":"10nF","FINGER":"c2d5e37c5b91e561d70ed4358f724dcd"},
{"LAYER":"TOP","ID":"C552","COMPONENT":"Capacitor 220nF ","PART_VALUE":"220nF","FINGER":"c3826a15147bf02ea4f39dd91d8c0e2b"},
{"LAYER":"TOP","ID":"L241","COMPONENT":"INDUCTOR 1.2µH ","PART_VALUE":"1.2µH","FINGER":"c430235ae362f4d8341d299e7972f9a1"},
{"LAYER":"BOT","ID":"C629","COMPONENT":"Capacitor 330nF ","PART_VALUE":"330nF","FINGER":"c56821aabd631e9d415e9158c0a98260"},
{"LAYER":"TOP","ID":"LF1C","COMPONENT":"FB ","PART_VALUE":"FB","FINGER":"c5884ed9c3cb355825472df6d40649b0"},
{"LAYER":"TOP","ID":"R304","COMPONENT":"Resistor 1.02kΩ ","PART_VALUE":"1.02kΩ","FINGER":"c689d0d30a87c4a3493dbcfe212b08b2"},
{"LAYER":"BOT","ID":"E585C","COMPONENT":"Capacitor 100pF ","PART_VALUE":"100pF","FINGER":"c6cbcf3ad6feaca74bcdbca01cab6007"},
{"LAYER":"TOP","ID":"U15","COMPONENT":"IC LF347 ","PART_VALUE":"LF347","FINGER":"c73a7c3dc4247ddc94a9308f321770f6"},
{"LAYER":"TOP","ID":"R234D","COMPONENT":"Resistor 75Ω ","PART_VALUE":"75Ω","FINGER":"c8778c599e1b0a818d2648e6384964ef"},
{"LAYER":"TOP","ID":"R329","COMPONENT":"Resistor 10kΩ ","PART_VALUE":"10kΩ","FINGER":"c89940e485f0543273cc1b5a5e0432b7"},
{"LAYER":"TOP","ID":"E257R","COMPONENT":"Resistor 68Ω ","PART_VALUE":"68Ω","FINGER":"c8cbb4c9ed944874dbe06b35e60d18ac"},
{"LAYER":"TOP","ID":"Q631","COMPONENT":"PNP 2N3906 ","PART_VALUE":"2N3906","FINGER":"ca941ad144aa874e3fed78529dd64a22"},
{"LAYER":"BOT","ID":"E114C","COMPONENT":"Capacitor 22pF ","PART_VALUE":"22pF","FINGER":"cb0dcc3fd186f26733a173c6443cdec7"},
{"LAYER":"BOT","ID":"E121C","COMPONENT":"Capacitor * ","PART_VALUE":"*","FINGER":"cb1b0d96e6d3a511425f3cb792d65d00"},
{"LAYER":"BOT","ID":"E365R","COMPONENT":"Resistor 68Ω ","PART_VALUE":"68Ω","FINGER":"cb2a9d67679f81c70aa3f9b3b315ef1e"},
{"LAYER":"TOP","ID":"E552C","COMPONENT":"Capacitor 100pF ","PART_VALUE":"100pF","FINGER":"cb5412417b7dd2e3b6d308ded94c2e2c"},
{"LAYER":"TOP","ID":"R954E","COMPONENT":"Resistor 1kΩ ","PART_VALUE":"1kΩ","FINGER":"cc528b6e7a9ab8be588cd537ec31e2ee"},
{"LAYER":"TOP","ID":"R954A","COMPONENT":"Resistor 1kΩ ","PART_VALUE":"1kΩ","FINGER":"cc54ca3d224fad8edc3a05d254e3c376"},
{"LAYER":"BOT","ID":"R654","COMPONENT":"Resistor 1kΩ ","PART_VALUE":"1kΩ","FINGER":"cc66e71370bd542e75dd7274471c28c7"},
{"LAYER":"BOT","ID":"C621","COMPONENT":"Capacitor 22pF ","PART_VALUE":"22pF","FINGER":"cc81aafa78110b34c351306fb9c3abec"},
{"LAYER":"BOT","ID":"E356C","COMPONENT":"Capacitor 6800pF ","PART_VALUE":"6800pF","FINGER":"cc9271d12de404ef9a30d1cf5e55b310"},
{"LAYER":"BOT","ID":"E511C","COMPONENT":"Capacitor 100pF ","PART_VALUE":"100pF","FINGER":"cca86232610f2eea0f685324db3b73b0"},
{"LAYER":"TOP","ID":"R334","COMPONENT":"Resistor 1kΩ ","PART_VALUE":"1kΩ","FINGER":"ccd4d908152366dd6ac4aad3817d00fa"},
{"LAYER":"TOP","ID":"R231C","COMPONENT":"Resistor 49.9Ω ","PART_VALUE":"49.9Ω","FINGER":"cd79549beb8cf035a4e23a9a359f1252"},
{"LAYER":"TOP","ID":"R348","COMPONENT":"Resistor 4.7kΩ ","PART_VALUE":"4.7kΩ","FINGER":"ce1b1698c422b4e3c582c46b0353ad15"},
{"LAYER":"BOT","ID":"R233D","COMPONENT":"Resistor 470Ω ","PART_VALUE":"470Ω","FINGER":"ce1f6db040f2ec97fe3e1aae160be243"},
{"LAYER":"TOP","ID":"C243","COMPONENT":"Capacitor 1000pF ","PART_VALUE":"1000pF","FINGER":"ce2a01c4dd9b005cd91f16a603bccac2"},
{"LAYER":"BOT","ID":"C911","COMPONENT":"Capacitor 22pF ","PART_VALUE":"22pF","FINGER":"ce6f1332377071c9d662bd3dffbba3ab"},
{"LAYER":"BOT","ID":"C12A","COMPONENT":"Capacitor 220nF ","PART_VALUE":"220nF","FINGER":"ce7af057d3974e8fd2530a9b11e8f5d7"},
{"LAYER":"BOT","ID":"R203","COMPONENT":"JUMP-RES 0\/* ","PART_VALUE":"0\/*","FINGER":"cef70634468ca4d0941d0ca0c4afd199"},
{"LAYER":"TOP","ID":"R151D","COMPONENT":"Resistor 68Ω ","PART_VALUE":"68Ω","FINGER":"d040bfd7b491478bb777f21114d173ce"},
{"LAYER":"TOP","ID":"C7","COMPONENT":"Capacitor 220nF ","PART_VALUE":"220nF","FINGER":"d0cfd049d81d80e3d41c7e470bd716f5"},
{"LAYER":"TOP","ID":"E263R","COMPONENT":"FB 200 ","PART_VALUE":"200","FINGER":"d18b62fcb50b433530478cbceb0bc7fa"},
{"LAYER":"TOP","ID":"CN14","COMPONENT":"5-PIN SIL ","PART_VALUE":"SIL","FINGER":"d1991a01877f84d3acf8d38f63ae6d60"},
{"LAYER":"TOP","ID":"D233A","COMPONENT":"Diode 1N914 ","PART_VALUE":"1N914","FINGER":"d1d019585077ebe801f17e867d529ef5"},
{"LAYER":"BOT","ID":"R215","COMPONENT":"Resistor 1kΩ ","PART_VALUE":"1kΩ","FINGER":"d24c0924e4c833490defc7832dd824ac"},
{"LAYER":"TOP","ID":"D233B","COMPONENT":"Diode 1N914 ","PART_VALUE":"1N914","FINGER":"d2e071edb6c238db7fa8119e963687ec"},
{"LAYER":"BOT","ID":"E367R","COMPONENT":"Resistor 68Ω ","PART_VALUE":"68Ω","FINGER":"d2fe29a914d2ead02c476ec1a836a817"},
{"LAYER":"TOP","ID":"E251R","COMPONENT":"Resistor 68Ω ","PART_VALUE":"68Ω","FINGER":"d31e2b2a3ebe5db85fca85a316724475"},
{"LAYER":"BOT","ID":"R236","COMPONENT":"Resistor 180\/360Ω ","PART_VALUE":"180\/360Ω","FINGER":"d33a10bfc8a7766c6ddf75603fe66158"},
{"LAYER":"BOT","ID":"E361R","COMPONENT":"Resistor 68Ω ","PART_VALUE":"68Ω","FINGER":"d43ce61e6af2c0c4447e71d4566dfab9"},
{"LAYER":"BOT","ID":"E556C","COMPONENT":"Capacitor 470pF ","PART_VALUE":"470pF","FINGER":"d49994d80bb3ffa3ecb9e40da052c273"},
{"LAYER":"BOT","ID":"E583C","COMPONENT":"Capacitor 100pF ","PART_VALUE":"100pF","FINGER":"d4b7d40482c01cdf61e6baaba633cf6d"},
{"LAYER":"BOT","ID":"R243","COMPONENT":"Resistor 10kΩ ","PART_VALUE":"10kΩ","FINGER":"d58b812e2b53495beff97598082a12b9"},
{"LAYER":"TOP","ID":"C352","COMPONENT":"Capacitor 220nF ","PART_VALUE":"220nF","FINGER":"d646304ef9502af44c791103fc9b7105"},
{"LAYER":"BOT","ID":"E589C","COMPONENT":"Capacitor 100pF ","PART_VALUE":"100pF","FINGER":"d6a072b19963c25e6b67078b92f0f1b4"},
{"LAYER":"BOT","ID":"E358R","COMPONENT":"Resistor 68Ω ","PART_VALUE":"68Ω","FINGER":"d6e1fa3b91d45077b3c117eb9b827008"},
{"LAYER":"BOT","ID":"E581C","COMPONENT":"Capacitor 100pF ","PART_VALUE":"100pF","FINGER":"d71a9ea1ad73f75c39c0f757f7b18fea"},
{"LAYER":"BOT","ID":"R715X","COMPONENT":"Resistor 4.7kΩ ","PART_VALUE":"4.7kΩ","FINGER":"d7e7849505915f9f7166bf83b5f8a3b7"},
{"LAYER":"BOT","ID":"R250","COMPONENT":"Resistor 4.7kΩ ","PART_VALUE":"4.7kΩ","FINGER":"d8046cfe406ab78141d12dbdf8819cb1"},
{"LAYER":"TOP","ID":"E554C","COMPONENT":"Capacitor 470pF ","PART_VALUE":"470pF","FINGER":"d826fd795cf619138195913dad9d9aa7"},
{"LAYER":"BOT","ID":"E512R","COMPONENT":"Resistor 68Ω ","PART_VALUE":"68Ω","FINGER":"d84109fa421bcbf7bcfdf343cd15b866"},
{"LAYER":"BOT","ID":"R370D","COMPONENT":"Resistor 4.7kΩ ","PART_VALUE":"4.7kΩ","FINGER":"d87f31d84651d960632c9d023cc55a74"},
{"LAYER":"TOP","ID":"CN7","COMPONENT":"DB25S ","PART_VALUE":"DB25S","FINGER":"d89c27035647f6e57145d04515cb108e"},
{"LAYER":"BOT","ID":"C20D","COMPONENT":"Capacitor 47nF ","PART_VALUE":"47nF","FINGER":"d8ae00fa45e758c240cc75c5293abd91"},
{"LAYER":"BOT","ID":"E515R","COMPONENT":"Resistor 68Ω ","PART_VALUE":"68Ω","FINGER":"d8e89e02c2f710c6d10df5d58cf2366b"},
{"LAYER":"TOP","ID":"R117","COMPONENT":"Resistor 27Ω ","PART_VALUE":"27Ω","FINGER":"d8f8649a6b99fa94e2a8e31fb5e093b8"},
{"LAYER":"TOP","ID":"C214","COMPONENT":"Electrolytic 10µF ","PART_VALUE":"10µF","FINGER":"d9171a5993e835ed33eeaf5c21a0d4f7"},
{"LAYER":"TOP","ID":"U16","COMPONENT":"IC 256KX16 ","PART_VALUE":"256KX16","FINGER":"d931725ee0714758dc9ab928efe6d8fb"},
{"LAYER":"BOT","ID":"E368R","COMPONENT":"Resistor 68Ω ","PART_VALUE":"68Ω","FINGER":"d950333e3cbb1457b564cd60841f9591"},
{"LAYER":"TOP","ID":"C324","COMPONENT":"Electrolytic 22µF-NP ","PART_VALUE":"22µF-NP","FINGER":"d95ac43edf179e9fb66c0aebea33698b"},
{"LAYER":"TOP","ID":"Q632","COMPONENT":"PNP 2N3906 ","PART_VALUE":"2N3906","FINGER":"d9b2eed3e67f5e6b4a0cf68b1a42c42d"},
{"LAYER":"TOP","ID":"R629","COMPONENT":"Resistor 10kΩ ","PART_VALUE":"10kΩ","FINGER":"d9b8d442359bb3729d182c83f2a5e9e1"},
{"LAYER":"TOP","ID":"XU3","COMPONENT":"74F74 ","PART_VALUE":"74F74","FINGER":"d9bee48726c02e26b373040e2f5e3929"},
{"LAYER":"BOT","ID":"E353R","COMPONENT":"Resistor 68Ω ","PART_VALUE":"68Ω","FINGER":"da9e7ce4f56a5f81887e579df56f9a73"},
{"LAYER":"TOP","ID":"U47","COMPONENT":"IC 74LS245 ","PART_VALUE":"74LS245","FINGER":"dadd5b0794ba30315b46cc26fd84a6c5"},
{"LAYER":"BOT","ID":"C804","COMPONENT":"Capacitor 220nF ","PART_VALUE":"220nF","FINGER":"db25d47a6e54158f1d23c5f00b8321ea"},
{"LAYER":"TOP","ID":"R599","COMPONENT":"JUMP-RES 27 ","PART_VALUE":"27","FINGER":"db4b05460b9c8984d435624f09a3b7a1"},
{"LAYER":"BOT","ID":"C20B","COMPONENT":"Capacitor 47nF ","PART_VALUE":"47nF","FINGER":"dbc47baaecf7f184172a0d18e5101af5"},
{"LAYER":"BOT","ID":"R632","COMPONENT":"Resistor 4.7kΩ ","PART_VALUE":"4.7kΩ","FINGER":"dd34bebe65fb34b68adb42bba16aa258"},
{"LAYER":"TOP","ID":"R639","COMPONENT":"Resistor 100Ω ","PART_VALUE":"100Ω","FINGER":"dda5d5af0c3531a755084c46fa7f7cc1"},
{"LAYER":"BOT","ID":"R919C","COMPONENT":"Resistor 10kΩ ","PART_VALUE":"10kΩ","FINGER":"dddd2dd75ece29b81afbe8e3d37571fb"},
{"LAYER":"BOT","ID":"R223","COMPONENT":"Resistor 1.2k\/910Ω ","PART_VALUE":"1.2k\/910Ω","FINGER":"de00b8edb60368a66a2055e7a24d6cf6"},
{"LAYER":"BOT","ID":"E254C","COMPONENT":"Capacitor 100pF ","PART_VALUE":"100pF","FINGER":"dec789a13ab381f19401a36683d6f9a3"},
{"LAYER":"TOP","ID":"C822","COMPONENT":"Electrolytic 47µF ","PART_VALUE":"47µF","FINGER":"df5269857cdab9a014a0cf466332b8aa"},
{"LAYER":"BOT","ID":"R718","COMPONENT":"Resistor 10kΩ ","PART_VALUE":"10kΩ","FINGER":"e0b8436a7081819811b963aa8e080304"},
{"LAYER":"BOT","ID":"E354R","COMPONENT":"Resistor 68Ω ","PART_VALUE":"68Ω","FINGER":"e0ca35d5f02ed362eb6deaa197a0998c"},
{"LAYER":"BOT","ID":"E259C","COMPONENT":"Capacitor 47pF ","PART_VALUE":"47pF","FINGER":"e0d38743f94e4efa0f2472cecde1579d"},
{"LAYER":"BOT","ID":"E261R","COMPONENT":"Resistor 68Ω ","PART_VALUE":"68Ω","FINGER":"e165d374846186ffc0b6db79ffd7eba8"},
{"LAYER":"BOT","ID":"C12B","COMPONENT":"Capacitor 47nF ","PART_VALUE":"47nF","FINGER":"e2013b3d4cee82305e84474dc0cd2b9a"},
{"LAYER":"BOT","ID":"R918","COMPONENT":"Resistor 47kΩ ","PART_VALUE":"47kΩ","FINGER":"e20f1878d2966ccf89685a53284a755f"},
{"LAYER":"TOP","ID":"R953E","COMPONENT":"Resistor 470Ω ","PART_VALUE":"470Ω","FINGER":"e2ac2bc6836ea1ede92153d66d6d3ff2"},
{"LAYER":"TOP","ID":"R151F","COMPONENT":"Resistor 68Ω ","PART_VALUE":"68Ω","FINGER":"e378fa9b22bf54337466e15fc4254a0e"},
{"LAYER":"TOP","ID":"C34","COMPONENT":"Capacitor 47nF ","PART_VALUE":"47nF","FINGER":"e37e8f3da2de12de641a6ca0fb17780f"},
{"LAYER":"BOT","ID":"E374R","COMPONENT":"Resistor 68Ω ","PART_VALUE":"68Ω","FINGER":"e405d60ade20234f11435090f2aa9322"},
{"LAYER":"TOP","ID":"E112R","COMPONENT":"Resistor 68Ω ","PART_VALUE":"68Ω","FINGER":"e43fe633a3da3a612933c1431b3e097e"},
{"LAYER":"BOT","ID":"R656","COMPONENT":"Resistor 10kΩ ","PART_VALUE":"10kΩ","FINGER":"e5123815dc05e7aa1a92c7608138625a"},
{"LAYER":"BOT","ID":"C16B","COMPONENT":"Capacitor 220nF ","PART_VALUE":"220nF","FINGER":"e56f97b3a607e5fe4b599380900f9b6d"},
{"LAYER":"BOT","ID":"R715H","COMPONENT":"Resistor 10kΩ ","PART_VALUE":"10kΩ","FINGER":"e5ee5cb29803f203e4a8d6264956c9d1"},
{"LAYER":"TOP","ID":"E584R","COMPONENT":"Resistor 27Ω ","PART_VALUE":"27Ω","FINGER":"e6c7e81227f57c9f81101e6775e6bb65"},
{"LAYER":"TOP","ID":"R951G","COMPONENT":"Resistor 4.7kΩ ","PART_VALUE":"4.7kΩ","FINGER":"e7233995bc28ebfdd60e0bb096dd3088"},
{"LAYER":"BOT","ID":"E518C","COMPONENT":"Capacitor 100pF ","PART_VALUE":"100pF","FINGER":"e76c4eae4dd38cbf5ea79d3316e3bd4d"},
{"LAYER":"TOP","ID":"R591","COMPONENT":"Resistor 1kΩ ","PART_VALUE":"1kΩ","FINGER":"e7dbf60f45d86967226c1395e95e2ce8"},
{"LAYER":"TOP","ID":"R152A","COMPONENT":"Resistor 68Ω ","PART_VALUE":"68Ω","FINGER":"e7f98a1381eb31fd21cb0b2a86e10c63"},
{"LAYER":"BOT","ID":"C4A","COMPONENT":"Capacitor 220nF ","PART_VALUE":"220nF","FINGER":"e869cb9fe5c0d662bed11f7fa05fb08e"},
{"LAYER":"BOT","ID":"E517R","COMPONENT":"Resistor 68Ω ","PART_VALUE":"68Ω","FINGER":"e899504a8513be9a686f58221903b06d"},
{"LAYER":"TOP","ID":"C460","COMPONENT":"Electrolytic 10µF ","PART_VALUE":"10µF","FINGER":"e8ae91a824701d91440c6853d8b5a173"},
{"LAYER":"BOT","ID":"R202","COMPONENT":"Resistor 1kΩ ","PART_VALUE":"1kΩ","FINGER":"e8d7f0a2f3127673cdbf9caca2780d43"},
{"LAYER":"TOP","ID":"R598","COMPONENT":"JUMP-RES * ","PART_VALUE":"*","FINGER":"e92d1667cbda1b21d578525543f02e37"},
{"LAYER":"BOT","ID":"E132C","COMPONENT":"Capacitor * ","PART_VALUE":"*","FINGER":"e948c06e095f413f33ac99d315c5a614"},
{"LAYER":"BOT","ID":"E262R","COMPONENT":"Resistor 68Ω ","PART_VALUE":"68Ω","FINGER":"e99cc0c4e9c36e15d19c16912f02c022"},
{"LAYER":"TOP","ID":"R116","COMPONENT":"Resistor 27Ω ","PART_VALUE":"27Ω","FINGER":"eaaf0b7bd5ead3739263db41b315d054"},
{"LAYER":"BOT","ID":"E126C","COMPONENT":"Capacitor 22pF ","PART_VALUE":"22pF","FINGER":"eaf951040c74acf874bf1bbc66e7eb92"},
{"LAYER":"TOP","ID":"E301","COMPONENT":"FB ","PART_VALUE":"FB","FINGER":"ec00ca62af8f0d171538c41e2a5a2eea"},
{"LAYER":"TOP","ID":"R349","COMPONENT":"Resistor 33kΩ ","PART_VALUE":"33kΩ","FINGER":"ec1b23cb2c3982c828ac76c1cdd09def"},
{"LAYER":"TOP","ID":"P9A","COMPONENT":"DIL_40 ","PART_VALUE":"DIL_40","FINGER":"ec3f3b93e02e75f44fd86e41ab48414f"},
{"LAYER":"BOT","ID":"R151B","COMPONENT":"Resistor 68Ω ","PART_VALUE":"68Ω","FINGER":"ecc132aa1a7d482b72b8e4a7256282bc"},
{"LAYER":"TOP","ID":"C408","COMPONENT":"Electrolytic 1000µF ","PART_VALUE":"1000µF","FINGER":"ecf173957bf0d8be5d5cce832a37dc1d"},
{"LAYER":"TOP","ID":"U32","COMPONENT":"IC null ","PART_VALUE":"null","FINGER":"edc1bcf8666b8a1d08814384fa026f1e"},
{"LAYER":"BOT","ID":"E525C","COMPONENT":"Capacitor 100pF ","PART_VALUE":"100pF","FINGER":"edd2665561bd9eb6bc8d7fcc75f724e1"},
{"LAYER":"BOT","ID":"E251C","COMPONENT":"Capacitor 100pF ","PART_VALUE":"100pF","FINGER":"eecb6170cef1a3477358044315abdf9c"},
{"LAYER":"BOT","ID":"E256C","COMPONENT":"Capacitor 100pF ","PART_VALUE":"100pF","FINGER":"efac2b3cb7264f2cbaaba050b01597bf"},
{"LAYER":"BOT","ID":"R624F","COMPONENT":"Resistor 4.7kX9Ω ","PART_VALUE":"4.7kX9Ω","FINGER":"f00e99a22ae31459e7c3c17ec2722d93"},
{"LAYER":"BOT","ID":"E263C","COMPONENT":"Capacitor 10nF ","PART_VALUE":"10nF","FINGER":"f078a19c34249bd0e71390bbc3b585da"},
{"LAYER":"TOP","ID":"R634","COMPONENT":"Resistor 4.7kΩ ","PART_VALUE":"4.7kΩ","FINGER":"f08a57493dc55aab5edcad7f9c725973"},
{"LAYER":"TOP","ID":"U0","COMPONENT":"IC MC68881 ","PART_VALUE":"MC68881","FINGER":"f142a7ded6c19ebfa8bfc714db49152e"},
{"LAYER":"TOP","ID":"R103","COMPONENT":"Resistor 470Ω ","PART_VALUE":"470Ω","FINGER":"f175071b25fb450086daec7ad2d79cb3"},
{"LAYER":"TOP","ID":"Q331","COMPONENT":"JFET MPF102 ","PART_VALUE":"MPF102","FINGER":"f182266f765f63131398f10b902dcc37"},
{"LAYER":"BOT","ID":"R161","COMPONENT":"Resistor 470Ω ","PART_VALUE":"470Ω","FINGER":"f2684233c5db183bce5c80c6f0afc8b6"},
{"LAYER":"BOT","ID":"R653","COMPONENT":"Resistor 10kΩ ","PART_VALUE":"10kΩ","FINGER":"f28a5e4c54ee7a3503974d49c9652dd8"},
{"LAYER":"TOP","ID":"R637","COMPONENT":"Resistor *Ω ","PART_VALUE":"*Ω","FINGER":"f29c14954f5118b5e651b1a145c12c05"},
{"LAYER":"TOP","ID":"U7","COMPONENT":"IC 8520 ","PART_VALUE":"8520","FINGER":"f32792d2976af41b73c361fc6865a634"},
{"LAYER":"TOP","ID":"Y621","COMPONENT":"Crystal 3MHz ","PART_VALUE":"3MHz","FINGER":"f3360346a32eff9b78275af6421ec268"},
{"LAYER":"BOT","ID":"E376C","COMPONENT":"Capacitor 22pF ","PART_VALUE":"22pF","FINGER":"f33e3ffac9ea3a9fa531463513838423"},
{"LAYER":"TOP","ID":"D912","COMPONENT":"Diode 1N914 ","PART_VALUE":"1N914","FINGER":"f388b59004e9f5ef5f382adeedf9a90a"},
{"LAYER":"TOP","ID":"R115","COMPONENT":"Resistor 68Ω ","PART_VALUE":"68Ω","FINGER":"f39209b1a998869c920801f761b17dac"},
{"LAYER":"TOP","ID":"E558C","COMPONENT":"Capacitor 100pF ","PART_VALUE":"100pF","FINGER":"f398ba1b1d2d0bf9da38af07d6d3c337"},
{"LAYER":"TOP","ID":"XC1","COMPONENT":"Capacitor 47nF ","PART_VALUE":"47nF","FINGER":"f5120473d811ab1716908fc841bf9c18"},
{"LAYER":"BOT","ID":"E123R","COMPONENT":"Resistor 27Ω ","PART_VALUE":"27Ω","FINGER":"f554205851522960838e2720cd72f51c"},
{"LAYER":"BOT","ID":"R911","COMPONENT":"Resistor 470Ω ","PART_VALUE":"470Ω","FINGER":"f5676e0766ff1d2faf3aa672d791a62c"},
{"LAYER":"TOP","ID":"D574","COMPONENT":"Diode 1N4001 ","PART_VALUE":"1N4001","FINGER":"f56adfcc80be68bd053b3967d4d39688"},
{"LAYER":"TOP","ID":"R952A","COMPONENT":"Resistor 470Ω ","PART_VALUE":"470Ω","FINGER":"f5ac1bd15201b69810b9d74c5b2568a9"},
{"LAYER":"TOP","ID":"C5B","COMPONENT":"Capacitor 220nF ","PART_VALUE":"220nF","FINGER":"f6b1773f2a4b07c73dac93ce0f5ae9b2"},
{"LAYER":"TOP","ID":"XJ1","COMPONENT":"JUMP-RES * ","PART_VALUE":"*","FINGER":"f7415cc7fa656876e7ed8de69e11ecaa"},
{"LAYER":"BOT","ID":"R919G","COMPONENT":"Resistor 10kΩ ","PART_VALUE":"10kΩ","FINGER":"f79ad4ed5ccf6660f4b1e5640faaa6d8"},
{"LAYER":"BOT","ID":"E374C","COMPONENT":"Capacitor 470pF ","PART_VALUE":"470pF","FINGER":"f7ec41c08b808de6f67b8a3b7d963a41"},
{"LAYER":"BOT","ID":"E519R","COMPONENT":"Resistor 68Ω ","PART_VALUE":"68Ω","FINGER":"f8212e165cc49b15d1fb88ea41dc0d5d"},
{"LAYER":"BOT","ID":"C13","COMPONENT":"Capacitor 220nF ","PART_VALUE":"220nF","FINGER":"f829105855e31e06affb4e67b6b26b57"},
{"LAYER":"BOT","ID":"XC2","COMPONENT":"Capacitor 47nF ","PART_VALUE":"47nF","FINGER":"f8538c2765caac087ceb35ffbf2dbcf1"},
{"LAYER":"BOT","ID":"C47","COMPONENT":"Capacitor 220nF ","PART_VALUE":"220nF","FINGER":"f8f55ebfe31d6e3fce4e8d6b00d01da4"},
{"LAYER":"TOP","ID":"E259R","COMPONENT":"FB 200 ","PART_VALUE":"200","FINGER":"f90ce45cf6e6a17e2cd89c0ac67b6965"},
{"LAYER":"TOP","ID":"E593R","COMPONENT":"Resistor 27Ω ","PART_VALUE":"27Ω","FINGER":"f9a5b2171e690fb92da72581b7976f5a"},
{"LAYER":"TOP","ID":"CN12","COMPONENT":"4-PIN SIL ","PART_VALUE":"SIL","FINGER":"f9da85d039ad95c252a6a7eb70efaf95"},
{"LAYER":"TOP","ID":"X2","COMPONENT":"MODULATOR ","PART_VALUE":"MODULATOR","FINGER":"faea31227e13c37fd6a1918dbbf09c59"},
{"LAYER":"BOT","ID":"C2X","COMPONENT":"Capacitor 330nF ","PART_VALUE":"330nF","FINGER":"faea936bc51ae49a0c65f77aea735bcd"},
{"LAYER":"TOP","ID":"C331","COMPONENT":"Capacitor 3900pF ","PART_VALUE":"3900pF","FINGER":"fbd99ad011acc8fb443550cac0a71ff9"},
{"LAYER":"TOP","ID":"C17A","COMPONENT":"Capacitor 220nF ","PART_VALUE":"220nF","FINGER":"fbed8678f8f3f1a708639b6c1884aa0e"},
{"LAYER":"TOP","ID":"CN3","COMPONENT":"RCA JACK ","PART_VALUE":"JACK","FINGER":"fc723c95b3309bda3b555764c0671ee0"},
{"LAYER":"TOP","ID":"R309","COMPONENT":"Resistor 1Ω ","PART_VALUE":"1Ω","FINGER":"fcf240e649ab2dd662e9f7a8d6e77810"},
{"LAYER":"TOP","ID":"CN5","COMPONENT":"DB23S ","PART_VALUE":"DB23S","FINGER":"fdcc5884037b4b3c5025ec4ffaa84d2f"},
{"LAYER":"TOP","ID":"E260R","COMPONENT":"FB 200 ","PART_VALUE":"200","FINGER":"febe9621b1cfd1c56301af7e3a4d9c4a"},
{"LAYER":"TOP","ID":"C302","COMPONENT":"Capacitor 220nF ","PART_VALUE":"220nF","FINGER":"ff3f70f8dadc156dc751cf94fe2a9afa"}
]