[
{"LAYER":"TOP","ID":"R18","COMPONENT":"Resistor 2.7kΩ ","PART_VALUE":"2.7kΩ","FINGER":"00396d49de35cd22a1a11a839077d6d2"},
{"LAYER":"TOP","ID":"CE754","COMPONENT":"Electrolytic 100µF 6.3V ","PART_VALUE":"6.3V","FINGER":"00462eba1137268443879a6d09bf59e4"},
{"LAYER":"BOT","ID":"R106E","COMPONENT":"Resistor 47Ω ","PART_VALUE":"47Ω","FINGER":"00dd012a085b8e0e8c97870b511c0f3b"},
{"LAYER":"TOP","ID":"FB550","COMPONENT":"FB ","PART_VALUE":"FB","FINGER":"011042ff30a1b8da96388ec4af102917"},
{"LAYER":"TOP","ID":"CE753","COMPONENT":"Electrolytic 100µF 6.3V ","PART_VALUE":"6.3V","FINGER":"0180a8976db88445b9e43849d3e143fd"},
{"LAYER":"BOT","ID":"R62","COMPONENT":"Resistor 2.7kΩ ","PART_VALUE":"2.7kΩ","FINGER":"01c156483860dacd27aa9842029c4b44"},
{"LAYER":"TOP","ID":"R46","COMPONENT":"Resistor 2.7kΩ ","PART_VALUE":"2.7kΩ","FINGER":"01df0c6e656490a6a0397da6879b1fd5"},
{"LAYER":"TOP","ID":"R800D","COMPONENT":"Resistor 47Ω ","PART_VALUE":"47Ω","FINGER":"0223ff547a15251aef028761faf0ae01"},
{"LAYER":"TOP","ID":"Y104","COMPONENT":"Oscillator 50MHz ","PART_VALUE":"50MHz","FINGER":"0226ece6f0f49eff7102ccd35a1f5e60"},
{"LAYER":"TOP","ID":"U500","COMPONENT":"IC CSG ","PART_VALUE":"CSG","FINGER":"02f42be4726ebd0eca7bed41fda33926"},
{"LAYER":"BOT","ID":"C141","COMPONENT":"Capacitor 100nF ","PART_VALUE":"100nF","FINGER":"038e558cc4575af0be1ad8b161d84c6e"},
{"LAYER":"TOP","ID":"CE164H","COMPONENT":"Electrolytic 47µF 16V ","PART_VALUE":"16V","FINGER":"03a9ec7d724d61faf418d8662022e898"},
{"LAYER":"TOP","ID":"U590","COMPONENT":"IC 74HCT174 ","PART_VALUE":"74HCT174","FINGER":"0407174e5420abe0d44d562b94c707ca"},
{"LAYER":"TOP","ID":"R53","COMPONENT":"Resistor 2.7kΩ ","PART_VALUE":"2.7kΩ","FINGER":"042c6c8a6c5f155a46f38956c08934cb"},
{"LAYER":"BOT","ID":"R180A","COMPONENT":"Resistor 470Ω ","PART_VALUE":"470Ω","FINGER":"043c7336e3e2d9b8eb736e2b8436d46b"},
{"LAYER":"TOP","ID":"C150","COMPONENT":"Capacitor 220nF ","PART_VALUE":"220nF","FINGER":"046a537b00696f3e71d87d9132550f8b"},
{"LAYER":"BOT","ID":"C104","COMPONENT":"Capacitor 10nF ","PART_VALUE":"10nF","FINGER":"04a645a882b37c994cd74fce8bbc6632"},
{"LAYER":"TOP","ID":"R78","COMPONENT":"Resistor 2.7kΩ ","PART_VALUE":"2.7kΩ","FINGER":"05150fcedfa848638aa118479cd85fbd"},
{"LAYER":"TOP","ID":"RP775","COMPONENT":"RPK 1K ","PART_VALUE":"1K","FINGER":"057d89e472957aaf9f7a6ca8f1f35ceb"},
{"LAYER":"TOP","ID":"U600","COMPONENT":"IC IC ","PART_VALUE":"IC","FINGER":"05f39e72f779a229effc89c9b7c45114"},
{"LAYER":"TOP","ID":"R602G","COMPONENT":"Resistor 1kΩ ","PART_VALUE":"1kΩ","FINGER":"062123b2195656048506a1a67946ee24"},
{"LAYER":"TOP","ID":"R454C","COMPONENT":"Resistor 47Ω ","PART_VALUE":"47Ω","FINGER":"0646ce8eced410cebc4ad7e7772da32a"},
{"LAYER":"TOP","ID":"P651","COMPONENT":"PAL P22V10-15 ","PART_VALUE":"P22V10-15","FINGER":"0683f7cff3da54893e7402a9e13c0648"},
{"LAYER":"BOT","ID":"C500B","COMPONENT":"Capacitor 47nF ","PART_VALUE":"47nF","FINGER":"07d15e82832ad131f9ee78911790823d"},
{"LAYER":"BOT","ID":"R521A","COMPONENT":"Resistor 1kΩ ","PART_VALUE":"1kΩ","FINGER":"07e23afaa0e7949b39f26901a9eb630f"},
{"LAYER":"TOP","ID":"R458C","COMPONENT":"Resistor 47Ω ","PART_VALUE":"47Ω","FINGER":"089026b1a9b4f2c1dd8dbdce06950b1e"},
{"LAYER":"TOP","ID":"FB565B","COMPONENT":"FB ","PART_VALUE":"FB","FINGER":"0915c9442db35255a5eab7ac500d59cf"},
{"LAYER":"BOT","ID":"C158","COMPONENT":"Capacitor 100nF ","PART_VALUE":"100nF","FINGER":"0a83cf2c26099259b5fd7db29ba298fd"},
{"LAYER":"BOT","ID":"C765F","COMPONENT":"CAP 1000PF ","PART_VALUE":"1000PF","FINGER":"0aa59676ffbfd49d3064b91a42c3697f"},
{"LAYER":"TOP","ID":"U700","COMPONENT":"IC CGA ","PART_VALUE":"CGA","FINGER":"0adebaabc8f7b6b8ed969dc0f0e227bd"},
{"LAYER":"BOT","ID":"R102B","COMPONENT":"Resistor 47Ω ","PART_VALUE":"47Ω","FINGER":"0af44a6016354c3df8a99b71aafe1e7d"},
{"LAYER":"BOT","ID":"R157","COMPONENT":"Resistor 1kΩ ","PART_VALUE":"1kΩ","FINGER":"0b6b4d9c64bd4903c6501ebf2d949168"},
{"LAYER":"BOT","ID":"C651","COMPONENT":"Capacitor 100nF ","PART_VALUE":"100nF","FINGER":"0b7b166631f023ac8e020addafd43db8"},
{"LAYER":"TOP","ID":"R459A","COMPONENT":"Resistor 1kΩ ","PART_VALUE":"1kΩ","FINGER":"0b98251b1ab8fa4f15f1ea5870966fef"},
{"LAYER":"TOP","ID":"CN453","COMPONENT":"CONN54 ","PART_VALUE":"CONN54","FINGER":"0b9ec17c553ff9ae162e752f6e8513b8"},
{"LAYER":"TOP","ID":"R458E","COMPONENT":"Resistor 47Ω ","PART_VALUE":"47Ω","FINGER":"0bad45d6b562135cb5af202cca92b3df"},
{"LAYER":"BOT","ID":"EC555G","COMPONENT":"Capacitor 100pF ","PART_VALUE":"100pF","FINGER":"0be21bfe5c4b6f144dc30adff7744c0f"},
{"LAYER":"BOT","ID":"ER553","COMPONENT":"Resistor 47Ω ","PART_VALUE":"47Ω","FINGER":"0ca8b99f50b9bccdfa685a2c2a776995"},
{"LAYER":"TOP","ID":"R19","COMPONENT":"Resistor 2.7kΩ ","PART_VALUE":"2.7kΩ","FINGER":"0caee3ba4d3b638b68738edfd7e9fca1"},
{"LAYER":"TOP","ID":"U140","COMPONENT":"IC 74F32 ","PART_VALUE":"74F32","FINGER":"0d19a4c4798f54d0eb9a1b9346b91012"},
{"LAYER":"TOP","ID":"RP751B","COMPONENT":"RPK 1K ","PART_VALUE":"1K","FINGER":"0d946175954fb8011489fdc032c248c5"},
{"LAYER":"TOP","ID":"RP777","COMPONENT":"Resistor Pack 4.7kΩ x9 ","PART_VALUE":"x9","FINGER":"0df2e99715e4bd9afb582539561bbd4d"},
{"LAYER":"BOT","ID":"EC561","COMPONENT":"Capacitor 100pF ","PART_VALUE":"100pF","FINGER":"0e5c06ba1977f4c005e951ee4255dad9"},
{"LAYER":"TOP","ID":"R25","COMPONENT":"Resistor 2.7kΩ ","PART_VALUE":"2.7kΩ","FINGER":"0e9e7d5b296cc5c9fa55fc1a7e83fb97"},
{"LAYER":"BOT","ID":"EC510B","COMPONENT":"Capacitor 100pF ","PART_VALUE":"100pF","FINGER":"0ece7777e3499687b05238b7dc9c066c"},
{"LAYER":"TOP","ID":"U150","COMPONENT":"IC CGA ","PART_VALUE":"CGA","FINGER":"0f0b41c7cb71c24762d5b1d14bd6b612"},
{"LAYER":"BOT","ID":"R520","COMPONENT":"Resistor 10kΩ ","PART_VALUE":"10kΩ","FINGER":"0f41552864d6b234f09509f5617a24a2"},
{"LAYER":"TOP","ID":"RP752B","COMPONENT":"RPK 330\/470 ","PART_VALUE":"330\/470","FINGER":"0f49680e762f3cd042aa41a4349d9ab6"},
{"LAYER":"TOP","ID":"C371B","COMPONENT":"Capacitor 220nF ","PART_VALUE":"220nF","FINGER":"0f6c1dc18acc96f6ac62044394ca89ad"},
{"LAYER":"BOT","ID":"C140","COMPONENT":"Capacitor 100nF ","PART_VALUE":"100nF","FINGER":"0f773577f0fd6ab2510770d41a6e47df"},
{"LAYER":"BOT","ID":"R150F","COMPONENT":"Resistor 47Ω ","PART_VALUE":"47Ω","FINGER":"0f989edd1dfaf43070da1653462007e9"},
{"LAYER":"BOT","ID":"R106B","COMPONENT":"Resistor 1kΩ ","PART_VALUE":"1kΩ","FINGER":"0fd6e5606fdab04caf15ea07b5083cba"},
{"LAYER":"BOT","ID":"R452H","COMPONENT":"Resistor 68Ω ","PART_VALUE":"68Ω","FINGER":"10032f00514131a07b773d76626c8d26"},
{"LAYER":"TOP","ID":"R215D","COMPONENT":"Resistor 2.7kΩ ","PART_VALUE":"2.7kΩ","FINGER":"1010edf10eeea7e2dc6c5567863894df"},
{"LAYER":"BOT","ID":"ER511","COMPONENT":"Resistor 47Ω ","PART_VALUE":"47Ω","FINGER":"10ba430ea5a1060e5b7f199e8f178a7a"},
{"LAYER":"BOT","ID":"R301G","COMPONENT":"Resistor 33Ω ","PART_VALUE":"33Ω","FINGER":"10f1a3f1c45fef8c5d2de2ae47dd2c68"},
{"LAYER":"TOP","ID":"U550","COMPONENT":"IC CSG ","PART_VALUE":"CSG","FINGER":"114e2f87e40f54997b65c8e528a2a5e7"},
{"LAYER":"TOP","ID":"D550F","COMPONENT":"Diode 1N4001 ","PART_VALUE":"1N4001","FINGER":"11a76b28714106afcf9b00b3e2e87446"},
{"LAYER":"BOT","ID":"C500A","COMPONENT":"Capacitor 47nF ","PART_VALUE":"47nF","FINGER":"121bf79b69417d1b1044df56c4a9b298"},
{"LAYER":"TOP","ID":"D550E","COMPONENT":"Diode 1N4001 ","PART_VALUE":"1N4001","FINGER":"122724ac56d023cd44c8fe1f3c77cc60"},
{"LAYER":"TOP","ID":"U371","COMPONENT":"IC 74FCT16245 ","PART_VALUE":"74FCT16245","FINGER":"12f6b80f1f7458e4b5e332ac83e5843e"},
{"LAYER":"TOP","ID":"R158C","COMPONENT":"Resistor 10kΩ ","PART_VALUE":"10kΩ","FINGER":"136d231ee208961f70baf27d64c58e10"},
{"LAYER":"TOP","ID":"R41","COMPONENT":"Resistor 2.7kΩ ","PART_VALUE":"2.7kΩ","FINGER":"13740fa85eba2b1dfc03b0a6ced4bb81"},
{"LAYER":"BOT","ID":"R600A","COMPONENT":"Resistor 1kΩ ","PART_VALUE":"1kΩ","FINGER":"13a400eaa23742010ede296cbab146f7"},
{"LAYER":"TOP","ID":"R602A","COMPONENT":"Resistor 1kΩ ","PART_VALUE":"1kΩ","FINGER":"14ab59f3e169cb23d3b435266b49b347"},
{"LAYER":"BOT","ID":"R213","COMPONENT":"Resistor 47Ω ","PART_VALUE":"47Ω","FINGER":"14bab663ee836ac89dab349ebadb4163"},
{"LAYER":"BOT","ID":"R150A","COMPONENT":"Resistor 47Ω ","PART_VALUE":"47Ω","FINGER":"1540cb6e3a971aeac6f951ff42eba9c8"},
{"LAYER":"BOT","ID":"C776C","COMPONENT":"CAP 1000PF ","PART_VALUE":"1000PF","FINGER":"15914f4d9637a10884c0200c264786ae"},
{"LAYER":"TOP","ID":"R17","COMPONENT":"Resistor 2.7kΩ ","PART_VALUE":"2.7kΩ","FINGER":"15916a63496d2d79d1d0c86f6d67f918"},
{"LAYER":"TOP","ID":"R158B","COMPONENT":"Resistor 10kΩ ","PART_VALUE":"10kΩ","FINGER":"1591e22f73e7ae5e0cebacc6cee4acb3"},
{"LAYER":"TOP","ID":"FB565D","COMPONENT":"FB ","PART_VALUE":"FB","FINGER":"15b80ac4402d51a84511bb07e8ce6e67"},
{"LAYER":"TOP","ID":"FB555D","COMPONENT":"FB ","PART_VALUE":"FB","FINGER":"15e0b6f762d09995e1ac866f4ed61491"},
{"LAYER":"TOP","ID":"C370A","COMPONENT":"Capacitor 220nF ","PART_VALUE":"220nF","FINGER":"15e27520dd597ff56d6e60a45164927f"},
{"LAYER":"BOT","ID":"C767E","COMPONENT":"CAP 1000PF ","PART_VALUE":"1000PF","FINGER":"160d31d581912370007050fce23adbca"},
{"LAYER":"TOP","ID":"CN773","COMPONENT":"CONN36 ","PART_VALUE":"CONN36","FINGER":"164a8bea2cf9212777b906ec91889772"},
{"LAYER":"BOT","ID":"C525","COMPONENT":"Capacitor 100nF ","PART_VALUE":"100nF","FINGER":"16ca3a82c1bc8a6b5f10e10adf47669b"},
{"LAYER":"TOP","ID":"ER550D","COMPONENT":"Resistor 47Ω ","PART_VALUE":"47Ω","FINGER":"16dddac5b588e9264ba0fb4764a7d060"},
{"LAYER":"TOP","ID":"U541","COMPONENT":"IC 74HCT166 ","PART_VALUE":"74HCT166","FINGER":"17770da638a933339321b7214d64f459"},
{"LAYER":"BOT","ID":"C766G","COMPONENT":"CAP 1000PF ","PART_VALUE":"1000PF","FINGER":"17bf71510fbff44615ef85d6c6c7dd9c"},
{"LAYER":"TOP","ID":"C261B","COMPONENT":"Capacitor 220nF ","PART_VALUE":"220nF","FINGER":"17ca932e5a04a3b152eb3d30739eeee0"},
{"LAYER":"TOP","ID":"CE161A","COMPONENT":"Electrolytic 47µF 16V ","PART_VALUE":"16V","FINGER":"1803709c762433747fe21eff96d204a3"},
{"LAYER":"TOP","ID":"U262","COMPONENT":"IC IC ","PART_VALUE":"IC","FINGER":"183f7574ea98edfdb66c8114aecbb5ac"},
{"LAYER":"TOP","ID":"R458G","COMPONENT":"Resistor 47Ω ","PART_VALUE":"47Ω","FINGER":"186cac312ea3d5caab791b41709df41a"},
{"LAYER":"BOT","ID":"EC555E","COMPONENT":"Capacitor 100pF ","PART_VALUE":"100pF","FINGER":"18a1c17c83c7a8fa823609a85a4505d1"},
{"LAYER":"TOP","ID":"C711","COMPONENT":"Capacitor 220nF ","PART_VALUE":"220nF","FINGER":"1965735f9d9f5277b4ef81a6d1c26c83"},
{"LAYER":"TOP","ID":"R5","COMPONENT":"Resistor 2.7kΩ ","PART_VALUE":"2.7kΩ","FINGER":"19a47408a20d2a49daffa02d4404b619"},
{"LAYER":"TOP","ID":"R800A","COMPONENT":"Resistor 2.7kΩ ","PART_VALUE":"2.7kΩ","FINGER":"19aefbb09898312af4f130df9d18f1f5"},
{"LAYER":"BOT","ID":"C765D","COMPONENT":"CAP 1000PF ","PART_VALUE":"1000PF","FINGER":"19be05971bcba81eb5faef0da06a93f1"},
{"LAYER":"BOT","ID":"C250A","COMPONENT":"Capacitor 100nF ","PART_VALUE":"100nF","FINGER":"19c5c4078b23074d2d0c1ef4000ca82b"},
{"LAYER":"TOP","ID":"CN771","COMPONENT":"CONN36 ","PART_VALUE":"CONN36","FINGER":"19ede7749ee150c0f8ead36c8b7a5d9f"},
{"LAYER":"BOT","ID":"EC555A","COMPONENT":"Capacitor 100pF ","PART_VALUE":"100pF","FINGER":"1a5ca56a324c20e21638f65e91e72397"},
{"LAYER":"TOP","ID":"R300C","COMPONENT":"Resistor 33Ω ","PART_VALUE":"33Ω","FINGER":"1aa6010d2c31e194c73111dd5e84c2f9"},
{"LAYER":"TOP","ID":"U106","COMPONENT":"IC 74F74 ","PART_VALUE":"74F74","FINGER":"1b2bb778aa8da283eb9299e9997b3389"},
{"LAYER":"BOT","ID":"R141E","COMPONENT":"Resistor 4.7kΩ ","PART_VALUE":"4.7kΩ","FINGER":"1b614a5123245c61feea1994b63c2134"},
{"LAYER":"BOT","ID":"EC565E","COMPONENT":"Capacitor 100pF ","PART_VALUE":"100pF","FINGER":"1bdb55e4aff8c7f4dba0be8d54a4d4b2"},
{"LAYER":"TOP","ID":"FB458H","COMPONENT":"FB ","PART_VALUE":"FB","FINGER":"1bef724273277e89e766ca0dfa82c96f"},
{"LAYER":"BOT","ID":"R200A","COMPONENT":"Resistor 47Ω ","PART_VALUE":"47Ω","FINGER":"1c268e67ce69d576c87f2393baa37860"},
{"LAYER":"TOP","ID":"U520","COMPONENT":"IC 74HC4066 ","PART_VALUE":"74HC4066","FINGER":"1c96748f458cd00a31bc25728a5576e2"},
{"LAYER":"TOP","ID":"VC180","COMPONENT":"VCAP 6.8-45PF ","PART_VALUE":"6.8-45PF","FINGER":"1ca05bb0b169fafd841652db0471d618"},
{"LAYER":"TOP","ID":"J300","COMPONENT":"SIL3 ","PART_VALUE":"SIL3","FINGER":"1da3029061bceb7dfd016d7f7f96e3b8"},
{"LAYER":"BOT","ID":"C460D","COMPONENT":"Capacitor 10nF ","PART_VALUE":"10nF","FINGER":"1db83785ab8741691ef7de21507f24fe"},
{"LAYER":"TOP","ID":"U141","COMPONENT":"IC 7407 ","PART_VALUE":"7407","FINGER":"1dc0746bf1f885eab5e74d5068293898"},
{"LAYER":"TOP","ID":"R650C","COMPONENT":"Resistor 11kΩ ","PART_VALUE":"11kΩ","FINGER":"1e5b4e3fc5f21572d1c78dce3b13d122"},
{"LAYER":"TOP","ID":"C760B","COMPONENT":"Capacitor 220nF ","PART_VALUE":"220nF","FINGER":"1e635ccd9bff19e6da060261dc79f746"},
{"LAYER":"BOT","ID":"R600B","COMPONENT":"Resistor 1kΩ ","PART_VALUE":"1kΩ","FINGER":"1eac51c7f084c360b3b33a150ab5b3de"},
{"LAYER":"TOP","ID":"C263A","COMPONENT":"Capacitor 220nF ","PART_VALUE":"220nF","FINGER":"1ef4ac3ea15bbe8eff445668499f82e4"},
{"LAYER":"BOT","ID":"EC570B","COMPONENT":"Capacitor 100pF ","PART_VALUE":"100pF","FINGER":"1f27427588739699319bf85ca1d6c2af"},
{"LAYER":"BOT","ID":"C767G","COMPONENT":"CAP 1000PF ","PART_VALUE":"1000PF","FINGER":"1f36129e61c9b2d1228878983177ed79"},
{"LAYER":"TOP","ID":"R212C","COMPONENT":"Resistor 33Ω ","PART_VALUE":"33Ω","FINGER":"1f7cf0b2a56393a5c91cf74db9039c7f"},
{"LAYER":"BOT","ID":"EC550C","COMPONENT":"Capacitor 47pF ","PART_VALUE":"47pF","FINGER":"1f8fe5d8f0ac5768dc352d086d37a1fd"},
{"LAYER":"BOT","ID":"C460A","COMPONENT":"Capacitor 100nF ","PART_VALUE":"100nF","FINGER":"1fb5146578c53a40848731c0c971ff51"},
{"LAYER":"TOP","ID":"R458B","COMPONENT":"Resistor 47Ω ","PART_VALUE":"47Ω","FINGER":"20197c7e1c932fb967ebe008aec94558"},
{"LAYER":"TOP","ID":"R650B","COMPONENT":"Resistor 11kΩ ","PART_VALUE":"11kΩ","FINGER":"2035da4c7363520d93e2b9a4aa1bf552"},
{"LAYER":"BOT","ID":"R84","COMPONENT":"Resistor 1.2kΩ ","PART_VALUE":"1.2kΩ","FINGER":"20646b9183776fc8d98db9c843ba3729"},
{"LAYER":"BOT","ID":"R201D","COMPONENT":"Resistor 33Ω ","PART_VALUE":"33Ω","FINGER":"209652cde8b2dc737fd0b73d52991ebc"},
{"LAYER":"BOT","ID":"R200F","COMPONENT":"Resistor 47Ω ","PART_VALUE":"47Ω","FINGER":"213e0dc6a2005e33f83fbc55a002855d"},
{"LAYER":"TOP","ID":"R55","COMPONENT":"Resistor 2.7kΩ ","PART_VALUE":"2.7kΩ","FINGER":"218a8662df422a2efb9bec522af45bfc"},
{"LAYER":"TOP","ID":"Q522","COMPONENT":"NPN 2N3904 ","PART_VALUE":"2N3904","FINGER":"21ab2372a1371ceeeeec852ea1a749f8"},
{"LAYER":"TOP","ID":"CN762","COMPONENT":"CONN62 ","PART_VALUE":"CONN62","FINGER":"21b1301d1efd244338de9e1af6d34556"},
{"LAYER":"BOT","ID":"C600C","COMPONENT":"CAP .1UF ","PART_VALUE":".1UF","FINGER":"227a3e2f75421113678d2f316c6133ee"},
{"LAYER":"BOT","ID":"R201C","COMPONENT":"Resistor 33Ω ","PART_VALUE":"33Ω","FINGER":"23c7c0dd5a07d48ebd640a729b50b356"},
{"LAYER":"TOP","ID":"RP180","COMPONENT":"RPK 10K ","PART_VALUE":"10K","FINGER":"2417d7450e2a4ec864c115da04279b6b"},
{"LAYER":"BOT","ID":"R86","COMPONENT":"Resistor 1.2kΩ ","PART_VALUE":"1.2kΩ","FINGER":"24191b77e1831071af5631613e306c0d"},
{"LAYER":"BOT","ID":"R103G","COMPONENT":"Resistor 1kΩ ","PART_VALUE":"1kΩ","FINGER":"24459bf80560e39374561e31b50b2482"},
{"LAYER":"BOT","ID":"R141C","COMPONENT":"Resistor 470Ω ","PART_VALUE":"470Ω","FINGER":"24a2c689e320d2a7eead2bdaf64ec0f8"},
{"LAYER":"TOP","ID":"D550A","COMPONENT":"Diode 1N4001 ","PART_VALUE":"1N4001","FINGER":"24d60c4bbcd745cbe12281adf2c05a37"},
{"LAYER":"TOP","ID":"CN753","COMPONENT":"CONN100 ","PART_VALUE":"CONN100","FINGER":"24ffbd26546bc04c1220b21680dd1a2f"},
{"LAYER":"BOT","ID":"C766E","COMPONENT":"CAP 1000PF ","PART_VALUE":"1000PF","FINGER":"2546b3caafdf6ad16b86dff84e5a1bc6"},
{"LAYER":"TOP","ID":"CN761","COMPONENT":"CONN62 ","PART_VALUE":"CONN62","FINGER":"259a7d4f1f53339dba85d21f8d88bfc8"},
{"LAYER":"TOP","ID":"R602B","COMPONENT":"Resistor 1kΩ ","PART_VALUE":"1kΩ","FINGER":"2607ed8a66e9c8e6b12d63249f99f6cd"},
{"LAYER":"BOT","ID":"R541F","COMPONENT":"Resistor 4.7kΩ ","PART_VALUE":"4.7kΩ","FINGER":"262057c04722ef136ed67a14c8329898"},
{"LAYER":"TOP","ID":"FB560A","COMPONENT":"FB ","PART_VALUE":"FB","FINGER":"262fd328b1a11af23331d72fbef83a69"},
{"LAYER":"BOT","ID":"EC560B","COMPONENT":"Capacitor 100pF ","PART_VALUE":"100pF","FINGER":"26ab0711f004c35b06d8ba7481bacc3b"},
{"LAYER":"TOP","ID":"R66","COMPONENT":"Resistor 680Ω ","PART_VALUE":"680Ω","FINGER":"26c815375e25d5c9aab1d8a54a794e1e"},
{"LAYER":"TOP","ID":"CN772","COMPONENT":"CONN36 ","PART_VALUE":"CONN36","FINGER":"26dfd8044c91d3eda8d3e2acf2a406ab"},
{"LAYER":"BOT","ID":"C776F","COMPONENT":"CAP 1000PF ","PART_VALUE":"1000PF","FINGER":"26f16ac8676dabeae3e4c8167f362786"},
{"LAYER":"BOT","ID":"C765I","COMPONENT":"CAP 1000PF ","PART_VALUE":"1000PF","FINGER":"276aaa2ee3dcd5736e9fbde9c3d5cb83"},
{"LAYER":"TOP","ID":"Q561","COMPONENT":"NPN 2N3904 ","PART_VALUE":"2N3904","FINGER":"27ee78d7b20adba358284a67a3a2c133"},
{"LAYER":"TOP","ID":"CN454","COMPONENT":"CONN54 ","PART_VALUE":"CONN54","FINGER":"28070d9ac34c828bf3e8323c3415ca5c"},
{"LAYER":"BOT","ID":"R550B","COMPONENT":"Resistor 3.3kΩ ","PART_VALUE":"3.3kΩ","FINGER":"28089397d151be4e80e4cc652cddda03"},
{"LAYER":"BOT","ID":"C520","COMPONENT":"Capacitor 100nF ","PART_VALUE":"100nF","FINGER":"281ec4887d4402e59ba5b49c4bd2e5b7"},
{"LAYER":"BOT","ID":"R462","COMPONENT":"Resistor 75Ω ","PART_VALUE":"75Ω","FINGER":"28403c10301c7ec684d5a88a0f406e7b"},
{"LAYER":"TOP","ID":"C181","COMPONENT":"Capacitor 100nF ","PART_VALUE":"100nF","FINGER":"2884506f7ec5e4135f354e18a125d88d"},
{"LAYER":"BOT","ID":"R180E","COMPONENT":"Resistor 1.2kΩ ","PART_VALUE":"1.2kΩ","FINGER":"288880c9255061b900c08e0869c93e2a"},
{"LAYER":"BOT","ID":"C767A","COMPONENT":"CAP 1000PF ","PART_VALUE":"1000PF","FINGER":"290f0569ffbe78c6c6bd757c24791301"},
{"LAYER":"TOP","ID":"R22","COMPONENT":"Resistor 2.7kΩ ","PART_VALUE":"2.7kΩ","FINGER":"298d22bc9accbe8fb5df9d28b20d140d"},
{"LAYER":"BOT","ID":"C776D","COMPONENT":"CAP 1000PF ","PART_VALUE":"1000PF","FINGER":"29db5ee025c1a8abc4a73a5bb4a3b124"},
{"LAYER":"TOP","ID":"RP751A","COMPONENT":"RPK 1K ","PART_VALUE":"1K","FINGER":"29e447df2f2b38d21029170ee0eef8f2"},
{"LAYER":"BOT","ID":"C180B","COMPONENT":"Capacitor 22pF ","PART_VALUE":"22pF","FINGER":"2a40c92fc666dabbf10c7867311ae895"},
{"LAYER":"BOT","ID":"EC551C","COMPONENT":"Capacitor 47pF ","PART_VALUE":"47pF","FINGER":"2a57c2dc6f912da1426a5de5c93d993c"},
{"LAYER":"TOP","ID":"R6","COMPONENT":"Resistor 2.7kΩ ","PART_VALUE":"2.7kΩ","FINGER":"2a6c839c067227e159db4a40385613c4"},
{"LAYER":"TOP","ID":"R150E","COMPONENT":"Resistor 47Ω ","PART_VALUE":"47Ω","FINGER":"2aa35429788b4e6002d6b3c665e7ef0b"},
{"LAYER":"TOP","ID":"R552","COMPONENT":"Resistor 1WΩ ","PART_VALUE":"1WΩ","FINGER":"2b4c714bf8cc952ab30d55351af1d894"},
{"LAYER":"TOP","ID":"C700B","COMPONENT":"Capacitor 220nF ","PART_VALUE":"220nF","FINGER":"2b537f6a8ad777dcfe190b5f0e8d3cf4"},
{"LAYER":"BOT","ID":"C163B","COMPONENT":"Capacitor 10nF ","PART_VALUE":"10nF","FINGER":"2b58b73ff9c527bb1abeaf6a5e7fd301"},
{"LAYER":"TOP","ID":"F160","COMPONENT":"POLYSW_SM 1.5A ","PART_VALUE":"1.5A","FINGER":"2c38acbc0cc1fedba453aa53f61006ed"},
{"LAYER":"TOP","ID":"D165","COMPONENT":"Diode 1N4148 ","PART_VALUE":"1N4148","FINGER":"2c3e483570638fb60cfb318514d2fcc0"},
{"LAYER":"BOT","ID":"R461","COMPONENT":"Resistor 75Ω ","PART_VALUE":"75Ω","FINGER":"2c593e67cc1690dac9fbc1f194968b40"},
{"LAYER":"TOP","ID":"R73","COMPONENT":"Resistor 1kΩ ","PART_VALUE":"1kΩ","FINGER":"2c83e3834b15aba4c1c4bdcea3c56259"},
{"LAYER":"BOT","ID":"EC552","COMPONENT":"Capacitor 47pF ","PART_VALUE":"47pF","FINGER":"2cd3db1c25f6dca5505631c037dbf7ad"},
{"LAYER":"BOT","ID":"C775I","COMPONENT":"CAP 1000PF ","PART_VALUE":"1000PF","FINGER":"2d0b2f073f81817865fe872a0c7d79b0"},
{"LAYER":"TOP","ID":"C450A","COMPONENT":"Capacitor 220nF ","PART_VALUE":"220nF","FINGER":"2d570ee71816a2e73ad6165834065cbb"},
{"LAYER":"TOP","ID":"FB565C","COMPONENT":"FB ","PART_VALUE":"FB","FINGER":"2de94b3944e8fc5734880d4e04ce1fb2"},
{"LAYER":"BOT","ID":"R459E","COMPONENT":"Resistor 1kΩ ","PART_VALUE":"1kΩ","FINGER":"2ebdf99757b52290d9b5f9b3d46190bc"},
{"LAYER":"BOT","ID":"R87","COMPONENT":"Resistor 1.2kΩ ","PART_VALUE":"1.2kΩ","FINGER":"2ed5af5f0d1b5c8316a16f31ddbdc8ce"},
{"LAYER":"TOP","ID":"R50","COMPONENT":"Resistor 2.7kΩ ","PART_VALUE":"2.7kΩ","FINGER":"2f59f6015ab24f9c96d5191518be5f6e"},
{"LAYER":"BOT","ID":"R141D","COMPONENT":"Resistor 2.7kΩ ","PART_VALUE":"2.7kΩ","FINGER":"2fb394f63eb2f139f02e787c64a506b9"},
{"LAYER":"BOT","ID":"R521B","COMPONENT":"Resistor 10kΩ ","PART_VALUE":"10kΩ","FINGER":"2fe13bee016171a9a3cfbaa03b378fca"},
{"LAYER":"BOT","ID":"R455G","COMPONENT":"Resistor 100Ω ","PART_VALUE":"100Ω","FINGER":"2feb0729175e7235e54b8cf763f288a6"},
{"LAYER":"TOP","ID":"U602","COMPONENT":"IC 74F244 ","PART_VALUE":"74F244","FINGER":"308709a9b91bb66832d98ffec8141e09"},
{"LAYER":"TOP","ID":"R52","COMPONENT":"Resistor 2.7kΩ ","PART_VALUE":"2.7kΩ","FINGER":"30a746e9335b562a8b3a83a096423806"},
{"LAYER":"TOP","ID":"C263B","COMPONENT":"Capacitor 220nF ","PART_VALUE":"220nF","FINGER":"30d197fea13a2cee4c13fe923416623b"},
{"LAYER":"TOP","ID":"C262A","COMPONENT":"Capacitor 220nF ","PART_VALUE":"220nF","FINGER":"30e50713cb0162b79bed51675ce9aa4f"},
{"LAYER":"TOP","ID":"CN160","COMPONENT":"HEADER12 ","PART_VALUE":"HEADER12","FINGER":"316b9c2eea6a08a456df5b8d965e448e"},
{"LAYER":"BOT","ID":"EC555D","COMPONENT":"Capacitor 100pF ","PART_VALUE":"100pF","FINGER":"31849e5940c88978cea8e2e513eff1b8"},
{"LAYER":"BOT","ID":"R705","COMPONENT":"Resistor 1kΩ ","PART_VALUE":"1kΩ","FINGER":"319482f2388d0a33b2bc51aeeee800ed"},
{"LAYER":"TOP","ID":"CN764","COMPONENT":"CONN62 ","PART_VALUE":"CONN62","FINGER":"32342d1e74ec4cdf71c04c0dbfb32176"},
{"LAYER":"TOP","ID":"R303","COMPONENT":"Resistor 33Ω ","PART_VALUE":"33Ω","FINGER":"3246edc08d4f17974c0f09aeccdfa721"},
{"LAYER":"BOT","ID":"EC551F","COMPONENT":"Capacitor 47pF ","PART_VALUE":"47pF","FINGER":"328b1744214a0b6cf04929c634161b8a"},
{"LAYER":"TOP","ID":"R750C","COMPONENT":"Resistor 470Ω ","PART_VALUE":"470Ω","FINGER":"32e1902dab2d0166432b445a78e54f2b"},
{"LAYER":"TOP","ID":"R454E","COMPONENT":"Resistor 47Ω ","PART_VALUE":"47Ω","FINGER":"3314b3d09503487c07586ca128442588"},
{"LAYER":"BOT","ID":"R10","COMPONENT":"Resistor 2.7kΩ ","PART_VALUE":"2.7kΩ","FINGER":"3359522360c5255c893c2316b7051492"},
{"LAYER":"BOT","ID":"R301E","COMPONENT":"Resistor 33Ω ","PART_VALUE":"33Ω","FINGER":"338aee866a3020908df0fc733e0c7a75"},
{"LAYER":"TOP","ID":"CE164B","COMPONENT":"Electrolytic 47µF 16V ","PART_VALUE":"16V","FINGER":"340b003e42e2c999a5d60ed79e48b36d"},
{"LAYER":"TOP","ID":"ER570C","COMPONENT":"Resistor 47Ω ","PART_VALUE":"47Ω","FINGER":"34daed2f8fc3b34b76d91f452f38d279"},
{"LAYER":"BOT","ID":"R212A","COMPONENT":"Resistor 33Ω ","PART_VALUE":"33Ω","FINGER":"34f1fa0ae4af93cb90e76623c1986e27"},
{"LAYER":"TOP","ID":"C706A","COMPONENT":"Capacitor 220nF ","PART_VALUE":"220nF","FINGER":"35401a88272ba25c8fe3e597223bec9e"},
{"LAYER":"TOP","ID":"R541A","COMPONENT":"Resistor 4.7kΩ ","PART_VALUE":"4.7kΩ","FINGER":"356d2d915a26d1afeb7fbf94ab3220ad"},
{"LAYER":"TOP","ID":"C760F","COMPONENT":"Capacitor 220nF ","PART_VALUE":"220nF","FINGER":"363c878b275fa29be9a55682064b36e9"},
{"LAYER":"BOT","ID":"R36","COMPONENT":"Resistor 2.7kΩ ","PART_VALUE":"2.7kΩ","FINGER":"370ed5e4c3df9def1b0faa315a07ddf9"},
{"LAYER":"TOP","ID":"CN751","COMPONENT":"CONN100 ","PART_VALUE":"CONN100","FINGER":"372f7d6778c9e7b920d78af2e246d3de"},
{"LAYER":"TOP","ID":"U370","COMPONENT":"IC 74FCT16245 ","PART_VALUE":"74FCT16245","FINGER":"382c431d2bf5f265aec212c46c7c5cf6"},
{"LAYER":"TOP","ID":"CE160A","COMPONENT":"Electrolytic 470µF 16V ","PART_VALUE":"16V","FINGER":"389290f1f6b779ac6f5b0bd804e9bf58"},
{"LAYER":"TOP","ID":"R28","COMPONENT":"Resistor 2.7kΩ ","PART_VALUE":"2.7kΩ","FINGER":"38d9992a7719628264da6b7e17352ced"},
{"LAYER":"BOT","ID":"R456G","COMPONENT":"Resistor 100Ω ","PART_VALUE":"100Ω","FINGER":"39d10f297d7b10a2ab5a52071b3d1527"},
{"LAYER":"TOP","ID":"L460","COMPONENT":"Inductor","PART_VALUE":"","FINGER":"39e041b4428c6f3185a46bf22194470b"},
{"LAYER":"TOP","ID":"R800C","COMPONENT":"Resistor 47Ω ","PART_VALUE":"47Ω","FINGER":"3b30239f1bb9366e036dd16e618cbbd4"},
{"LAYER":"BOT","ID":"R201H","COMPONENT":"Resistor 33Ω ","PART_VALUE":"33Ω","FINGER":"3b5d831d79c294b5231d439b8cbbb871"},
{"LAYER":"BOT","ID":"R165B","COMPONENT":"Resistor 33Ω ","PART_VALUE":"33Ω","FINGER":"3b7821d67509fd96d7df157e237ab4f3"},
{"LAYER":"BOT","ID":"C767H","COMPONENT":"CAP 1000PF ","PART_VALUE":"1000PF","FINGER":"3c15ebef3c1cce60860358b16bbf8372"},
{"LAYER":"BOT","ID":"R710","COMPONENT":"Resistor 1kΩ ","PART_VALUE":"1kΩ","FINGER":"3c2775c8e23207b77fb06a73bf17c4b9"},
{"LAYER":"TOP","ID":"U158","COMPONENT":"IC 74F08 ","PART_VALUE":"74F08","FINGER":"3c4e0c7e8a75e9a584f6965a94380f8f"},
{"LAYER":"TOP","ID":"R457H","COMPONENT":"Resistor 100Ω ","PART_VALUE":"100Ω","FINGER":"3cbef4d3afd9dfd562972fa22abfbc65"},
{"LAYER":"BOT","ID":"R456A","COMPONENT":"Resistor 100Ω ","PART_VALUE":"100Ω","FINGER":"3d3764a481148c8c6823b4bf3ca8f7e9"},
{"LAYER":"TOP","ID":"R452D","COMPONENT":"Resistor 68Ω ","PART_VALUE":"68Ω","FINGER":"3d929ab61971b97262ebcb65e7f9c9b7"},
{"LAYER":"BOT","ID":"C300B","COMPONENT":"Capacitor 100nF ","PART_VALUE":"100nF","FINGER":"3e5f442c148fa92c6d2054ef5b8affcb"},
{"LAYER":"TOP","ID":"CE163A","COMPONENT":"Electrolytic 47µF 16V ","PART_VALUE":"16V","FINGER":"3e9191707c10993885183b234ba16dea"},
{"LAYER":"TOP","ID":"R300D","COMPONENT":"Resistor 33Ω ","PART_VALUE":"33Ω","FINGER":"3ee74bc4cf68dfc7bd080b5836cc03ca"},
{"LAYER":"BOT","ID":"C212","COMPONENT":"Capacitor 100nF ","PART_VALUE":"100nF","FINGER":"3f9c42577a6ed7defea0ecb4d928d6f5"},
{"LAYER":"BOT","ID":"R541B","COMPONENT":"Resistor 4.7kΩ ","PART_VALUE":"4.7kΩ","FINGER":"3fb20446a1f29603846f442633636777"},
{"LAYER":"BOT","ID":"C162B","COMPONENT":"Capacitor 10nF ","PART_VALUE":"10nF","FINGER":"3fe5019ac7cda4ed311c8b2b973a80e9"},
{"LAYER":"TOP","ID":"R300G","COMPONENT":"Resistor 33Ω ","PART_VALUE":"33Ω","FINGER":"401a95f24f2056a17c1ed1be7946202f"},
{"LAYER":"BOT","ID":"R180D","COMPONENT":"Resistor 1kΩ ","PART_VALUE":"1kΩ","FINGER":"404290576619562729b13c1265e497b7"},
{"LAYER":"BOT","ID":"R550G","COMPONENT":"Resistor 10kΩ ","PART_VALUE":"10kΩ","FINGER":"407ff20e9c6222574668e2814bbb92b9"},
{"LAYER":"BOT","ID":"C460B","COMPONENT":"Capacitor 100nF ","PART_VALUE":"100nF","FINGER":"409eb6405e8f449b6030363b748be3da"},
{"LAYER":"BOT","ID":"EC551G","COMPONENT":"Capacitor 47pF ","PART_VALUE":"47pF","FINGER":"425df35829acada9064ad65aa26db801"},
{"LAYER":"BOT","ID":"R76","COMPONENT":"Resistor 2.7kΩ ","PART_VALUE":"2.7kΩ","FINGER":"428b8522ee657d539b5e72e4f63c0ad7"},
{"LAYER":"BOT","ID":"C459A","COMPONENT":"Capacitor 22pF ","PART_VALUE":"22pF","FINGER":"42fbc41abd1249e5f4137ffc3d15187f"},
{"LAYER":"BOT","ID":"R541C","COMPONENT":"Resistor 4.7kΩ ","PART_VALUE":"4.7kΩ","FINGER":"4331a0ba3a39df63c6af52cd6a10dd4a"},
{"LAYER":"TOP","ID":"U706","COMPONENT":"IC 74FCT16646 ","PART_VALUE":"74FCT16646","FINGER":"43680cd50ad2d0f25bc2b08b839d3f5c"},
{"LAYER":"TOP","ID":"R1","COMPONENT":"Resistor 2.7kΩ ","PART_VALUE":"2.7kΩ","FINGER":"43d9a714d57ad31ca8033491d1387e8d"},
{"LAYER":"TOP","ID":"R501","COMPONENT":"Resistor 1WΩ ","PART_VALUE":"1WΩ","FINGER":"43f2e6bd2a857a18607b5279218919e8"},
{"LAYER":"BOT","ID":"R541G","COMPONENT":"Resistor 4.7kΩ ","PART_VALUE":"4.7kΩ","FINGER":"4445758f6a9cc10dbb87531b3a781c62"},
{"LAYER":"TOP","ID":"R670","COMPONENT":"Resistor 1kΩ ","PART_VALUE":"1kΩ","FINGER":"4447cf41a1eea038f4e056585aa9e340"},
{"LAYER":"TOP","ID":"RP752F","COMPONENT":"RPK 330\/470 ","PART_VALUE":"330\/470","FINGER":"44739855975435417823fb57616f7635"},
{"LAYER":"TOP","ID":"CE164G","COMPONENT":"Electrolytic 47µF 16V ","PART_VALUE":"16V","FINGER":"460d6c4fc81d73c31618f011f897c452"},
{"LAYER":"TOP","ID":"C370B","COMPONENT":"Capacitor 220nF ","PART_VALUE":"220nF","FINGER":"462fc7b804be5214fda04f7899c86327"},
{"LAYER":"TOP","ID":"C760E","COMPONENT":"Capacitor 220nF ","PART_VALUE":"220nF","FINGER":"46debf4b227b88173ebf1fb6c86c20e3"},
{"LAYER":"TOP","ID":"FB565F","COMPONENT":"FB ","PART_VALUE":"FB","FINGER":"46fde2514a9c3f2989b6a99e46f7c0fe"},
{"LAYER":"TOP","ID":"U707","COMPONENT":"IC 74FCT16646 ","PART_VALUE":"74FCT16646","FINGER":"47580fe879da7a0aee20d3f819865419"},
{"LAYER":"TOP","ID":"R71","COMPONENT":"Resistor 1kΩ ","PART_VALUE":"1kΩ","FINGER":"47c19e127db83e9033e0d90f1ddefd82"},
{"LAYER":"TOP","ID":"U176B","COMPONENT":"IC IC ","PART_VALUE":"IC","FINGER":"47f834f1520aa6e4e225972a230706d5"},
{"LAYER":"BOT","ID":"C155","COMPONENT":"Capacitor 100nF ","PART_VALUE":"100nF","FINGER":"4802a74f83bc9817521534e689b9e8c1"},
{"LAYER":"TOP","ID":"U611","COMPONENT":"IC IC ","PART_VALUE":"IC","FINGER":"484c0d344f18216a647677404116f54a"},
{"LAYER":"BOT","ID":"C106","COMPONENT":"Capacitor 100nF ","PART_VALUE":"100nF","FINGER":"4852c255fcd7ad4c12f5edbdf13759eb"},
{"LAYER":"BOT","ID":"EC550E","COMPONENT":"Capacitor 47pF ","PART_VALUE":"47pF","FINGER":"49c5abdd085589eda0d69611559dd608"},
{"LAYER":"BOT","ID":"R301F","COMPONENT":"Resistor 33Ω ","PART_VALUE":"33Ω","FINGER":"49fb861d1591c78a4c55b2d5b314861c"},
{"LAYER":"TOP","ID":"R7","COMPONENT":"Resistor 2.7kΩ ","PART_VALUE":"2.7kΩ","FINGER":"4a0a3cb3a1594edc462733ebdc1f0ce6"},
{"LAYER":"BOT","ID":"R305","COMPONENT":"Resistor 33Ω ","PART_VALUE":"33Ω","FINGER":"4a61474ea2dc0a520c415556b8b7e71f"},
{"LAYER":"TOP","ID":"R30","COMPONENT":"Resistor 2.7kΩ ","PART_VALUE":"2.7kΩ","FINGER":"4a6cbc770f08fc25ea0dea4325c765ed"},
{"LAYER":"BOT","ID":"C776B","COMPONENT":"CAP 1000PF ","PART_VALUE":"1000PF","FINGER":"4b4e7b97b63ec4ea59438a4e601e3648"},
{"LAYER":"BOT","ID":"R103A","COMPONENT":"Resistor 47Ω ","PART_VALUE":"47Ω","FINGER":"4b58fbf369fc689842c26c420eb03ca7"},
{"LAYER":"TOP","ID":"J151","COMPONENT":"SIL2 ","PART_VALUE":"SIL2","FINGER":"4c405a7be301c7828f08dceca6ff4f52"},
{"LAYER":"BOT","ID":"R560","COMPONENT":"Resistor 1kΩ ","PART_VALUE":"1kΩ","FINGER":"4c95e86e3ec7169bf54f2c1aac2c93bd"},
{"LAYER":"BOT","ID":"C610B","COMPONENT":"Capacitor 100nF ","PART_VALUE":"100nF","FINGER":"4cc475d63a39203f84621df7b6feb9d8"},
{"LAYER":"TOP","ID":"FB565A","COMPONENT":"FB ","PART_VALUE":"FB","FINGER":"4cfa5874a939a3ab2205990576e61d95"},
{"LAYER":"TOP","ID":"R158D","COMPONENT":"Resistor 10kΩ ","PART_VALUE":"10kΩ","FINGER":"4d2a4e598a21f92a04675b22b02af2a2"},
{"LAYER":"BOT","ID":"R754","COMPONENT":"Resistor 1kΩ ","PART_VALUE":"1kΩ","FINGER":"4d4d1a31b276a92d9d27d512e1e86d86"},
{"LAYER":"BOT","ID":"R12","COMPONENT":"Resistor 2.7kΩ ","PART_VALUE":"2.7kΩ","FINGER":"4e9f23a9e699407b13e9ab7c735071ac"},
{"LAYER":"BOT","ID":"R33","COMPONENT":"Resistor 2.7kΩ ","PART_VALUE":"2.7kΩ","FINGER":"4edfec87ac937c7f3644595c236be663"},
{"LAYER":"TOP","ID":"FB565E","COMPONENT":"FB ","PART_VALUE":"FB","FINGER":"4f51d58ddefef810e88d538c93ee8911"},
{"LAYER":"BOT","ID":"C103A","COMPONENT":"Capacitor 100nF ","PART_VALUE":"100nF","FINGER":"4fa0067a0f5bb0721496f7fffd5801c8"},
{"LAYER":"TOP","ID":"ER570B","COMPONENT":"Resistor 47Ω ","PART_VALUE":"47Ω","FINGER":"500392691cc514946e2b051f09a5d9b4"},
{"LAYER":"BOT","ID":"C600D","COMPONENT":"CAP .01UF ","PART_VALUE":".01UF","FINGER":"500d2a7c7eba505b8b306a4502d8d9ca"},
{"LAYER":"BOT","ID":"R690","COMPONENT":"Resistor 10kΩ ","PART_VALUE":"10kΩ","FINGER":"511efb40920e38c78963ef2b02c65624"},
{"LAYER":"TOP","ID":"U261","COMPONENT":"IC null ","PART_VALUE":"null","FINGER":"5125629fe4f1a7c12a15a4a701c92048"},
{"LAYER":"TOP","ID":"R31","COMPONENT":"Resistor 2.7kΩ ","PART_VALUE":"2.7kΩ","FINGER":"516b71c59edad649304298f406678247"},
{"LAYER":"BOT","ID":"R703","COMPONENT":"Resistor 47Ω ","PART_VALUE":"47Ω","FINGER":"52149d56f3acaf5310ed02c9bff36a7d"},
{"LAYER":"BOT","ID":"R102A","COMPONENT":"Resistor 47Ω ","PART_VALUE":"47Ω","FINGER":"5216641713c149af81bcd51d4085fd10"},
{"LAYER":"TOP","ID":"R525C","COMPONENT":"Resistor 220Ω ","PART_VALUE":"220Ω","FINGER":"5219b96717f65845191a0db117322a5c"},
{"LAYER":"BOT","ID":"C765H","COMPONENT":"CAP 1000PF ","PART_VALUE":"1000PF","FINGER":"5415ef2a34cc1e64a4ca8dd0d9ed8bc4"},
{"LAYER":"TOP","ID":"Q500","COMPONENT":"NPN 2N3904 ","PART_VALUE":"2N3904","FINGER":"543f01cf63ce85961b941d2ea5a73d13"},
{"LAYER":"BOT","ID":"R200E","COMPONENT":"Resistor 47Ω ","PART_VALUE":"47Ω","FINGER":"5481aa13d637f86f92716831b6f1f468"},
{"LAYER":"BOT","ID":"C250B","COMPONENT":"Capacitor 100nF ","PART_VALUE":"100nF","FINGER":"54863d800c0a90308596af9571534368"},
{"LAYER":"TOP","ID":"U570","COMPONENT":"IC IC ","PART_VALUE":"IC","FINGER":"54aa9b3bdbbe28ca0b98f9bff4c90f24"},
{"LAYER":"TOP","ID":"FB560B","COMPONENT":"FB ","PART_VALUE":"FB","FINGER":"551cd9e5e8d199bc4dfde9b90e75f42d"},
{"LAYER":"TOP","ID":"C450B","COMPONENT":"Capacitor 220nF ","PART_VALUE":"220nF","FINGER":"5522969df3173577a7523d623db2aab0"},
{"LAYER":"TOP","ID":"R150B","COMPONENT":"Resistor 47Ω ","PART_VALUE":"47Ω","FINGER":"553631b6f1477d03dbe3889fcdb9ba9f"},
{"LAYER":"BOT","ID":"R750A","COMPONENT":"Resistor 1kΩ ","PART_VALUE":"1kΩ","FINGER":"559b67b86e6e97e211b082505cc170f3"},
{"LAYER":"BOT","ID":"ER550C","COMPONENT":"Resistor 47Ω ","PART_VALUE":"47Ω","FINGER":"55a50e6eb9cea316231237e1749ffe32"},
{"LAYER":"TOP","ID":"R602C","COMPONENT":"Resistor 1kΩ ","PART_VALUE":"1kΩ","FINGER":"55ee909cb410d064cfc070ad67955e7d"},
{"LAYER":"BOT","ID":"R541E","COMPONENT":"Resistor 4.7kΩ ","PART_VALUE":"4.7kΩ","FINGER":"561857455ff653e29c638c7ede6b18bd"},
{"LAYER":"BOT","ID":"C775H","COMPONENT":"CAP 1000PF ","PART_VALUE":"1000PF","FINGER":"5654f3128e0239746d5092cb54d838e2"},
{"LAYER":"TOP","ID":"CE164F","COMPONENT":"Electrolytic 47µF 16V ","PART_VALUE":"16V","FINGER":"5697f806110f944cb4ee6a3d852899b1"},
{"LAYER":"TOP","ID":"SCSI_IDE_LED","COMPONENT":"CONNECTOR","PART_VALUE":"","FINGER":"56cc1361f6d1a70f228e19cb11c69394"},
{"LAYER":"BOT","ID":"C200C","COMPONENT":"Capacitor 100nF ","PART_VALUE":"100nF","FINGER":"5735edac425dbe2ccd2902c3d8fb3e3d"},
{"LAYER":"BOT","ID":"R158E","COMPONENT":"Resistor 47Ω ","PART_VALUE":"47Ω","FINGER":"588642bdb6c837d2556b4b48f2105cba"},
{"LAYER":"TOP","ID":"R561A","COMPONENT":"Resistor 10kΩ ","PART_VALUE":"10kΩ","FINGER":"58a3210a0ce7531e319595ae035130d7"},
{"LAYER":"BOT","ID":"C154A","COMPONENT":"Capacitor 100nF ","PART_VALUE":"100nF","FINGER":"58fd581972446a28267672cab5007029"},
{"LAYER":"TOP","ID":"ER551G","COMPONENT":"Resistor 47Ω ","PART_VALUE":"47Ω","FINGER":"591c3a5c7f8fc037af1db5846377d560"},
{"LAYER":"TOP","ID":"P702","COMPONENT":"PAL P16L8-10 ","PART_VALUE":"P16L8-10","FINGER":"59278052a87fff0e71d000e083c1a5e8"},
{"LAYER":"TOP","ID":"U705","COMPONENT":"IC 74FCT16245 ","PART_VALUE":"74FCT16245","FINGER":"5986c0ab6eadf0a7eb99a385bf40ba45"},
{"LAYER":"BOT","ID":"R450H","COMPONENT":"Resistor 68Ω ","PART_VALUE":"68Ω","FINGER":"599a13545330d5b949440a9ea5d439d6"},
{"LAYER":"TOP","ID":"C660A","COMPONENT":"Capacitor 220nF ","PART_VALUE":"220nF","FINGER":"5a0f2bf2dd698150ddffdb630fa1f7dc"},
{"LAYER":"BOT","ID":"R61","COMPONENT":"Resistor 2.7kΩ ","PART_VALUE":"2.7kΩ","FINGER":"5aefef763ad6a654bee9790daf3b6004"},
{"LAYER":"BOT","ID":"EC551D","COMPONENT":"Capacitor 47pF ","PART_VALUE":"47pF","FINGER":"5b57f595fe730d6770e1405d508785e6"},
{"LAYER":"BOT","ID":"C556","COMPONENT":"Capacitor 100nF ","PART_VALUE":"100nF","FINGER":"5bbbb61ee44d5a4e7e866751cdb5ec7a"},
{"LAYER":"TOP","ID":"CN451","COMPONENT":"CONN36 ","PART_VALUE":"CONN36","FINGER":"5bcef590486827bb33a66d28cffe0528"},
{"LAYER":"BOT","ID":"R600C","COMPONENT":"Resistor 1kΩ ","PART_VALUE":"1kΩ","FINGER":"5beb5f12921342df47e1c725f528fa5f"},
{"LAYER":"BOT","ID":"R301C","COMPONENT":"Resistor 33Ω ","PART_VALUE":"33Ω","FINGER":"5bf3e96de7d576916d546f58ffd14775"},
{"LAYER":"BOT","ID":"EC555F","COMPONENT":"Capacitor 100pF ","PART_VALUE":"100pF","FINGER":"5cb0a9f21777236d13df6ce88614f874"},
{"LAYER":"BOT","ID":"C766F","COMPONENT":"CAP 1000PF ","PART_VALUE":"1000PF","FINGER":"5cb8fcbc52c58cb24ba4f657a9252829"},
{"LAYER":"TOP","ID":"U455","COMPONENT":"IC 74FCT16245 ","PART_VALUE":"74FCT16245","FINGER":"5d31e5ec888d8365ab31bed4a7653839"},
{"LAYER":"TOP","ID":"CN180","COMPONENT":"SIL4 ","PART_VALUE":"SIL4","FINGER":"5debed67f0ba85690f9831810679dfb6"},
{"LAYER":"BOT","ID":"R456D","COMPONENT":"Resistor 100Ω ","PART_VALUE":"100Ω","FINGER":"5e4bf054e9abc288cdf35cd79990af8a"},
{"LAYER":"TOP","ID":"C371A","COMPONENT":"Capacitor 220nF ","PART_VALUE":"220nF","FINGER":"5e609b6933378b04005c63a274fffa94"},
{"LAYER":"TOP","ID":"R70","COMPONENT":"Resistor 1kΩ ","PART_VALUE":"1kΩ","FINGER":"5e978a1b5105e63af9ec1e091cdb49be"},
{"LAYER":"BOT","ID":"R65","COMPONENT":"Resistor 680Ω ","PART_VALUE":"680Ω","FINGER":"5ec9ac2a6869f84eb38d7f40898a2b02"},
{"LAYER":"BOT","ID":"EC560A","COMPONENT":"Capacitor 100pF ","PART_VALUE":"100pF","FINGER":"5f2f0fd556f666d754fc4e91a52b16a0"},
{"LAYER":"TOP","ID":"C700A","COMPONENT":"Capacitor 220nF ","PART_VALUE":"220nF","FINGER":"5f6029103a795ac8702c6d0cbf0b2336"},
{"LAYER":"TOP","ID":"SPKR_LED","COMPONENT":"CONNECTOR","PART_VALUE":"","FINGER":"5fcf06436608c83ac5a8714087f13c08"},
{"LAYER":"TOP","ID":"R720","COMPONENT":"Resistor 1kΩ ","PART_VALUE":"1kΩ","FINGER":"608763769520847dcc6981b6837b2346"},
{"LAYER":"TOP","ID":"U450","COMPONENT":"IC CSG ","PART_VALUE":"CSG","FINGER":"60b17990e868eedba5144a815206e3bb"},
{"LAYER":"BOT","ID":"R75","COMPONENT":"Resistor 2.7kΩ ","PART_VALUE":"2.7kΩ","FINGER":"61108e27bf8875dc5c8008229c04cc8b"},
{"LAYER":"BOT","ID":"R39","COMPONENT":"Resistor 2.7kΩ ","PART_VALUE":"2.7kΩ","FINGER":"616c014e5053a58afe82f35575b4fabd"},
{"LAYER":"TOP","ID":"CN550","COMPONENT":"DIL40 ","PART_VALUE":"DIL40","FINGER":"6225c2e7473ad92c5da57f96a47cd494"},
{"LAYER":"BOT","ID":"R460","COMPONENT":"Resistor 75Ω ","PART_VALUE":"75Ω","FINGER":"628ce7cd5bf0f5f9cdf534a267df1b90"},
{"LAYER":"BOT","ID":"R459C","COMPONENT":"Resistor 1kΩ ","PART_VALUE":"1kΩ","FINGER":"62bda7776c75de9a326f3e038c36570e"},
{"LAYER":"BOT","ID":"C600A","COMPONENT":"CAP .1UF ","PART_VALUE":".1UF","FINGER":"6357181ff2dd22d6fc02f120401da234"},
{"LAYER":"BOT","ID":"EC580B","COMPONENT":"Capacitor 100pF ","PART_VALUE":"100pF","FINGER":"637510a77fb8b69134005dae29dc8360"},
{"LAYER":"BOT","ID":"C200B","COMPONENT":"Capacitor 100nF ","PART_VALUE":"100nF","FINGER":"63ed63bf89da5308fcee268037f52ae1"},
{"LAYER":"BOT","ID":"C600H","COMPONENT":"CAP .01UF ","PART_VALUE":".01UF","FINGER":"64549e3832f6e24d267603a694704cbf"},
{"LAYER":"BOT","ID":"R550E","COMPONENT":"Resistor 10kΩ ","PART_VALUE":"10kΩ","FINGER":"64c035a620b41624fcae6cd8ab4f49ed"},
{"LAYER":"TOP","ID":"U175A","COMPONENT":"IC IC ","PART_VALUE":"IC","FINGER":"64e6852efcdd59bcb5e463453936bb75"},
{"LAYER":"BOT","ID":"R64","COMPONENT":"Resistor 2.7kΩ ","PART_VALUE":"2.7kΩ","FINGER":"65967aed90d48c48860405c6fec82db6"},
{"LAYER":"BOT","ID":"C766D","COMPONENT":"CAP 1000PF ","PART_VALUE":"1000PF","FINGER":"65a1d3ff9c42b4651c24c628ce159118"},
{"LAYER":"TOP","ID":"R3","COMPONENT":"Resistor 2.7kΩ ","PART_VALUE":"2.7kΩ","FINGER":"65db6a31af3d8f9eec4705e20befddc8"},
{"LAYER":"TOP","ID":"U176A","COMPONENT":"IC IC ","PART_VALUE":"IC","FINGER":"66098479fe93c2dc1dddce4c89bcbe9e"},
{"LAYER":"TOP","ID":"CN452","COMPONENT":"CONN36 ","PART_VALUE":"CONN36","FINGER":"661450c484c5187bc70f4a2eb7e9da5a"},
{"LAYER":"BOT","ID":"R200H","COMPONENT":"Resistor 33Ω ","PART_VALUE":"33Ω","FINGER":"664367753d656475352964b7fcbe88c9"},
{"LAYER":"BOT","ID":"R451H","COMPONENT":"Resistor 68Ω ","PART_VALUE":"68Ω","FINGER":"66e9d0735661e98343d0717eb26f4529"},
{"LAYER":"BOT","ID":"R455B","COMPONENT":"Resistor 100Ω ","PART_VALUE":"100Ω","FINGER":"66f968cb636fb0336a5429b0a1c7b585"},
{"LAYER":"BOT","ID":"EC570A","COMPONENT":"Capacitor 100pF ","PART_VALUE":"100pF","FINGER":"67abfd724f225c08d4c9194069c4a985"},
{"LAYER":"TOP","ID":"EC510C","COMPONENT":"Capacitor 100pF ","PART_VALUE":"100pF","FINGER":"6867fc50828bf99e247cb8410496fb54"},
{"LAYER":"BOT","ID":"R450F","COMPONENT":"Resistor 68Ω ","PART_VALUE":"68Ω","FINGER":"686fce3bf443d3c51a1ea8988bbda7e9"},
{"LAYER":"TOP","ID":"FB555F","COMPONENT":"FB ","PART_VALUE":"FB","FINGER":"691bd9d3a8503f133a037dd8b704a280"},
{"LAYER":"BOT","ID":"R467","COMPONENT":"Resistor 15Ω ","PART_VALUE":"15Ω","FINGER":"693d75bd0ab7a02058ac880efd9c3bf3"},
{"LAYER":"TOP","ID":"R212B","COMPONENT":"Resistor 33Ω ","PART_VALUE":"33Ω","FINGER":"69a86e4f44c73db9f020dab668a4ada9"},
{"LAYER":"BOT","ID":"C670","COMPONENT":"Capacitor 100nF ","PART_VALUE":"100nF","FINGER":"69e2a4a0bb0251256f1b89a5df7fcbf6"},
{"LAYER":"TOP","ID":"SPKR","COMPONENT":"Speaker","PART_VALUE":"","FINGER":"6a729873489d97cee36b0ed18edfc135"},
{"LAYER":"TOP","ID":"ER550F","COMPONENT":"Resistor 47Ω ","PART_VALUE":"47Ω","FINGER":"6af93c8322b8bd6876d59fd91c3f4ae2"},
{"LAYER":"TOP","ID":"C457B","COMPONENT":"Capacitor 220nF ","PART_VALUE":"220nF","FINGER":"6bb0ae9e1c122a420a2fd6422bbb9ec6"},
{"LAYER":"TOP","ID":"U200","COMPONENT":"IC CSG ","PART_VALUE":"CSG","FINGER":"6be814a2c7cf50382a0af863361f50e6"},
{"LAYER":"TOP","ID":"FB555G","COMPONENT":"FB ","PART_VALUE":"FB","FINGER":"6c5951b2441590def42d0bc966d3565c"},
{"LAYER":"BOT","ID":"R451D","COMPONENT":"Resistor 68Ω ","PART_VALUE":"68Ω","FINGER":"6c651252d8be16b351209108a75738cb"},
{"LAYER":"BOT","ID":"EC565F","COMPONENT":"Capacitor 100pF ","PART_VALUE":"100pF","FINGER":"6c6feefa621d9cbfc24bb67313ddee98"},
{"LAYER":"TOP","ID":"S352","COMPONENT":"null ","PART_VALUE":"null","FINGER":"6c9f47be7e003ddfa8e2142b7db69cfa"},
{"LAYER":"TOP","ID":"C261A","COMPONENT":"Capacitor 220nF ","PART_VALUE":"220nF","FINGER":"6cb8468a3ba4874048421a8322c27df2"},
{"LAYER":"BOT","ID":"R150H","COMPONENT":"Resistor 47Ω ","PART_VALUE":"47Ω","FINGER":"6cb97c1c4877496457b9a851e944a9df"},
{"LAYER":"BOT","ID":"C160B","COMPONENT":"Capacitor 10nF ","PART_VALUE":"10nF","FINGER":"6d1e0b62cfe2870c4b69003c4b2bad10"},
{"LAYER":"BOT","ID":"R58","COMPONENT":"Resistor 2.7kΩ ","PART_VALUE":"2.7kΩ","FINGER":"6d6d88127013de714816daa1546512e4"},
{"LAYER":"BOT","ID":"C767C","COMPONENT":"CAP 1000PF ","PART_VALUE":"1000PF","FINGER":"6da330517f7e72744a9cd6f068c3a74a"},
{"LAYER":"BOT","ID":"R451B","COMPONENT":"Resistor 68Ω ","PART_VALUE":"68Ω","FINGER":"6ebe38867e09af84ea098c07dac56b13"},
{"LAYER":"TOP","ID":"U580","COMPONENT":"IC IC ","PART_VALUE":"IC","FINGER":"6ef41c7ededf233bb739c56ec4844099"},
{"LAYER":"TOP","ID":"FB510","COMPONENT":"FB ","PART_VALUE":"FB","FINGER":"6fd33fd5d85970bda820d050a96a90de"},
{"LAYER":"BOT","ID":"R550F","COMPONENT":"Resistor 10kΩ ","PART_VALUE":"10kΩ","FINGER":"70440b790b42b51c55b72891ded6c9b0"},
{"LAYER":"TOP","ID":"U156","COMPONENT":"IC null ","PART_VALUE":"null","FINGER":"706e16d5e04dcbfdadefd9c5113fb11d"},
{"LAYER":"BOT","ID":"R752","COMPONENT":"Resistor 1kΩ ","PART_VALUE":"1kΩ","FINGER":"707374b06fba269567d7045439eb3168"},
{"LAYER":"BOT","ID":"C767I","COMPONENT":"CAP 1000PF ","PART_VALUE":"1000PF","FINGER":"713a78f46a0d096c0f58c7db23c7300c"},
{"LAYER":"TOP","ID":"R721","COMPONENT":"Resistor 1kΩ ","PART_VALUE":"1kΩ","FINGER":"715630dd1bf9216d5772b25902ede622"},
{"LAYER":"TOP","ID":"R602H","COMPONENT":"Resistor 1kΩ ","PART_VALUE":"1kΩ","FINGER":"718f69ee151b71a58ef4c31f6b30f93c"},
{"LAYER":"BOT","ID":"R180C","COMPONENT":"Resistor 100kΩ ","PART_VALUE":"100kΩ","FINGER":"71dd3c6b5b45a08486fd7bb089272ca7"},
{"LAYER":"BOT","ID":"R561B","COMPONENT":"Resistor 10kΩ ","PART_VALUE":"10kΩ","FINGER":"720523fa4d650e9622aae229f1170c37"},
{"LAYER":"BOT","ID":"C775C","COMPONENT":"CAP 1000PF ","PART_VALUE":"1000PF","FINGER":"7277a042327fb69f337eb6560898f06c"},
{"LAYER":"BOT","ID":"R200B","COMPONENT":"Resistor 47Ω ","PART_VALUE":"47Ω","FINGER":"7313c330e1f38d5e58083a2f32047998"},
{"LAYER":"BOT","ID":"R600D","COMPONENT":"Resistor 1kΩ ","PART_VALUE":"1kΩ","FINGER":"735a108dd87ca5fd6b3b57f2c0535f88"},
{"LAYER":"BOT","ID":"C470","COMPONENT":"Capacitor 100nF ","PART_VALUE":"100nF","FINGER":"7381fd4e7150fa73dadc1788ff137b3d"},
{"LAYER":"BOT","ID":"R153","COMPONENT":"Resistor 1kΩ ","PART_VALUE":"1kΩ","FINGER":"73a2e1d1785d632d157c62394e7b88fa"},
{"LAYER":"TOP","ID":"C300A","COMPONENT":"Capacitor 220nF ","PART_VALUE":"220nF","FINGER":"73b08682e92e1f8e019af4308a4edf82"},
{"LAYER":"TOP","ID":"R300B","COMPONENT":"Resistor 33Ω ","PART_VALUE":"33Ω","FINGER":"73c8bc903fac89d62e611b085a333833"},
{"LAYER":"TOP","ID":"RP752C","COMPONENT":"RPK 330\/470 ","PART_VALUE":"330\/470","FINGER":"73d9393c1e9af38df147d4cf813d3b11"},
{"LAYER":"TOP","ID":"D180D","COMPONENT":"Diode 1N4148 ","PART_VALUE":"1N4148","FINGER":"7464e5d307aea75d9a64669b8d260a70"},
{"LAYER":"TOP","ID":"U215","COMPONENT":"IC 74F04 ","PART_VALUE":"74F04","FINGER":"74ebac8fe3211b311fb4abd3cde4bb3a"},
{"LAYER":"TOP","ID":"CE501A","COMPONENT":"Electrolytic 470µF 16V ","PART_VALUE":"16V","FINGER":"7515757d2431534993fb224b3098dece"},
{"LAYER":"TOP","ID":"R77","COMPONENT":"Resistor 2.7kΩ ","PART_VALUE":"2.7kΩ","FINGER":"75895f3aab76eca51a5cb3562a1783db"},
{"LAYER":"BOT","ID":"C541","COMPONENT":"Capacitor 100nF ","PART_VALUE":"100nF","FINGER":"7620aa1fe158d46a3f06baecc79e3606"},
{"LAYER":"TOP","ID":"C262B","COMPONENT":"Capacitor 220nF ","PART_VALUE":"220nF","FINGER":"76aa291927500697ac83f4327ca81923"},
{"LAYER":"TOP","ID":"F161","COMPONENT":"POLYSW_SM 1.5A ","PART_VALUE":"1.5A","FINGER":"76d41dace3576b5b6a552cbe73352b70"},
{"LAYER":"BOT","ID":"C775D","COMPONENT":"CAP 1000PF ","PART_VALUE":"1000PF","FINGER":"76f87a8d60a909f8bc4a036d8e9a02a8"},
{"LAYER":"TOP","ID":"CN754","COMPONENT":"CONN100 ","PART_VALUE":"CONN100","FINGER":"7737ce8897333f1b07cb62252c7d8fe3"},
{"LAYER":"BOT","ID":"R457G","COMPONENT":"Resistor 100Ω ","PART_VALUE":"100Ω","FINGER":"7763c2d3a647e399421cc05ef68c0c51"},
{"LAYER":"TOP","ID":"RP752E","COMPONENT":"RPK 330\/470 ","PART_VALUE":"330\/470","FINGER":"77815018b756e417766d28418438e755"},
{"LAYER":"BOT","ID":"C600B","COMPONENT":"CAP .01UF ","PART_VALUE":".01UF","FINGER":"77bd616244b092695f9c1b474c7956d1"},
{"LAYER":"BOT","ID":"R753","COMPONENT":"Resistor 1kΩ ","PART_VALUE":"1kΩ","FINGER":"7827f1098447036e42f55f31ef29e034"},
{"LAYER":"BOT","ID":"R452F","COMPONENT":"Resistor 68Ω ","PART_VALUE":"68Ω","FINGER":"785d80cfe3356543f3895fb81bccce81"},
{"LAYER":"BOT","ID":"R457B","COMPONENT":"Resistor 100Ω ","PART_VALUE":"100Ω","FINGER":"78bc30d68767c20a144cc883b0c0d6ce"},
{"LAYER":"BOT","ID":"R180B","COMPONENT":"Resistor 1.2kΩ ","PART_VALUE":"1.2kΩ","FINGER":"792f2aae520675eab05f232e5a736ca2"},
{"LAYER":"BOT","ID":"R302","COMPONENT":"Resistor 1kΩ ","PART_VALUE":"1kΩ","FINGER":"7996af68896e92d906b4e12c9dcf57da"},
{"LAYER":"BOT","ID":"R301B","COMPONENT":"Resistor 33Ω ","PART_VALUE":"33Ω","FINGER":"79ccebd6eee06f866003c227aaf8f488"},
{"LAYER":"TOP","ID":"R27","COMPONENT":"Resistor 2.7kΩ ","PART_VALUE":"2.7kΩ","FINGER":"7bafa682e431711d4c16798d2927b603"},
{"LAYER":"TOP","ID":"R43","COMPONENT":"Resistor 2.7kΩ ","PART_VALUE":"2.7kΩ","FINGER":"7bef060247f732e49a5142a99f9e7fcb"},
{"LAYER":"TOP","ID":"R455F","COMPONENT":"Resistor 100Ω ","PART_VALUE":"100Ω","FINGER":"7c40b4c9b06d27e6b7976a6a256367f3"},
{"LAYER":"BOT","ID":"R522","COMPONENT":"Resistor 120Ω ","PART_VALUE":"120Ω","FINGER":"7d737f43c30674e38bf12c839f0b1761"},
{"LAYER":"TOP","ID":"CN755","COMPONENT":"CONN100 ","PART_VALUE":"CONN100","FINGER":"7d9854bd3f48db86ed478b6135aea9c1"},
{"LAYER":"BOT","ID":"C767F","COMPONENT":"CAP 1000PF ","PART_VALUE":"1000PF","FINGER":"7ed721bead59b07d0bc43a997dc61513"},
{"LAYER":"TOP","ID":"CE560B","COMPONENT":"Electrolytic 22µF 16V ","PART_VALUE":"16V","FINGER":"7f00243ebc217ed664a0243554e925e5"},
{"LAYER":"TOP","ID":"D550B","COMPONENT":"Diode 1N4001 ","PART_VALUE":"1N4001","FINGER":"7fb2bfaf6ab51627446a5acfb9451464"},
{"LAYER":"TOP","ID":"U181","COMPONENT":"IC null ","PART_VALUE":"null","FINGER":"7fe421a9614d0ae414de71a24f3331a8"},
{"LAYER":"BOT","ID":"R103D","COMPONENT":"Resistor 47Ω ","PART_VALUE":"47Ω","FINGER":"804772b8a7f2edc9b4ea89c65e4c8882"},
{"LAYER":"BOT","ID":"C460C","COMPONENT":"Capacitor X ","PART_VALUE":"X","FINGER":"80e2d9d513653bd5e8410fd31bdef224"},
{"LAYER":"BOT","ID":"R455C","COMPONENT":"Resistor 100Ω ","PART_VALUE":"100Ω","FINGER":"80f5a7795861a54a90458993e1d32b89"},
{"LAYER":"BOT","ID":"R691","COMPONENT":"Resistor 10kΩ ","PART_VALUE":"10kΩ","FINGER":"815687ffe016ec355a83f173023e123d"},
{"LAYER":"TOP","ID":"CE164D","COMPONENT":"Electrolytic 47µF 16V ","PART_VALUE":"16V","FINGER":"816f34618427e82fc610cee943f8c1e9"},
{"LAYER":"TOP","ID":"CN800","COMPONENT":"CONN200 ","PART_VALUE":"CONN200","FINGER":"81852534a39d9c5e3f4fe6fe6cd50cd4"},
{"LAYER":"BOT","ID":"R453D","COMPONENT":"Resistor 47Ω ","PART_VALUE":"47Ω","FINGER":"818f9fa732f9a1543504d11f615d460a"},
{"LAYER":"BOT","ID":"R454D","COMPONENT":"Resistor 47Ω ","PART_VALUE":"47Ω","FINGER":"81aecfbacc675f5a712f76c94b4e26ed"},
{"LAYER":"BOT","ID":"EC555B","COMPONENT":"Capacitor 100pF ","PART_VALUE":"100pF","FINGER":"81e9ebff82aa2c5b055dcef2521268a5"},
{"LAYER":"TOP","ID":"RP752D","COMPONENT":"RPK 330\/470 ","PART_VALUE":"330\/470","FINGER":"82bdcd42e2c3a70421a6abb80da36218"},
{"LAYER":"BOT","ID":"R80","COMPONENT":"Resistor 1.2kΩ ","PART_VALUE":"1.2kΩ","FINGER":"83114bd1c8e430e2b8cfbda4a2036ad5"},
{"LAYER":"TOP","ID":"FB555E","COMPONENT":"FB ","PART_VALUE":"FB","FINGER":"83490171ee41d11b625eaf1bb1ac51af"},
{"LAYER":"BOT","ID":"EC553","COMPONENT":"Capacitor 47pF ","PART_VALUE":"47pF","FINGER":"835bb605bf9e488d3153c939ca2389d0"},
{"LAYER":"BOT","ID":"R451A","COMPONENT":"Resistor 68Ω ","PART_VALUE":"68Ω","FINGER":"8429ceac912e85309cfdbddbbe5576e0"},
{"LAYER":"BOT","ID":"EC551B","COMPONENT":"Capacitor 47pF ","PART_VALUE":"47pF","FINGER":"8439af8c3dfd593d84d09682ada0e116"},
{"LAYER":"TOP","ID":"ER570A","COMPONENT":"Resistor 47Ω ","PART_VALUE":"47Ω","FINGER":"843a5cfb49fed80d51ec34ba758a0f13"},
{"LAYER":"TOP","ID":"R722","COMPONENT":"Resistor 1kΩ ","PART_VALUE":"1kΩ","FINGER":"84693f0daae23ea8c69a2d8d342e5bfa"},
{"LAYER":"BOT","ID":"R550C","COMPONENT":"Resistor 10kΩ ","PART_VALUE":"10kΩ","FINGER":"847cc393ee708cbbd71a3e942a69c0af"},
{"LAYER":"BOT","ID":"C767B","COMPONENT":"CAP 1000PF ","PART_VALUE":"1000PF","FINGER":"848a6bc837a6ec018501d9e5212d7430"},
{"LAYER":"BOT","ID":"R457E","COMPONENT":"Resistor 100Ω ","PART_VALUE":"100Ω","FINGER":"849762ca8b3c60138244d4a743f6a692"},
{"LAYER":"TOP","ID":"CE560A","COMPONENT":"Electrolytic 22µF 16V ","PART_VALUE":"16V","FINGER":"85031da54135cb4d9c23bfc13e5e7af5"},
{"LAYER":"TOP","ID":"R458A","COMPONENT":"Resistor 47Ω ","PART_VALUE":"47Ω","FINGER":"863e29483cce80c2425e65af76436ac5"},
{"LAYER":"TOP","ID":"RP455","COMPONENT":"RPK 1K ","PART_VALUE":"1K","FINGER":"86608c57a0c7a25d2ca05d33b114e894"},
{"LAYER":"TOP","ID":"P213","COMPONENT":"PAL P16L8-10 ","PART_VALUE":"P16L8-10","FINGER":"86f6a5dffe242781feb8fb19eae30ec7"},
{"LAYER":"TOP","ID":"J212","COMPONENT":"SIL3 ","PART_VALUE":"SIL3","FINGER":"880b94c49a31a833fcfa009070b0d7a1"},
{"LAYER":"BOT","ID":"C600E","COMPONENT":"CAP .1UF ","PART_VALUE":".1UF","FINGER":"88209570581fa34d1870cd285e12f1c1"},
{"LAYER":"BOT","ID":"EC550D","COMPONENT":"Capacitor 47pF ","PART_VALUE":"47pF","FINGER":"88ea54d1c21577770cc1e3c581932861"},
{"LAYER":"TOP","ID":"R56","COMPONENT":"Resistor 2.7kΩ ","PART_VALUE":"2.7kΩ","FINGER":"890495a1eb6552094d7da414cecb09f7"},
{"LAYER":"BOT","ID":"R13","COMPONENT":"Resistor 2.7kΩ ","PART_VALUE":"2.7kΩ","FINGER":"89fb20d24478ec2e3b8b8fe0571a367a"},
{"LAYER":"BOT","ID":"R37","COMPONENT":"Resistor 2.7kΩ ","PART_VALUE":"2.7kΩ","FINGER":"8a0da02798341c26800853b3ecc79d3e"},
{"LAYER":"TOP","ID":"R44","COMPONENT":"Resistor 2.7kΩ ","PART_VALUE":"2.7kΩ","FINGER":"8a59c07a7b348b68a0b898272c715130"},
{"LAYER":"BOT","ID":"R57","COMPONENT":"Resistor 2.7kΩ ","PART_VALUE":"2.7kΩ","FINGER":"8a903af4c3609eb6f0bfa1b50b6f950e"},
{"LAYER":"TOP","ID":"R54","COMPONENT":"Resistor 2.7kΩ ","PART_VALUE":"2.7kΩ","FINGER":"8afff45e9dbb05ff35acd1fb0fbdd736"},
{"LAYER":"BOT","ID":"C765C","COMPONENT":"CAP 1000PF ","PART_VALUE":"1000PF","FINGER":"8b552c03fdf74b2a701c6a96e0d94b70"},
{"LAYER":"BOT","ID":"R106A","COMPONENT":"Resistor 1kΩ ","PART_VALUE":"1kΩ","FINGER":"8bed5ff40751892721b946fccbd9cfda"},
{"LAYER":"TOP","ID":"RP457","COMPONENT":"RPK 1K ","PART_VALUE":"1K","FINGER":"8c7640e51bf8b38e1dc52297037971ac"},
{"LAYER":"TOP","ID":"RP766","COMPONENT":"RPK 1K ","PART_VALUE":"1K","FINGER":"8cdc0091b1a0f0044fcc94b19e0982e3"},
{"LAYER":"BOT","ID":"R34","COMPONENT":"Resistor 2.7kΩ ","PART_VALUE":"2.7kΩ","FINGER":"8d5166f53a66d94ccb82b300f15f955c"},
{"LAYER":"TOP","ID":"Y180","COMPONENT":"Crystal 32768Hz ","PART_VALUE":"32768Hz","FINGER":"8dea619fd0adbd8c0f48cc70eb0f3cf7"},
{"LAYER":"TOP","ID":"R74","COMPONENT":"Resistor 2.7kΩ ","PART_VALUE":"2.7kΩ","FINGER":"8e7bf1ad766a3165146f0e116e1b7d1e"},
{"LAYER":"BOT","ID":"C775B","COMPONENT":"CAP 1000PF ","PART_VALUE":"1000PF","FINGER":"8efe9d63b130accc1a0bbfe7451349f7"},
{"LAYER":"TOP","ID":"CE164A","COMPONENT":"Electrolytic 47µF 16V ","PART_VALUE":"16V","FINGER":"8f02b85f4ca4ea956043af9344cd054e"},
{"LAYER":"BOT","ID":"C766A","COMPONENT":"CAP 1000PF ","PART_VALUE":"1000PF","FINGER":"8f106cc8f2a0d93ac4fc18b8643f15a7"},
{"LAYER":"TOP","ID":"ER580D","COMPONENT":"Resistor 47Ω ","PART_VALUE":"47Ω","FINGER":"8fc156e45a2ba35e46a4455435044908"},
{"LAYER":"TOP","ID":"U560","COMPONENT":"IC CSG ","PART_VALUE":"CSG","FINGER":"9095948cb124bf58e13f4294138f7731"},
{"LAYER":"TOP","ID":"U670","COMPONENT":"IC null ","PART_VALUE":"null","FINGER":"9101ebc7f337da9ca4b002a3eebea9ee"},
{"LAYER":"BOT","ID":"C775E","COMPONENT":"CAP 1000PF ","PART_VALUE":"1000PF","FINGER":"912fb797f21900db3052925db100ab4f"},
{"LAYER":"TOP","ID":"R602E","COMPONENT":"Resistor 1kΩ ","PART_VALUE":"1kΩ","FINGER":"9136099d12adcfdbf02f9f5d1c48818c"},
{"LAYER":"BOT","ID":"R201E","COMPONENT":"Resistor 33Ω ","PART_VALUE":"33Ω","FINGER":"914764ae206ef283521652402271ffc6"},
{"LAYER":"TOP","ID":"CE460H","COMPONENT":"Electrolytic 100µF 6.3V ","PART_VALUE":"6.3V","FINGER":"91501ada66431906bf1fad6a23951666"},
{"LAYER":"TOP","ID":"R81","COMPONENT":"Resistor 1.2kΩ ","PART_VALUE":"1.2kΩ","FINGER":"92350165a1896441178a2b5db6b2c285"},
{"LAYER":"BOT","ID":"R541D","COMPONENT":"Resistor 4.7kΩ ","PART_VALUE":"4.7kΩ","FINGER":"923733c4194766a00681bb6365fcbd7f"},
{"LAYER":"BOT","ID":"C560","COMPONENT":"Capacitor 100nF ","PART_VALUE":"100nF","FINGER":"926f1c30053358543baf30252aba871f"},
{"LAYER":"TOP","ID":"R300A","COMPONENT":"Resistor 33Ω ","PART_VALUE":"33Ω","FINGER":"927b26ecf75b766cbf6f06a860242d24"},
{"LAYER":"TOP","ID":"CE165B","COMPONENT":"Electrolytic 10µF 25V ","PART_VALUE":"25V","FINGER":"929076b7a373faaff76a136c22e033af"},
{"LAYER":"TOP","ID":"U711","COMPONENT":"IC 74F86 ","PART_VALUE":"74F86","FINGER":"92a44b2a1db36d878ce71f8badfbceb4"},
{"LAYER":"BOT","ID":"R470","COMPONENT":"Resistor 1%Ω ","PART_VALUE":"1%Ω","FINGER":"931b24913beb7b9d0ec8feeb865cabf4"},
{"LAYER":"TOP","ID":"CN763","COMPONENT":"CONN62 ","PART_VALUE":"CONN62","FINGER":"9362f0873b356779cb205f7d6dd06c30"},
{"LAYER":"TOP","ID":"CE760D","COMPONENT":"Electrolytic 22µF 16V ","PART_VALUE":"16V","FINGER":"94655ff4d415d502224cdde21048d220"},
{"LAYER":"TOP","ID":"R458F","COMPONENT":"Resistor 47Ω ","PART_VALUE":"47Ω","FINGER":"947008417bb89af80eb4a268b14f660c"},
{"LAYER":"BOT","ID":"EC580D","COMPONENT":"Capacitor 100pF ","PART_VALUE":"100pF","FINGER":"9474a63c5d4e2eec2fde31c428474554"},
{"LAYER":"TOP","ID":"S353","COMPONENT":"null ","PART_VALUE":"null","FINGER":"94af8ac347536018744ba5c5b1272b98"},
{"LAYER":"BOT","ID":"C215","COMPONENT":"Capacitor 100nF ","PART_VALUE":"100nF","FINGER":"94c4b20e8e587f2ba95852a8e96c35c3"},
{"LAYER":"BOT","ID":"R550A","COMPONENT":"Resistor 3.3kΩ ","PART_VALUE":"3.3kΩ","FINGER":"95439e7033168c707122903c2557eef1"},
{"LAYER":"BOT","ID":"R14","COMPONENT":"Resistor 2.7kΩ ","PART_VALUE":"2.7kΩ","FINGER":"9546fb73b014d58b4cdcc8c03f6bbf6a"},
{"LAYER":"BOT","ID":"R453A","COMPONENT":"Resistor 47Ω ","PART_VALUE":"47Ω","FINGER":"95be68454c3a3dca830a533dcc54f196"},
{"LAYER":"TOP","ID":"RP776","COMPONENT":"RPK 1K ","PART_VALUE":"1K","FINGER":"95dfdf678f317f515da4123fd66057ef"},
{"LAYER":"TOP","ID":"RP751C","COMPONENT":"RPK 1K ","PART_VALUE":"1K","FINGER":"962f73e8ee766f54ee79b86ccd7e70ad"},
{"LAYER":"BOT","ID":"EC565B","COMPONENT":"Capacitor 100pF ","PART_VALUE":"100pF","FINGER":"964174d208b095743c49183f177bad64"},
{"LAYER":"BOT","ID":"R200D","COMPONENT":"Resistor 47Ω ","PART_VALUE":"47Ω","FINGER":"96e2d4894a92cc8d31f9d56e012672e0"},
{"LAYER":"TOP","ID":"C175","COMPONENT":"Capacitor 220nF ","PART_VALUE":"220nF","FINGER":"97db477afbbe88b6205d9cb25c9ea21b"},
{"LAYER":"BOT","ID":"C213","COMPONENT":"Capacitor 100nF ","PART_VALUE":"100nF","FINGER":"97e165ff936dc898fd4ab2ffad86c1d0"},
{"LAYER":"BOT","ID":"C775F","COMPONENT":"CAP 1000PF ","PART_VALUE":"1000PF","FINGER":"984071a0d32cde947f3d45eeee17bb98"},
{"LAYER":"TOP","ID":"C455A","COMPONENT":"Capacitor 220nF ","PART_VALUE":"220nF","FINGER":"985095f2038b7c131edfa60a54d64b3c"},
{"LAYER":"TOP","ID":"J500","COMPONENT":"SIL3 ","PART_VALUE":"SIL3","FINGER":"9860c1974a303376c850d2102a8c5862"},
{"LAYER":"TOP","ID":"R452B","COMPONENT":"Resistor 68Ω ","PART_VALUE":"68Ω","FINGER":"99756e16abdfa35d317c8bf61dffbeb7"},
{"LAYER":"TOP","ID":"R140","COMPONENT":"Resistor 1kΩ ","PART_VALUE":"1kΩ","FINGER":"998f7bfdebf7bb73d608bb0cbb3a007b"},
{"LAYER":"TOP","ID":"R51","COMPONENT":"Resistor 2.7kΩ ","PART_VALUE":"2.7kΩ","FINGER":"99e8279bff8347db84040415c733c419"},
{"LAYER":"TOP","ID":"J104","COMPONENT":"SIL3 ","PART_VALUE":"SIL3","FINGER":"9a4e9bb5262ff7b8e687ec4e0f7fee81"},
{"LAYER":"TOP","ID":"C260B","COMPONENT":"Capacitor 220nF ","PART_VALUE":"220nF","FINGER":"9a5af7ae5a884ad58b3ac58214a3208c"},
{"LAYER":"BOT","ID":"EC570C","COMPONENT":"Capacitor 100pF ","PART_VALUE":"100pF","FINGER":"9a641413c1f3d26e34c1d41c503d29da"},
{"LAYER":"TOP","ID":"R9","COMPONENT":"Resistor 2.7kΩ ","PART_VALUE":"2.7kΩ","FINGER":"9a7be8e8ae86b5fd33f44e6c4bd2ba7b"},
{"LAYER":"BOT","ID":"EC580A","COMPONENT":"Capacitor 100pF ","PART_VALUE":"100pF","FINGER":"9add77bf1c979d419d2c878e57bfe820"},
{"LAYER":"BOT","ID":"C500C","COMPONENT":"Capacitor 47nF ","PART_VALUE":"47nF","FINGER":"9bce6e34616a3730a0d1f92544d04f99"},
{"LAYER":"TOP","ID":"R85","COMPONENT":"Resistor 1.2kΩ ","PART_VALUE":"1.2kΩ","FINGER":"9bee5844839f67ee8b2567fc54574dc4"},
{"LAYER":"TOP","ID":"RESETSW","COMPONENT":"CONNECTOR","PART_VALUE":"","FINGER":"9bf20aac47cd43578e3fa65e2ef25274"},
{"LAYER":"TOP","ID":"R456C","COMPONENT":"Resistor 100Ω ","PART_VALUE":"100Ω","FINGER":"9c5a1d229f79ba065d347c6f1c774730"},
{"LAYER":"TOP","ID":"RP767","COMPONENT":"RPK 1K ","PART_VALUE":"1K","FINGER":"9d0cdf19f697665c38b239756996dbdc"},
{"LAYER":"TOP","ID":"R42","COMPONENT":"Resistor 2.7kΩ ","PART_VALUE":"2.7kΩ","FINGER":"9d4f8e83420d528d1a27a26fc1937393"},
{"LAYER":"BOT","ID":"EC565A","COMPONENT":"Capacitor 100pF ","PART_VALUE":"100pF","FINGER":"9de7b3b0f1587c79785dbb07c22c76c9"},
{"LAYER":"BOT","ID":"C775G","COMPONENT":"CAP 1000PF ","PART_VALUE":"1000PF","FINGER":"9e0a159bc957ed62cd0eb18ee150bff5"},
{"LAYER":"TOP","ID":"ER580C","COMPONENT":"Resistor 47Ω ","PART_VALUE":"47Ω","FINGER":"9e287ddef03d536a9381997f1c81cacd"},
{"LAYER":"TOP","ID":"C705A","COMPONENT":"Capacitor 220nF ","PART_VALUE":"220nF","FINGER":"9e30d2b4a94354fe484a2bd8c0e78dda"},
{"LAYER":"BOT","ID":"EC565G","COMPONENT":"Capacitor 100pF ","PART_VALUE":"100pF","FINGER":"9e5ada552c2e0e4ab77061dc9271c4ab"},
{"LAYER":"BOT","ID":"R301H","COMPONENT":"Resistor 33Ω ","PART_VALUE":"33Ω","FINGER":"9eee333cc0ad97a013f4e20ca8a5f41d"},
{"LAYER":"BOT","ID":"C765A","COMPONENT":"CAP 1000PF ","PART_VALUE":"1000PF","FINGER":"9f30c7970dbebd280b76a5bb32e1b5db"},
{"LAYER":"TOP","ID":"ER551F","COMPONENT":"Resistor 47Ω ","PART_VALUE":"47Ω","FINGER":"9f4f3210efdf25ed5ee0964bd4f4b8c2"},
{"LAYER":"TOP","ID":"R24","COMPONENT":"Resistor 2.7kΩ ","PART_VALUE":"2.7kΩ","FINGER":"9fdcd05a449da7c4dcd65486141705b9"},
{"LAYER":"TOP","ID":"R650A","COMPONENT":"Resistor 2.7kΩ ","PART_VALUE":"2.7kΩ","FINGER":"9ff3cff35221007fe965d8b0196888f2"},
{"LAYER":"TOP","ID":"ER580A","COMPONENT":"Resistor 47Ω ","PART_VALUE":"47Ω","FINGER":"9ff4a90e2a2e07c68491cc4d35740dff"},
{"LAYER":"TOP","ID":"CE611A","COMPONENT":"Electrolytic 4.7µF 25V ","PART_VALUE":"25V","FINGER":"a0004aae3a7d9877c56526d63c3ec036"},
{"LAYER":"TOP","ID":"R300H","COMPONENT":"Resistor 33Ω ","PART_VALUE":"33Ω","FINGER":"a0407e6575aba88f6c0e930ed417d86b"},
{"LAYER":"BOT","ID":"R451G","COMPONENT":"Resistor 68Ω ","PART_VALUE":"68Ω","FINGER":"a041bee923c9838475d4ba6b0d0055aa"},
{"LAYER":"TOP","ID":"R300F","COMPONENT":"Resistor 33Ω ","PART_VALUE":"33Ω","FINGER":"a0865b2b6eb8d4780444ed1012d59caf"},
{"LAYER":"TOP","ID":"FB555C","COMPONENT":"FB ","PART_VALUE":"FB","FINGER":"a08697996f125bc379011234f13f9bf4"},
{"LAYER":"TOP","ID":"P212","COMPONENT":"PAL P16L8-10 ","PART_VALUE":"P16L8-10","FINGER":"a13d310d78e62d3b705a397848442777"},
{"LAYER":"TOP","ID":"C455B","COMPONENT":"Capacitor 220nF ","PART_VALUE":"220nF","FINGER":"a19342b895cbe9af290ef25fec97d635"},
{"LAYER":"TOP","ID":"ER551E","COMPONENT":"Resistor 47Ω ","PART_VALUE":"47Ω","FINGER":"a19da3930b5280482e061399d904e3f3"},
{"LAYER":"BOT","ID":"R457A","COMPONENT":"Resistor 100Ω ","PART_VALUE":"100Ω","FINGER":"a1a00db50b13011ac13eb2c42d6ca6c4"},
{"LAYER":"TOP","ID":"CE164C","COMPONENT":"Electrolytic 47µF 16V ","PART_VALUE":"16V","FINGER":"a1a2f66a871c390d1a52e20d2bb2d6c2"},
{"LAYER":"TOP","ID":"CN650","COMPONENT":"DIL40 ","PART_VALUE":"DIL40","FINGER":"a22d90f963b8f3ec489be94c1e67f2b0"},
{"LAYER":"BOT","ID":"C776E","COMPONENT":"CAP 1000PF ","PART_VALUE":"1000PF","FINGER":"a25d89bcfe4a7259ead821a859182ae8"},
{"LAYER":"TOP","ID":"R23","COMPONENT":"Resistor 2.7kΩ ","PART_VALUE":"2.7kΩ","FINGER":"a2cab902e00bb93e7309fcd5ea8e825a"},
{"LAYER":"TOP","ID":"R150C","COMPONENT":"Resistor 47Ω ","PART_VALUE":"47Ω","FINGER":"a439fca922982d09f13e5939297abff3"},
{"LAYER":"TOP","ID":"U525","COMPONENT":"IC null ","PART_VALUE":"null","FINGER":"a44d76c36c583dedd6f49a03f3dacfb1"},
{"LAYER":"TOP","ID":"D560","COMPONENT":"Diode 1N4001 ","PART_VALUE":"1N4001","FINGER":"a45508dbab656e6773f176376bf145fb"},
{"LAYER":"TOP","ID":"CE180D","COMPONENT":"Electrolytic 4.7µF 25V ","PART_VALUE":"25V","FINGER":"a488ae57bd2f8f0fc27dd63055f96654"},
{"LAYER":"TOP","ID":"FB565G","COMPONENT":"FB ","PART_VALUE":"FB","FINGER":"a4ef04d2fd7784659f7434e88e17e97d"},
{"LAYER":"TOP","ID":"P701","COMPONENT":"PAL P16R4-15 ","PART_VALUE":"P16R4-15","FINGER":"a51ff4903c10fafa4735bb64e643a206"},
{"LAYER":"BOT","ID":"R451E","COMPONENT":"Resistor 68Ω ","PART_VALUE":"68Ω","FINGER":"a57c0e8163368f269915f50ac0e44fff"},
{"LAYER":"BOT","ID":"C766H","COMPONENT":"CAP 1000PF ","PART_VALUE":"1000PF","FINGER":"a5ba7eb3a2e8860ca81b3f4c1b5f24a7"},
{"LAYER":"BOT","ID":"C766C","COMPONENT":"CAP 1000PF ","PART_VALUE":"1000PF","FINGER":"a5da0c003ba7b4b480033199cb1488cf"},
{"LAYER":"BOT","ID":"R708","COMPONENT":"Resistor 1kΩ ","PART_VALUE":"1kΩ","FINGER":"a685ead367db3ff63143211a636d5afb"},
{"LAYER":"BOT","ID":"R450E","COMPONENT":"Resistor 68Ω ","PART_VALUE":"68Ω","FINGER":"a6d940dcaee17a549bd5a845ac4702ce"},
{"LAYER":"BOT","ID":"R200C","COMPONENT":"Resistor 47Ω ","PART_VALUE":"47Ω","FINGER":"a6d99f414cae3c293d13773a64654826"},
{"LAYER":"BOT","ID":"R103E","COMPONENT":"Resistor 47Ω ","PART_VALUE":"47Ω","FINGER":"a75a96d1ad46a3ceb3093a8af4cd3d56"},
{"LAYER":"BOT","ID":"R451F","COMPONENT":"Resistor 68Ω ","PART_VALUE":"68Ω","FINGER":"a785247918aea2dabbb53dc8cdce4fd4"},
{"LAYER":"TOP","ID":"C707B","COMPONENT":"Capacitor 220nF ","PART_VALUE":"220nF","FINGER":"a8353d433758b8e03536fe91a3bb0fb9"},
{"LAYER":"TOP","ID":"CN600","COMPONENT":"DIL56 ","PART_VALUE":"DIL56","FINGER":"a8879d6afeb6a51616d8f1420c340336"},
{"LAYER":"BOT","ID":"R214","COMPONENT":"Resistor 33Ω ","PART_VALUE":"33Ω","FINGER":"a8aa7ced690512c915c610595e896b27"},
{"LAYER":"BOT","ID":"EC555C","COMPONENT":"Capacitor 100pF ","PART_VALUE":"100pF","FINGER":"a8c41511403579bff5a3281a55d5ab57"},
{"LAYER":"BOT","ID":"C161B","COMPONENT":"Capacitor 10nF ","PART_VALUE":"10nF","FINGER":"a9981330412accfeb13bb13cecdb97ae"},
{"LAYER":"TOP","ID":"FB710","COMPONENT":"FB ","PART_VALUE":"FB","FINGER":"ab3d0df893c6699f0584e9dc44750135"},
{"LAYER":"TOP","ID":"Y154","COMPONENT":"Oscillator 28MHz ","PART_VALUE":"28MHz","FINGER":"ab6c1e398cf9627b19ed8c3fa136e239"},
{"LAYER":"BOT","ID":"R450G","COMPONENT":"Resistor 68Ω ","PART_VALUE":"68Ω","FINGER":"ad8df90c0755fdbc58058cece6812a60"},
{"LAYER":"TOP","ID":"C707A","COMPONENT":"Capacitor 220nF ","PART_VALUE":"220nF","FINGER":"ad9bbc0fbc47e19661f393696eaf80de"},
{"LAYER":"BOT","ID":"C766B","COMPONENT":"CAP 1000PF ","PART_VALUE":"1000PF","FINGER":"ade0e85d50847b17dbef3d8f9bf49f33"},
{"LAYER":"BOT","ID":"R59","COMPONENT":"Resistor 2.7kΩ ","PART_VALUE":"2.7kΩ","FINGER":"ade4b5a6d1b1bff536235305e1796725"},
{"LAYER":"TOP","ID":"ER551B","COMPONENT":"Resistor 47Ω ","PART_VALUE":"47Ω","FINGER":"ae7f292df7373d8aec302d6bd5246fd8"},
{"LAYER":"TOP","ID":"C702","COMPONENT":"Capacitor 220nF ","PART_VALUE":"220nF","FINGER":"aea85d11bb682b123121c20b3ccd39c1"},
{"LAYER":"BOT","ID":"R457C","COMPONENT":"Resistor 100Ω ","PART_VALUE":"100Ω","FINGER":"aeb35b62e5e5cabac0493c17863173a2"},
{"LAYER":"TOP","ID":"U103","COMPONENT":"IC null ","PART_VALUE":"null","FINGER":"af0dc3c87bff420d15b3e8ccb3e0aecc"},
{"LAYER":"TOP","ID":"R67","COMPONENT":"Resistor 1kΩ ","PART_VALUE":"1kΩ","FINGER":"af160e6821315ad99c482c06c814606d"},
{"LAYER":"BOT","ID":"R451C","COMPONENT":"Resistor 68Ω ","PART_VALUE":"68Ω","FINGER":"af7117230fc997be20ca851673776a07"},
{"LAYER":"TOP","ID":"BT180","COMPONENT":"3\/60DK ","PART_VALUE":"3\/60DK","FINGER":"af822b046b026c1b4a2ad6ebdb356dce"},
{"LAYER":"BOT","ID":"R454B","COMPONENT":"Resistor 47Ω ","PART_VALUE":"47Ω","FINGER":"af82c1573c2031bc6354a3fccf7cb17b"},
{"LAYER":"BOT","ID":"R750B","COMPONENT":"Resistor 1kΩ ","PART_VALUE":"1kΩ","FINGER":"afb4c2b1ea2cb398277ac3974f19dfda"},
{"LAYER":"TOP","ID":"RP765","COMPONENT":"RPK 1K ","PART_VALUE":"1K","FINGER":"aff11e9a2b7eed629a83d572dd7888b9"},
{"LAYER":"TOP","ID":"CN520","COMPONENT":"SIL5 ","PART_VALUE":"SIL5","FINGER":"b16cb3aadb7d6bc2bf617d61214d549d"},
{"LAYER":"BOT","ID":"C154B","COMPONENT":"Capacitor 10nF ","PART_VALUE":"10nF","FINGER":"b16d5c24450cc11b72f708418612b369"},
{"LAYER":"BOT","ID":"R201G","COMPONENT":"Resistor 33Ω ","PART_VALUE":"33Ω","FINGER":"b19b5e5891e4692deaff146dca3bf53c"},
{"LAYER":"BOT","ID":"R457D","COMPONENT":"Resistor 100Ω ","PART_VALUE":"100Ω","FINGER":"b21917d384617a6099d71cc0456224f4"},
{"LAYER":"BOT","ID":"R180F","COMPONENT":"Resistor 1.2kΩ ","PART_VALUE":"1.2kΩ","FINGER":"b283113a8a1f40e90c0ae3f73109af1f"},
{"LAYER":"BOT","ID":"C460F","COMPONENT":"Capacitor 10nF ","PART_VALUE":"10nF","FINGER":"b2b580bdb6de53a3d1b8f4a59d0ad5af"},
{"LAYER":"TOP","ID":"ER580B","COMPONENT":"Resistor 47Ω ","PART_VALUE":"47Ω","FINGER":"b2bd5648accd3a398b844e32d0376c50"},
{"LAYER":"TOP","ID":"U457","COMPONENT":"IC null ","PART_VALUE":"null","FINGER":"b39c96865c9ab7cbe2c9c5fcfdb6e32e"},
{"LAYER":"TOP","ID":"CN752","COMPONENT":"CONN100 ","PART_VALUE":"CONN100","FINGER":"b3a83d9439922a075c58dfffe1e65968"},
{"LAYER":"TOP","ID":"R32","COMPONENT":"Resistor 2.7kΩ ","PART_VALUE":"2.7kΩ","FINGER":"b3cbc12ec6c340bdbf5327444433844d"},
{"LAYER":"TOP","ID":"R83","COMPONENT":"Resistor 1.2kΩ ","PART_VALUE":"1.2kΩ","FINGER":"b4bf18627870e3dd61404d07c3cc0218"},
{"LAYER":"TOP","ID":"ER551A","COMPONENT":"Resistor 47Ω ","PART_VALUE":"47Ω","FINGER":"b53981f0ce721766580e5661df351606"},
{"LAYER":"TOP","ID":"D561","COMPONENT":"Diode 1N4148 ","PART_VALUE":"1N4148","FINGER":"b54398f2811f000af43c3a544f0a530c"},
{"LAYER":"BOT","ID":"EC551E","COMPONENT":"Capacitor 47pF ","PART_VALUE":"47pF","FINGER":"b5656792a42ea653aca30eabc19c2314"},
{"LAYER":"BOT","ID":"R301A","COMPONENT":"Resistor 33Ω ","PART_VALUE":"33Ω","FINGER":"b566a825056c157cfe56e37288ceaa26"},
{"LAYER":"TOP","ID":"U300","COMPONENT":"IC CGA ","PART_VALUE":"CGA","FINGER":"b57cfcfc871c5664ff13ccd11b4fc4bc"},
{"LAYER":"TOP","ID":"C705B","COMPONENT":"Capacitor 220nF ","PART_VALUE":"220nF","FINGER":"b59ec997df8716b1c65757ed780ab85a"},
{"LAYER":"BOT","ID":"C165A","COMPONENT":"Capacitor 100nF ","PART_VALUE":"100nF","FINGER":"b5dea3643ddeb2e6fe496cba394101ee"},
{"LAYER":"BOT","ID":"C590","COMPONENT":"Capacitor 100nF ","PART_VALUE":"100nF","FINGER":"b5e0322b004f4c6c54c8906e542ddf0b"},
{"LAYER":"BOT","ID":"R453C","COMPONENT":"Resistor 47Ω ","PART_VALUE":"47Ω","FINGER":"b63e94417ea549c970d1386fe7b42a2a"},
{"LAYER":"BOT","ID":"R301D","COMPONENT":"Resistor 33Ω ","PART_VALUE":"33Ω","FINGER":"b6fb39c2148439772b86ac13ac4b3859"},
{"LAYER":"TOP","ID":"D550C","COMPONENT":"Diode 1N4001 ","PART_VALUE":"1N4001","FINGER":"b6ff85a0ddc575a212ed991bca8b4dd0"},
{"LAYER":"BOT","ID":"R453B","COMPONENT":"Resistor 47Ω ","PART_VALUE":"47Ω","FINGER":"b75371429a117c3e6d1fb30c2d7d1f5e"},
{"LAYER":"TOP","ID":"R455A","COMPONENT":"Resistor 100Ω ","PART_VALUE":"100Ω","FINGER":"b7f0b6e6485f2598628c206ed85254e1"},
{"LAYER":"TOP","ID":"P155","COMPONENT":"PAL P16L8-10 ","PART_VALUE":"P16L8-10","FINGER":"b81d939d0c7902cfe81f2a1bf5cf29db"},
{"LAYER":"BOT","ID":"C102","COMPONENT":"Capacitor 100nF ","PART_VALUE":"100nF","FINGER":"b843038484ed2727da8c40af33824f46"},
{"LAYER":"TOP","ID":"R48","COMPONENT":"Resistor 2.7kΩ ","PART_VALUE":"2.7kΩ","FINGER":"b85e9a6f0e151525ade269d460ec4da3"},
{"LAYER":"TOP","ID":"SPKR_SW","COMPONENT":"","PART_VALUE":"","FINGER":"b899a29ec511aa5c2826a759d0241713"},
{"LAYER":"BOT","ID":"R465","COMPONENT":"Resistor 1Ω ","PART_VALUE":"1Ω","FINGER":"b953213c1aa68f30cf07ddde5c9dce13"},
{"LAYER":"TOP","ID":"R711","COMPONENT":"Resistor 1kΩ ","PART_VALUE":"1kΩ","FINGER":"b96c88f413b47eb5b3ae8fdbdb17abbe"},
{"LAYER":"BOT","ID":"C776A","COMPONENT":"CAP 1000PF ","PART_VALUE":"1000PF","FINGER":"b9f9683d0c8664d3ea06a5a09a422785"},
{"LAYER":"BOT","ID":"EC580C","COMPONENT":"Capacitor 100pF ","PART_VALUE":"100pF","FINGER":"ba4c7f376f20768460a6063d49e5ea25"},
{"LAYER":"TOP","ID":"D550D","COMPONENT":"Diode 1N4001 ","PART_VALUE":"1N4001","FINGER":"ba96d38d8b431f147dd9f9d26e31c6ae"},
{"LAYER":"BOT","ID":"R38","COMPONENT":"Resistor 2.7kΩ ","PART_VALUE":"2.7kΩ","FINGER":"baed7555d390bf148dc9d2a2f3b21771"},
{"LAYER":"TOP","ID":"J700","COMPONENT":"SIL2 ","PART_VALUE":"SIL2","FINGER":"bb30842a78583faade1330a5c5c1977b"},
{"LAYER":"BOT","ID":"R456F","COMPONENT":"Resistor 100Ω ","PART_VALUE":"100Ω","FINGER":"bbc86191057c1b765975706a9773b241"},
{"LAYER":"TOP","ID":"ER551D","COMPONENT":"Resistor 47Ω ","PART_VALUE":"47Ω","FINGER":"bbd6b0ee6e142638eae6ddc6c944f881"},
{"LAYER":"BOT","ID":"EC551A","COMPONENT":"Capacitor 47pF ","PART_VALUE":"47pF","FINGER":"bc8cf87e1decd26b93eae81bb0ec60e4"},
{"LAYER":"BOT","ID":"ER550A","COMPONENT":"Resistor 47Ω ","PART_VALUE":"47Ω","FINGER":"bdfcf700c92931521eb8f973cbe0e5ad"},
{"LAYER":"TOP","ID":"R709","COMPONENT":"Resistor 1kΩ ","PART_VALUE":"1kΩ","FINGER":"be648eac0e2104a176b9f1579bd9665a"},
{"LAYER":"TOP","ID":"FB555A","COMPONENT":"FB ","PART_VALUE":"FB","FINGER":"bed005a20a5f5a14db7cf8b4c366208e"},
{"LAYER":"TOP","ID":"J100","COMPONENT":"SIL3 ","PART_VALUE":"SIL3","FINGER":"bf5e45a0fba2123a2ac2a0e6d2d117ac"},
{"LAYER":"BOT","ID":"R40","COMPONENT":"Resistor 2.7kΩ ","PART_VALUE":"2.7kΩ","FINGER":"bfa6de644e5db718457266af22add508"},
{"LAYER":"TOP","ID":"CE460G","COMPONENT":"Electrolytic 10µF 25V ","PART_VALUE":"25V","FINGER":"bfb9a72b3f797bd0062940284cd8e127"},
{"LAYER":"TOP","ID":"U180","COMPONENT":"IC IC ","PART_VALUE":"IC","FINGER":"c05bb86a22ab05d1d4ace565a7f5ef88"},
{"LAYER":"BOT","ID":"C767D","COMPONENT":"CAP 1000PF ","PART_VALUE":"1000PF","FINGER":"c0bd504d94526144c9eb6e772e5f1392"},
{"LAYER":"BOT","ID":"R104","COMPONENT":"Resistor 47Ω ","PART_VALUE":"47Ω","FINGER":"c0f1f4d35cda9c84674a0e2b62f9ca4f"},
{"LAYER":"TOP","ID":"R602D","COMPONENT":"Resistor 1kΩ ","PART_VALUE":"1kΩ","FINGER":"c15cd13f5cd1f7263e59ebd6dbe6c87f"},
{"LAYER":"TOP","ID":"ER550E","COMPONENT":"Resistor 47Ω ","PART_VALUE":"47Ω","FINGER":"c1a72d52e7076cf3b47f4511a0ea1eca"},
{"LAYER":"BOT","ID":"R103H","COMPONENT":"Resistor 47Ω ","PART_VALUE":"47Ω","FINGER":"c1a954071ec912f4d29da015df65c304"},
{"LAYER":"BOT","ID":"C500D","COMPONENT":"Capacitor 47nF ","PART_VALUE":"47nF","FINGER":"c2080a325257cae5ab1de4007aed360d"},
{"LAYER":"BOT","ID":"C156","COMPONENT":"Capacitor 100nF ","PART_VALUE":"100nF","FINGER":"c2154ecb9e456c5bf85f76822f57fa38"},
{"LAYER":"TOP","ID":"R459D","COMPONENT":"Resistor 1kΩ ","PART_VALUE":"1kΩ","FINGER":"c473852f454270638dcbf3c4c70079d4"},
{"LAYER":"TOP","ID":"Q650","COMPONENT":"NPN 2N3904 ","PART_VALUE":"2N3904","FINGER":"c53398986b879dbe01afab62fab5ed6f"},
{"LAYER":"BOT","ID":"C766I","COMPONENT":"CAP 1000PF ","PART_VALUE":"1000PF","FINGER":"c5b063d2ea9107d51687dd875adf7902"},
{"LAYER":"TOP","ID":"R455D","COMPONENT":"Resistor 100Ω ","PART_VALUE":"100Ω","FINGER":"c5baca7067bee2c463106a1b7f329730"},
{"LAYER":"BOT","ID":"C776H","COMPONENT":"CAP 1000PF ","PART_VALUE":"1000PF","FINGER":"c5d7f7ee5cfc1ca55f6a9002aed5380e"},
{"LAYER":"BOT","ID":"C459B","COMPONENT":"Capacitor 100nF ","PART_VALUE":"100nF","FINGER":"c5dbeab1308f61007a092f2a46a5a953"},
{"LAYER":"BOT","ID":"EC550F","COMPONENT":"Capacitor 47pF ","PART_VALUE":"47pF","FINGER":"c6426b965d6f80ff4699edac4ae86edd"},
{"LAYER":"BOT","ID":"C460E","COMPONENT":"Capacitor 10nF ","PART_VALUE":"10nF","FINGER":"c6e3e81a14eafd5f50705ee7b20eb07f"},
{"LAYER":"BOT","ID":"R300E","COMPONENT":"Resistor 33Ω ","PART_VALUE":"33Ω","FINGER":"c722f304b8e22cd71f86c1fab3667fe9"},
{"LAYER":"BOT","ID":"R456B","COMPONENT":"Resistor 100Ω ","PART_VALUE":"100Ω","FINGER":"c74dc66965737235eeedfc0668863be5"},
{"LAYER":"BOT","ID":"C501B","COMPONENT":"Capacitor 100nF ","PART_VALUE":"100nF","FINGER":"c76e64e15499bf8d7ab77cb01cd7de8b"},
{"LAYER":"BOT","ID":"R456E","COMPONENT":"Resistor 100Ω ","PART_VALUE":"100Ω","FINGER":"c7b0277d59c5541c81084c8256df18cc"},
{"LAYER":"BOT","ID":"EC550B","COMPONENT":"Capacitor 47pF ","PART_VALUE":"47pF","FINGER":"c7f3f9b6510e4600f7cfaa4523cfc034"},
{"LAYER":"TOP","ID":"S351","COMPONENT":"SOCKET X32SIMM ","PART_VALUE":"X32SIMM","FINGER":"c81c8da28b5c86eee4f8cb6e80c16225"},
{"LAYER":"BOT","ID":"C765G","COMPONENT":"CAP 1000PF ","PART_VALUE":"1000PF","FINGER":"c8e161a3f0ddab68f7b41ed1e1bc2b4e"},
{"LAYER":"TOP","ID":"FB555B","COMPONENT":"FB ","PART_VALUE":"FB","FINGER":"c9032d5c57835e0b4c16301ff621ed2a"},
{"LAYER":"TOP","ID":"U460","COMPONENT":"IC IC ","PART_VALUE":"IC","FINGER":"c90e0fe3663d1ef573c4fa9eea35a72b"},
{"LAYER":"BOT","ID":"R68","COMPONENT":"Resistor 1kΩ ","PART_VALUE":"1kΩ","FINGER":"c9a5e8ad1b8811bd8b909a31f5a653aa"},
{"LAYER":"TOP","ID":"R4","COMPONENT":"Resistor 2.7kΩ ","PART_VALUE":"2.7kΩ","FINGER":"c9d4d631e2a20d3cfa3a394973457368"},
{"LAYER":"BOT","ID":"R450D","COMPONENT":"Resistor 68Ω ","PART_VALUE":"68Ω","FINGER":"c9d9186fb242a4349735746e1a40b21b"},
{"LAYER":"TOP","ID":"CN450","COMPONENT":"DIL40 ","PART_VALUE":"DIL40","FINGER":"ca063984256a71a8897ed3622fa8caaa"},
{"LAYER":"BOT","ID":"ER510","COMPONENT":"Resistor 47Ω ","PART_VALUE":"47Ω","FINGER":"caa224638f054f14d79f08de791718bc"},
{"LAYER":"BOT","ID":"R141B","COMPONENT":"Resistor 470Ω ","PART_VALUE":"470Ω","FINGER":"cac287b3882bc1a53acbaf0068407eef"},
{"LAYER":"TOP","ID":"R47","COMPONENT":"Resistor 2.7kΩ ","PART_VALUE":"2.7kΩ","FINGER":"cb7037937246f50622ec727a0f65d5d9"},
{"LAYER":"TOP","ID":"R29","COMPONENT":"Resistor 2.7kΩ ","PART_VALUE":"2.7kΩ","FINGER":"cb871923105800fec682b926a4c22147"},
{"LAYER":"BOT","ID":"C457A","COMPONENT":"Capacitor 220nF ","PART_VALUE":"220nF","FINGER":"cbee5635cabe78d4e96cf14f34089591"},
{"LAYER":"BOT","ID":"R201B","COMPONENT":"Resistor 33Ω ","PART_VALUE":"33Ω","FINGER":"cc0fa6242a9ad08893bd28b727b2b997"},
{"LAYER":"BOT","ID":"R82","COMPONENT":"Resistor 1.2kΩ ","PART_VALUE":"1.2kΩ","FINGER":"cc48c3d7ba948d297fc90b2b04b0f598"},
{"LAYER":"TOP","ID":"R158A","COMPONENT":"Resistor 10kΩ ","PART_VALUE":"10kΩ","FINGER":"cc5079b5b574a60e2ffc63c5a17cd6ad"},
{"LAYER":"BOT","ID":"R16","COMPONENT":"Resistor 2.7kΩ ","PART_VALUE":"2.7kΩ","FINGER":"cd012ebeec1220fdc3ecd6b574cc6f21"},
{"LAYER":"TOP","ID":"RP456","COMPONENT":"RPK 1K ","PART_VALUE":"1K","FINGER":"cd36461988803a5df87176f34097084e"},
{"LAYER":"TOP","ID":"R455E","COMPONENT":"Resistor 100Ω ","PART_VALUE":"100Ω","FINGER":"cd3ac378aeae895d0c1f74ee8a713a86"},
{"LAYER":"BOT","ID":"R212D","COMPONENT":"Resistor 33Ω ","PART_VALUE":"33Ω","FINGER":"cdb75dc3c6a8d84ef6e5588ccd6e9bcd"},
{"LAYER":"BOT","ID":"R60","COMPONENT":"Resistor 2.7kΩ ","PART_VALUE":"2.7kΩ","FINGER":"cde97c6a8fa609df89028411c712157c"},
{"LAYER":"TOP","ID":"R2","COMPONENT":"Resistor 2.7kΩ ","PART_VALUE":"2.7kΩ","FINGER":"ce2a01c4dd9b005cd91f16a603bccac2"},
{"LAYER":"TOP","ID":"R155A","COMPONENT":"Resistor 47Ω ","PART_VALUE":"47Ω","FINGER":"ce2afff45443eda11c375ca22121edb7"},
{"LAYER":"BOT","ID":"C600F","COMPONENT":"CAP .01UF ","PART_VALUE":".01UF","FINGER":"ce9cb34bf161ad98b25a3308a51ae618"},
{"LAYER":"BOT","ID":"R457F","COMPONENT":"Resistor 100Ω ","PART_VALUE":"100Ω","FINGER":"cf16cf7bcfb63d49b9216f32a4893dd2"},
{"LAYER":"TOP","ID":"C260A","COMPONENT":"Capacitor 220nF ","PART_VALUE":"220nF","FINGER":"cfb06e95a0f66ff2a5c4f820baa04d10"},
{"LAYER":"TOP","ID":"CE610A","COMPONENT":"Electrolytic 4.7µF 25V ","PART_VALUE":"25V","FINGER":"d06aa54b689517d4f1effeae08a21c62"},
{"LAYER":"TOP","ID":"R455H","COMPONENT":"Resistor 100Ω ","PART_VALUE":"100Ω","FINGER":"d09c1d08c09b6fc86bd0102283a46ede"},
{"LAYER":"TOP","ID":"R452G","COMPONENT":"Resistor 68Ω ","PART_VALUE":"68Ω","FINGER":"d17e60a7fdf2cad7379f4b3d199988ae"},
{"LAYER":"BOT","ID":"R88","COMPONENT":"Resistor 1.2kΩ ","PART_VALUE":"1.2kΩ","FINGER":"d1b104bd5a9e101b1c3b8b8acbc52367"},
{"LAYER":"TOP","ID":"ER561","COMPONENT":"Resistor 47Ω ","PART_VALUE":"47Ω","FINGER":"d25bb730714bea72b402ba71babbe54a"},
{"LAYER":"BOT","ID":"R72","COMPONENT":"Resistor 1kΩ ","PART_VALUE":"1kΩ","FINGER":"d458cc2d8420f836733fea543c1367b5"},
{"LAYER":"TOP","ID":"P652","COMPONENT":"PAL P22V10-15 ","PART_VALUE":"P22V10-15","FINGER":"d50a2e79221ee5e181f076401a9a000b"},
{"LAYER":"TOP","ID":"CE164E","COMPONENT":"Electrolytic 47µF 16V ","PART_VALUE":"16V","FINGER":"d69635b04beac85ed1f938186b84b050"},
{"LAYER":"TOP","ID":"R181","COMPONENT":"Resistor 1kΩ ","PART_VALUE":"1kΩ","FINGER":"d6afb7765d89be58371e2c72bdac05ca"},
{"LAYER":"BOT","ID":"R215B","COMPONENT":"Resistor 47Ω ","PART_VALUE":"47Ω","FINGER":"d6e79eca7d0e6bb81a57e8c16acc3558"},
{"LAYER":"TOP","ID":"R452C","COMPONENT":"Resistor 68Ω ","PART_VALUE":"68Ω","FINGER":"d7a731daae5bf6d152279a83c1d698ff"},
{"LAYER":"BOT","ID":"R200G","COMPONENT":"Resistor 33Ω ","PART_VALUE":"33Ω","FINGER":"d8279266a63f79ae928bdd763e655757"},
{"LAYER":"TOP","ID":"R452A","COMPONENT":"Resistor 68Ω ","PART_VALUE":"68Ω","FINGER":"d8e8cd53204acb97a79705591f65732d"},
{"LAYER":"BOT","ID":"R454A","COMPONENT":"Resistor 4.7kΩ ","PART_VALUE":"4.7kΩ","FINGER":"d96b546cd13e8927ace18c24a5c11f28"},
{"LAYER":"TOP","ID":"RP752A","COMPONENT":"RPK 330\/470 ","PART_VALUE":"330\/470","FINGER":"d9a6f58ad20769a0956c789ea1e610c3"},
{"LAYER":"TOP","ID":"S354","COMPONENT":"SOCKET X32SIMM ","PART_VALUE":"X32SIMM","FINGER":"da5cf2fcc5e6ea235590feabcd035e0b"},
{"LAYER":"BOT","ID":"R304","COMPONENT":"Resistor 33Ω ","PART_VALUE":"33Ω","FINGER":"dafdd180d6c5fef8c907ac55c84a583e"},
{"LAYER":"BOT","ID":"R550D","COMPONENT":"Resistor 10kΩ ","PART_VALUE":"10kΩ","FINGER":"db4a39bacac6dc7241a4d77131ac1edc"},
{"LAYER":"TOP","ID":"R45","COMPONENT":"Resistor 2.7kΩ ","PART_VALUE":"2.7kΩ","FINGER":"db8bae26697ab2dc438c6713c93da176"},
{"LAYER":"BOT","ID":"R106C","COMPONENT":"Resistor 1kΩ ","PART_VALUE":"1kΩ","FINGER":"dc1e217d4ebca0c85dcc8e11c8d96dcd"},
{"LAYER":"BOT","ID":"EC510A","COMPONENT":"Capacitor 100pF ","PART_VALUE":"100pF","FINGER":"dc81cc35f024638e38c6309d5ab1b847"},
{"LAYER":"BOT","ID":"C600G","COMPONENT":"CAP .1UF ","PART_VALUE":".1UF","FINGER":"dcc9f11d2b8745b69e343a1f44dd5e26"},
{"LAYER":"TOP","ID":"CN510","COMPONENT":"DIN5 ","PART_VALUE":"DIN5","FINGER":"dcfdb727579a403274790c97dd6a7804"},
{"LAYER":"TOP","ID":"FB556","COMPONENT":"FB ","PART_VALUE":"FB","FINGER":"dd5d813288161328ca067d1bb0fea366"},
{"LAYER":"BOT","ID":"R525D","COMPONENT":"Resistor 220Ω ","PART_VALUE":"220Ω","FINGER":"de1014bb5415df6077104e81af471979"},
{"LAYER":"BOT","ID":"ER550B","COMPONENT":"Resistor 47Ω ","PART_VALUE":"47Ω","FINGER":"de8c17cba28a054d75c5b993f8e05dbf"},
{"LAYER":"TOP","ID":"R701","COMPONENT":"Resistor 47Ω ","PART_VALUE":"47Ω","FINGER":"ded6d12b642fe86883e0a0b76001c333"},
{"LAYER":"TOP","ID":"C701","COMPONENT":"Capacitor 220nF ","PART_VALUE":"220nF","FINGER":"df9d0c8bae3d0dd1e33b1fc4394aa056"},
{"LAYER":"TOP","ID":"CE755","COMPONENT":"Electrolytic 100µF 6.3V ","PART_VALUE":"6.3V","FINGER":"dfc845cd1665dc01629c5e01b4372c95"},
{"LAYER":"BOT","ID":"R215A","COMPONENT":"Resistor 47Ω ","PART_VALUE":"47Ω","FINGER":"dfd48ab48e10f3f6e4a2794ec3bbcc22"},
{"LAYER":"TOP","ID":"CN774","COMPONENT":"CONN36 ","PART_VALUE":"CONN36","FINGER":"dfd5813bbd063f21ae1b91a9552011d4"},
{"LAYER":"TOP","ID":"CE510","COMPONENT":"Electrolytic 100µF 6.3V ","PART_VALUE":"6.3V","FINGER":"e02ffa17c565c7a631f57ee40f5f8ac1"},
{"LAYER":"TOP","ID":"D161","COMPONENT":"Diode 1N4001 ","PART_VALUE":"1N4001","FINGER":"e04c7ad2068212e9792c8afaf4247edb"},
{"LAYER":"TOP","ID":"FB500","COMPONENT":"FB ","PART_VALUE":"FB","FINGER":"e0ca091573da11f6acb9aef4e9882739"},
{"LAYER":"BOT","ID":"R450A","COMPONENT":"Resistor 68Ω ","PART_VALUE":"68Ω","FINGER":"e0fa4a302a02c6bd625b073b51694559"},
{"LAYER":"TOP","ID":"R602F","COMPONENT":"Resistor 1kΩ ","PART_VALUE":"1kΩ","FINGER":"e15223eed1843c55205dcc98f31e6409"},
{"LAYER":"BOT","ID":"R590","COMPONENT":"Resistor 1kΩ ","PART_VALUE":"1kΩ","FINGER":"e238596d66011da77d7905c074fea379"},
{"LAYER":"TOP","ID":"R21","COMPONENT":"Resistor 2.7kΩ ","PART_VALUE":"2.7kΩ","FINGER":"e31caa3ffbc84f903293616a263c6f41"},
{"LAYER":"BOT","ID":"C750","COMPONENT":"Capacitor 100nF ","PART_VALUE":"100nF","FINGER":"e3880050362af3fc82e9ebeef7a39869"},
{"LAYER":"BOT","ID":"R525A","COMPONENT":"Resistor 120Ω ","PART_VALUE":"120Ω","FINGER":"e42ede16474fdfd248849844b89eb69a"},
{"LAYER":"TOP","ID":"U102","COMPONENT":"IC null ","PART_VALUE":"null","FINGER":"e477ab09dd1f11c5b172eaa104b37a1f"},
{"LAYER":"TOP","ID":"CN560","COMPONENT":"DIL40 ","PART_VALUE":"DIL40","FINGER":"e47b9e7318e328ee4a8733df74a61f1d"},
{"LAYER":"BOT","ID":"C765B","COMPONENT":"CAP 1000PF ","PART_VALUE":"1000PF","FINGER":"e4c6b6d67cd5ec6f37723f5802226ddb"},
{"LAYER":"BOT","ID":"R800B","COMPONENT":"Resistor 470Ω ","PART_VALUE":"470Ω","FINGER":"e535db2c67b28283893dd7e49e32c2b3"},
{"LAYER":"BOT","ID":"R165A","COMPONENT":"Resistor 10kΩ ","PART_VALUE":"10kΩ","FINGER":"e5dd7e2ed701d0f82176a6bee305afc6"},
{"LAYER":"BOT","ID":"C765E","COMPONENT":"CAP 1000PF ","PART_VALUE":"1000PF","FINGER":"e7286d0a166527ba29d1b19c786e4e9f"},
{"LAYER":"BOT","ID":"C611B","COMPONENT":"Capacitor 100nF ","PART_VALUE":"100nF","FINGER":"e75b0023aa18cb748c64901771dcd5b5"},
{"LAYER":"TOP","ID":"C176","COMPONENT":"Capacitor 220nF ","PART_VALUE":"220nF","FINGER":"e7e9b476716bab65de24a3bb6e8b39b1"},
{"LAYER":"BOT","ID":"C600I","COMPONENT":"CAP .1UF ","PART_VALUE":".1UF","FINGER":"e808d0a9cb8e82e3488ed7ca1ae0485f"},
{"LAYER":"TOP","ID":"U610","COMPONENT":"IC IC ","PART_VALUE":"IC","FINGER":"e89d24cb5999bb46191164b85d62b9bb"},
{"LAYER":"BOT","ID":"R15","COMPONENT":"Resistor 2.7kΩ ","PART_VALUE":"2.7kΩ","FINGER":"e902af251c00c9f2a51ae197c11644de"},
{"LAYER":"TOP","ID":"D180B","COMPONENT":"Diode 1N4148 ","PART_VALUE":"1N4148","FINGER":"e96108298c6195647b84ba2730ac94dc"},
{"LAYER":"TOP","ID":"CE751","COMPONENT":"Electrolytic 100µF 6.3V ","PART_VALUE":"6.3V","FINGER":"e9750e4c3d65f448a0ec4033721f8380"},
{"LAYER":"TOP","ID":"R459B","COMPONENT":"Resistor 47Ω ","PART_VALUE":"47Ω","FINGER":"e9835c6194972cc410176f7472aec2a9"},
{"LAYER":"TOP","ID":"R150D","COMPONENT":"Resistor 47Ω ","PART_VALUE":"47Ω","FINGER":"ea2d06a6b39f2fd232804119183a6c66"},
{"LAYER":"TOP","ID":"U470","COMPONENT":"IC IC ","PART_VALUE":"IC","FINGER":"eab6656770a89dd19927d9b750404cb9"},
{"LAYER":"BOT","ID":"R466","COMPONENT":"Resistor 1kΩ ","PART_VALUE":"1kΩ","FINGER":"ebba80c021fe841d52a21cb301ff173e"},
{"LAYER":"TOP","ID":"R452E","COMPONENT":"Resistor 68Ω ","PART_VALUE":"68Ω","FINGER":"ebdc6c09e8de411a5cd48c37d3087e12"},
{"LAYER":"BOT","ID":"EC565D","COMPONENT":"Capacitor 100pF ","PART_VALUE":"100pF","FINGER":"ec102884c9c86e61f65132b3295648b2"},
{"LAYER":"TOP","ID":"C760C","COMPONENT":"Capacitor 220nF ","PART_VALUE":"220nF","FINGER":"ec7e7b789e561f7f11bb640b202adbe7"},
{"LAYER":"BOT","ID":"R103C","COMPONENT":"Resistor 47Ω ","PART_VALUE":"47Ω","FINGER":"eca8a355ab07426a441d4fe5d2f35b74"},
{"LAYER":"TOP","ID":"C660B","COMPONENT":"Capacitor 220nF ","PART_VALUE":"220nF","FINGER":"ece0e14f16ed271921d1aa9182c67b9f"},
{"LAYER":"TOP","ID":"CE752","COMPONENT":"Electrolytic 100µF 6.3V ","PART_VALUE":"6.3V","FINGER":"ed489d625bed12c5fe737a7a280c9efc"},
{"LAYER":"BOT","ID":"C602","COMPONENT":"Capacitor 100nF ","PART_VALUE":"100nF","FINGER":"ed4a702a75b2e0be7d53c319c6da6136"},
{"LAYER":"TOP","ID":"R541H","COMPONENT":"Resistor 4.7kΩ ","PART_VALUE":"4.7kΩ","FINGER":"ed8e09fa30f1c34ff975ffa39aadf62d"},
{"LAYER":"BOT","ID":"R11","COMPONENT":"Resistor 2.7kΩ ","PART_VALUE":"2.7kΩ","FINGER":"eda4c7839cff427a109f681b51737baf"},
{"LAYER":"TOP","ID":"R155B","COMPONENT":"Resistor 47Ω ","PART_VALUE":"47Ω","FINGER":"eddb9cdb49eeee23d0a59515180f2262"},
{"LAYER":"BOT","ID":"C180A","COMPONENT":"Capacitor 56pF ","PART_VALUE":"56pF","FINGER":"edf022987f143b614a7101ac5f893ae0"},
{"LAYER":"BOT","ID":"R154","COMPONENT":"Resistor 47Ω ","PART_VALUE":"47Ω","FINGER":"ee279562c988dfc26d681c02b6c4afb1"},
{"LAYER":"TOP","ID":"C706B","COMPONENT":"Capacitor 220nF ","PART_VALUE":"220nF","FINGER":"ee3e1500ce638eee0398d9bbc4467027"},
{"LAYER":"TOP","ID":"R8","COMPONENT":"Resistor 2.7kΩ ","PART_VALUE":"2.7kΩ","FINGER":"ee73d45633b9ba13245068445ef660e5"},
{"LAYER":"TOP","ID":"R49","COMPONENT":"Resistor 2.7kΩ ","PART_VALUE":"2.7kΩ","FINGER":"f015ac2ab3150b073aa174cbb081dfc6"},
{"LAYER":"BOT","ID":"R458D","COMPONENT":"Resistor 47Ω ","PART_VALUE":"47Ω","FINGER":"f07ca20ff20b8d48bba518ff79a48016"},
{"LAYER":"TOP","ID":"R215C","COMPONENT":"Resistor 47Ω ","PART_VALUE":"47Ω","FINGER":"f093a8b89353a475183c00574d3ecc3e"},
{"LAYER":"BOT","ID":"C103B","COMPONENT":"Capacitor 100nF ","PART_VALUE":"100nF","FINGER":"f0b3839f2db47cb3a3af815c0b2f079c"},
{"LAYER":"TOP","ID":"R702","COMPONENT":"Resistor 47Ω ","PART_VALUE":"47Ω","FINGER":"f103acef6fc79a05a019646b7402ace9"},
{"LAYER":"TOP","ID":"R26","COMPONENT":"Resistor 2.7kΩ ","PART_VALUE":"2.7kΩ","FINGER":"f1150695a4c22b14bc2d67475373aa7d"},
{"LAYER":"TOP","ID":"U260","COMPONENT":"IC IC ","PART_VALUE":"IC","FINGER":"f19afe5f99a5ef51db3202ecf8f3a1ee"},
{"LAYER":"TOP","ID":"R704","COMPONENT":"Resistor 47Ω ","PART_VALUE":"47Ω","FINGER":"f1a4d34c4642705947abd173be670e47"},
{"LAYER":"BOT","ID":"R103F","COMPONENT":"Resistor 47Ω ","PART_VALUE":"47Ω","FINGER":"f1e5195559946e428d0c1e4f08d7919e"},
{"LAYER":"BOT","ID":"R450B","COMPONENT":"Resistor 68Ω ","PART_VALUE":"68Ω","FINGER":"f2518cfdcec8b817a03f84f35aa904ed"},
{"LAYER":"BOT","ID":"C550","COMPONENT":"Capacitor 100nF ","PART_VALUE":"100nF","FINGER":"f2eb734a3f375f47e01084775c5e3e4b"},
{"LAYER":"BOT","ID":"R450C","COMPONENT":"Resistor 68Ω ","PART_VALUE":"68Ω","FINGER":"f2fdf5b1f05a67a54e4d958c51767a88"},
{"LAYER":"BOT","ID":"C652","COMPONENT":"Capacitor 100nF ","PART_VALUE":"100nF","FINGER":"f33613212c2f040cd28ff465c21757cf"},
{"LAYER":"TOP","ID":"CE760A","COMPONENT":"Electrolytic 22µF 16V ","PART_VALUE":"16V","FINGER":"f35b68672c3e2bfd306316ca64fadc32"},
{"LAYER":"BOT","ID":"C775A","COMPONENT":"CAP 1000PF ","PART_VALUE":"1000PF","FINGER":"f401d8d9b45d0f12eb7747307387bd4c"},
{"LAYER":"BOT","ID":"C580","COMPONENT":"Capacitor 100nF ","PART_VALUE":"100nF","FINGER":"f45b0ad243d108723b2090be948e3e3f"},
{"LAYER":"BOT","ID":"C200A","COMPONENT":"Capacitor 100nF ","PART_VALUE":"100nF","FINGER":"f4c52ef018686526b3876511864c8115"},
{"LAYER":"TOP","ID":"D180A","COMPONENT":"Diode 1N4148 ","PART_VALUE":"1N4148","FINGER":"f4e2f5fb5fd42f2bbd0a412138924164"},
{"LAYER":"TOP","ID":"R20","COMPONENT":"Resistor 2.7kΩ ","PART_VALUE":"2.7kΩ","FINGER":"f4ec7e87594c9f4622c1d5f4b0a52e1a"},
{"LAYER":"BOT","ID":"EC550A","COMPONENT":"Capacitor 47pF ","PART_VALUE":"47pF","FINGER":"f5e70a0e97fab168d8a1a1ee061ce92f"},
{"LAYER":"TOP","ID":"U263","COMPONENT":"IC null ","PART_VALUE":"null","FINGER":"f61d0fdb09d5158a8755375a77c3541c"},
{"LAYER":"BOT","ID":"C776G","COMPONENT":"CAP 1000PF ","PART_VALUE":"1000PF","FINGER":"f66b0c570051c59fb30ab72feff9ded2"},
{"LAYER":"BOT","ID":"R103B","COMPONENT":"Resistor 33Ω ","PART_VALUE":"33Ω","FINGER":"f6a40fc61b3774b7910926fedf51e4b0"},
{"LAYER":"BOT","ID":"C180C","COMPONENT":"Capacitor 100nF ","PART_VALUE":"100nF","FINGER":"f6b81f68c09f8ab88154af651c33e8f7"},
{"LAYER":"BOT","ID":"R63","COMPONENT":"Resistor 2.7kΩ ","PART_VALUE":"2.7kΩ","FINGER":"f6e06659e001f9d0907b5a831f2e5e4e"},
{"LAYER":"TOP","ID":"U175B","COMPONENT":"IC IC ","PART_VALUE":"IC","FINGER":"f6f39ee5f833427a58395a56d9201907"},
{"LAYER":"TOP","ID":"R152","COMPONENT":"Resistor 3.3kΩ ","PART_VALUE":"3.3kΩ","FINGER":"f7580ee7c05f68d17644676330f4acf4"},
{"LAYER":"TOP","ID":"D162","COMPONENT":"Diode 1N4001 ","PART_VALUE":"1N4001","FINGER":"f7e5ff7c5862af7cc7dc8fc7aeedee81"},
{"LAYER":"BOT","ID":"R106D","COMPONENT":"Resistor 1kΩ ","PART_VALUE":"1kΩ","FINGER":"f81121bf70497830f71d07e5a1bd5e6d"},
{"LAYER":"TOP","ID":"ER551C","COMPONENT":"Resistor 47Ω ","PART_VALUE":"47Ω","FINGER":"f85a767623970ffc2f373e390a1e4f6d"},
{"LAYER":"TOP","ID":"U750","COMPONENT":"IC null ","PART_VALUE":"null","FINGER":"f88824b9ac7894ad5aaa3f73ce3c1685"},
{"LAYER":"BOT","ID":"R141A","COMPONENT":"Resistor 470Ω ","PART_VALUE":"470Ω","FINGER":"f8aa6f42bf185f1f6b06a629d1c92ca8"},
{"LAYER":"BOT","ID":"R521C","COMPONENT":"Resistor 10kΩ ","PART_VALUE":"10kΩ","FINGER":"f8cb2b5a93c8dd4cc2fe7d129ffa2c97"},
{"LAYER":"TOP","ID":"U459","COMPONENT":"IC 74F74 ","PART_VALUE":"74F74","FINGER":"f8d5c629e87a4fab8f1b92bd07cfc67a"},
{"LAYER":"TOP","ID":"R712","COMPONENT":"Resistor 1kΩ ","PART_VALUE":"1kΩ","FINGER":"f97dbbd6952a718140df4fa9de8d9d1c"},
{"LAYER":"BOT","ID":"EC565C","COMPONENT":"Capacitor 100pF ","PART_VALUE":"100pF","FINGER":"fb0ebd2706eaa1350d84be429de8631d"},
{"LAYER":"BOT","ID":"R35","COMPONENT":"Resistor 2.7kΩ ","PART_VALUE":"2.7kΩ","FINGER":"fc3079df139e857d3f797339bf2761a0"},
{"LAYER":"TOP","ID":"U250","COMPONENT":"IC BRIDGETTE ","PART_VALUE":"BRIDGETTE","FINGER":"fc3d1448dc634d121e6cea32c9636e4a"},
{"LAYER":"BOT","ID":"R456H","COMPONENT":"Resistor 100Ω ","PART_VALUE":"100Ω","FINGER":"fc723c95b3309bda3b555764c0671ee0"},
{"LAYER":"BOT","ID":"R201F","COMPONENT":"Resistor 33Ω ","PART_VALUE":"33Ω","FINGER":"fcca36309b0aeb98a83667302d111d0f"},
{"LAYER":"BOT","ID":"R751","COMPONENT":"Resistor 1kΩ ","PART_VALUE":"1kΩ","FINGER":"fd0b1e74e3756521837993394bf6c9ed"},
{"LAYER":"BOT","ID":"C459C","COMPONENT":"Capacitor 100nF ","PART_VALUE":"100nF","FINGER":"fd530d8856eca1233fc760e31fa1c036"},
{"LAYER":"TOP","ID":"U660","COMPONENT":"IC 74FCT16245 ","PART_VALUE":"74FCT16245","FINGER":"fd66c21bfa94b2655a33a0796583d331"},
{"LAYER":"BOT","ID":"R201A","COMPONENT":"Resistor 33Ω ","PART_VALUE":"33Ω","FINGER":"fec26f313acd3e6bb9555429e29caed7"},
{"LAYER":"BOT","ID":"R79","COMPONENT":"Resistor 1.2kΩ ","PART_VALUE":"1.2kΩ","FINGER":"ff219cdba04352ec8eac2de1fc309008"},
{"LAYER":"TOP","ID":"D180C","COMPONENT":"Diode 1N4148 ","PART_VALUE":"1N4148","FINGER":"ff764350b7226a69cc793c404ee064f3"},
{"LAYER":"TOP","ID":"CE162A","COMPONENT":"Electrolytic 47µF 16V ","PART_VALUE":"16V","FINGER":"ff9d7c706e3330d2c831f11f348e4c52"}
]
