[
{"LAYER":"TOP","ID":"R459","COMPONENT":"Resistor 47Ω ","PART_VALUE":"47Ω","FINGER":"6100328dfafeeba8a9a99c986d490c03"},
{"LAYER":"TOP","ID":"R443","COMPONENT":"Resistor 1kΩ ","PART_VALUE":"1kΩ","FINGER":"eb38e6e92fec6e6b44cd043a04a84afa"},
{"LAYER":"TOP","ID":"EC303","COMPONENT":"Capacitor 100pF ","PART_VALUE":"100pF","FINGER":"df89bd251a3597cdd93efe3707643c7e"},
{"LAYER":"TOP","ID":"R306","COMPONENT":"Resistor 10kΩ ","PART_VALUE":"10kΩ","FINGER":"293f7ebed18d84ebad034654cda57920"},
{"LAYER":"BOT","ID":"R502","COMPONENT":"Resistor 47Ω ","PART_VALUE":"47Ω","FINGER":"868d09f6a3f2fb9a6dba79b0adc02561"},
{"LAYER":"TOP","ID":"C460G","COMPONENT":"Electrolytic 10µF ","PART_VALUE":"10µF","FINGER":"1b36a8a6163347c825a7e6369d042382"},
{"LAYER":"BOT","ID":"R34","COMPONENT":"Resistor 2.7kΩ ","PART_VALUE":"2.7kΩ","FINGER":"1dc0746bf1f885eab5e74d5068293898"},
{"LAYER":"BOT","ID":"R165","COMPONENT":"Resistor 47Ω ","PART_VALUE":"47Ω","FINGER":"7f9f238481ec19e345436294576b02e1"},
{"LAYER":"TOP","ID":"FB177","COMPONENT":"FB ","PART_VALUE":"FB","FINGER":"1ede6bbf3743da304396fd7efba72c7a"},
{"LAYER":"TOP","ID":"J100","COMPONENT":"SPJUMPER ","PART_VALUE":"SPJUMPER","FINGER":"6d6d88127013de714816daa1546512e4"},
{"LAYER":"TOP","ID":"R2","COMPONENT":"Resistor 2.7kΩ ","PART_VALUE":"2.7kΩ","FINGER":"0884d667a331ee9505cf0127289b8115"},
{"LAYER":"TOP","ID":"U455","COMPONENT":"IC null ","PART_VALUE":"null","FINGER":"d2e32ba51e039c8eac636ce3b8bf2683"},
{"LAYER":"BOT","ID":"ER979","COMPONENT":"Resistor 47Ω ","PART_VALUE":"47Ω","FINGER":"2d85add30946644c95f1c5390464c2f2"},
{"LAYER":"TOP","ID":"D177","COMPONENT":"Diode 1N4148 ","PART_VALUE":"1N4148","FINGER":"3cbacd468b8d43cc7178b3850be8d092"},
{"LAYER":"TOP","ID":"U154","COMPONENT":"IC OSC ","PART_VALUE":"OSC","FINGER":"bb6d634d02a8a78a64b2ef944d1f74fe"},
{"LAYER":"BOT","ID":"C402B","COMPONENT":"Capacitor 100nF ","PART_VALUE":"100nF","FINGER":"885f8f665428fdf9fc9f102b50c0a08d"},
{"LAYER":"BOT","ID":"C140","COMPONENT":"Capacitor 100nF ","PART_VALUE":"100nF","FINGER":"9e0d17f1138db0b2526cca17e5ce473d"},
{"LAYER":"TOP","ID":"EC360","COMPONENT":"Capacitor 47pF ","PART_VALUE":"47pF","FINGER":"0584d28f36195ec4f8ab42ee03164d0f"},
{"LAYER":"BOT","ID":"R712","COMPONENT":"Resistor 1kΩ ","PART_VALUE":"1kΩ","FINGER":"622dc44ea5d62fb265069438961f52c3"},
{"LAYER":"TOP","ID":"RP462","COMPONENT":"Resistor Pack 8X9 ","PART_VALUE":"8X9","FINGER":"445c2ad4a3c20fa2e73f46b97289ef50,f237fe40ba482aafe771477e2a4626a3"},
{"LAYER":"BOT","ID":"R28","COMPONENT":"Resistor 2.7kΩ ","PART_VALUE":"2.7kΩ","FINGER":"4b2d58c1ce4eb34bcc461f6e214d3b47"},
{"LAYER":"BOT","ID":"C212","COMPONENT":"Capacitor 100nF ","PART_VALUE":"100nF","FINGER":"e4482459b1253dc963d5e02ed7cf9085"},
{"LAYER":"BOT","ID":"EC987","COMPONENT":"Capacitor 100pF ","PART_VALUE":"100pF","FINGER":"1a1ddb2d5b1119a2e24902430ce4f850"},
{"LAYER":"BOT","ID":"R26","COMPONENT":"Resistor 2.7kΩ ","PART_VALUE":"2.7kΩ","FINGER":"0fbd71e420aaa26a93cfd5fc7add652c"},
{"LAYER":"TOP","ID":"R383","COMPONENT":"Resistor 47Ω ","PART_VALUE":"47Ω","FINGER":"268302b9e6749582a646ad144d417eab"},
{"LAYER":"BOT","ID":"C459","COMPONENT":"Capacitor 100nF ","PART_VALUE":"100nF","FINGER":"a0aa258dcfc152f150fef65eb648dc76"},
{"LAYER":"TOP","ID":"ER370","COMPONENT":"Resistor 47Ω ","PART_VALUE":"47Ω","FINGER":"b3f889ceddec97de9c6301f9a03e79fd"},
{"LAYER":"BOT","ID":"R240","COMPONENT":"Resistor 33Ω ","PART_VALUE":"33Ω","FINGER":"79017759ee53d3bd039f56e735b6a783"},
{"LAYER":"TOP","ID":"R302","COMPONENT":"Resistor 1kΩ ","PART_VALUE":"1kΩ","FINGER":"e60787e2e8685d0c8e8883e566aa77ad"},
{"LAYER":"TOP","ID":"U106","COMPONENT":"IC null ","PART_VALUE":"null","FINGER":"cb9aed66e4c3d4db621898241fe1530e"},
{"LAYER":"TOP","ID":"R523","COMPONENT":"Resistor 68Ω ","PART_VALUE":"68Ω","FINGER":"a5091b859d13b7604964b6440b7e45ed"},
{"LAYER":"BOT","ID":"R990","COMPONENT":"Resistor 4.7kΩ ","PART_VALUE":"4.7kΩ","FINGER":"e26f49f88152c9a2861de7ebd6e68386"},
{"LAYER":"TOP","ID":"U353","COMPONENT":"IC null ","PART_VALUE":"null","FINGER":"2f08eb8bb10946f86c60106190a39db6"},
{"LAYER":"BOT","ID":"R75","COMPONENT":"Resistor 2.7kΩ ","PART_VALUE":"2.7kΩ","FINGER":"1c3704cc5830b7b22b266be522100f33"},
{"LAYER":"TOP","ID":"U457","COMPONENT":"IC null ","PART_VALUE":"null","FINGER":"c67a01592c78f5224a3f3188d81cc0b3"},
{"LAYER":"TOP","ID":"EC357","COMPONENT":"Capacitor 47pF ","PART_VALUE":"47pF","FINGER":"ad611f7105dd7b836c03daec4453ef7a"},
{"LAYER":"BOT","ID":"R407","COMPONENT":"Resistor 2.7kΩ ","PART_VALUE":"2.7kΩ","FINGER":"3d7b2b613393ac5fa7b9b22acffdaa21"},
{"LAYER":"TOP","ID":"R457C","COMPONENT":"Resistor 47Ω ","PART_VALUE":"47Ω","FINGER":"803137e4f07e011188304b4a1e5c92fc"},
{"LAYER":"TOP","ID":"J214","COMPONENT":"SPJUMPER ","PART_VALUE":"SPJUMPER","FINGER":"9455c8526827cf8cfde47b8d7ac34aa4"},
{"LAYER":"BOT","ID":"C141","COMPONENT":"Capacitor 100nF ","PART_VALUE":"100nF","FINGER":"6b81b89e242c7159949e7b2ed4c400bb"},
{"LAYER":"BOT","ID":"R651","COMPONENT":"Resistor 470Ω ","PART_VALUE":"470Ω","FINGER":"bbcddda29bc81d5b7f7eb23ce40ba514"},
{"LAYER":"TOP","ID":"ER369","COMPONENT":"Resistor 47Ω ","PART_VALUE":"47Ω","FINGER":"abf6701c63bb80950558b3fbc3d7bc51"},
{"LAYER":"BOT","ID":"ER980","COMPONENT":"Resistor 47Ω ","PART_VALUE":"47Ω","FINGER":"33462ae8c40aae0d17cc32c59d5910ab"},
{"LAYER":"TOP","ID":"R538","COMPONENT":"Resistor 68Ω ","PART_VALUE":"68Ω","FINGER":"4eda8ffd7903c524ccbd16cd7758c624"},
{"LAYER":"BOT","ID":"ER987","COMPONENT":"Resistor 47Ω ","PART_VALUE":"47Ω","FINGER":"b11391573f824dd686eea1131ebe99da"},
{"LAYER":"BOT","ID":"ER986","COMPONENT":"Resistor 47Ω ","PART_VALUE":"47Ω","FINGER":"85c94f754687e9c90441819b9a3e5cf4"},
{"LAYER":"BOT","ID":"R248","COMPONENT":"Resistor 33Ω ","PART_VALUE":"33Ω","FINGER":"b2861c93700c141ba354b4bc791c751e"},
{"LAYER":"BOT","ID":"R243","COMPONENT":"Resistor 33Ω ","PART_VALUE":"33Ω","FINGER":"1eb1099f3f1caac05a4c3da783db6465"},
{"LAYER":"TOP","ID":"R513","COMPONENT":"Resistor 47Ω ","PART_VALUE":"47Ω","FINGER":"e7e43cfed160abe21292dfcb1e58c055"},
{"LAYER":"TOP","ID":"U853","COMPONENT":"IC X32 SIMM ","PART_VALUE":"SIMM","FINGER":"6727f07d3c899e475f71628aa6b19c1e"},
{"LAYER":"BOT","ID":"R986","COMPONENT":"Resistor 4.7kΩ ","PART_VALUE":"4.7kΩ","FINGER":"f0e8c71dea777d4a7ef6b2c0e3d241b7"},
{"LAYER":"TOP","ID":"D361","COMPONENT":"Diode 1N4001 ","PART_VALUE":"1N4001","FINGER":"39ff2935196de82a721da18cfef92b18"},
{"LAYER":"BOT","ID":"R76","COMPONENT":"Resistor 2.7kΩ ","PART_VALUE":"2.7kΩ","FINGER":"17ea714aca6a502e69180e8858cf22ae"},
{"LAYER":"TOP","ID":"U351","COMPONENT":"IC null ","PART_VALUE":"null","FINGER":"d21ebd1ae57fc2b340dc7617d7ee2502"},
{"LAYER":"TOP","ID":"ER374","COMPONENT":"Resistor 47Ω ","PART_VALUE":"47Ω","FINGER":"61c48b95901ee64b78877362ba24ec91"},
{"LAYER":"BOT","ID":"R894","COMPONENT":"Resistor 33Ω ","PART_VALUE":"33Ω","FINGER":"7c1619566d0136b84aa6957107a3956e"},
{"LAYER":"BOT","ID":"C414","COMPONENT":"Capacitor 47nF ","PART_VALUE":"47nF","FINGER":"7ed721bead59b07d0bc43a997dc61513"},
{"LAYER":"TOP","ID":"R546","COMPONENT":"Resistor 1kΩ ","PART_VALUE":"1kΩ","FINGER":"ff5afef42852fbfc29a1a4d5b42ca936"},
{"LAYER":"TOP","ID":"CN403","COMPONENT":"RCA JACK ","PART_VALUE":"JACK","FINGER":"1d7c4bd33d91e966ac6cef23ed50bbe4,dcee082501b47a61107c821331afff1f"},
{"LAYER":"TOP","ID":"U355","COMPONENT":"IC null ","PART_VALUE":"null","FINGER":"8833397613d31e2899d02921332ea62e"},
{"LAYER":"TOP","ID":"J352","COMPONENT":"SPJUMPER ","PART_VALUE":"SPJUMPER","FINGER":"4707f490dbd996fc999aa296e2a81950"},
{"LAYER":"BOT","ID":"R120","COMPONENT":"Resistor 470Ω ","PART_VALUE":"470Ω","FINGER":"f291f38393d3305c06899de90e49f6bb"},
{"LAYER":"TOP","ID":"R400","COMPONENT":"Resistor 1Ω ","PART_VALUE":"1Ω","FINGER":"031092527f5afb113060daf9c71ade15"},
{"LAYER":"TOP","ID":"U700","COMPONENT":"IC FAT BUSTER ","PART_VALUE":"BUSTER","FINGER":"4bbea3e4721a5a711f37ce12fa87bd8f"},
{"LAYER":"BOT","ID":"ER988","COMPONENT":"Resistor 47Ω ","PART_VALUE":"47Ω","FINGER":"81412563b2bd3f5f226f0c210101a0ef"},
{"LAYER":"TOP","ID":"R52","COMPONENT":"Resistor 2.7kΩ ","PART_VALUE":"2.7kΩ","FINGER":"5a81bc29079b559b4dfa254858fe6ce5"},
{"LAYER":"BOT","ID":"C353","COMPONENT":"Capacitor 100nF ","PART_VALUE":"100nF","FINGER":"b6aa14c1c37cb058b093401f566b4c00"},
{"LAYER":"TOP","ID":"FB710","COMPONENT":"FB ","PART_VALUE":"FB","FINGER":"8d3887a6c4767c76a30096d16b8259dc"},
{"LAYER":"TOP","ID":"R456F","COMPONENT":"Resistor 47Ω ","PART_VALUE":"47Ω","FINGER":"9b5815f6d3612f17feb428566daef3de"},
{"LAYER":"TOP","ID":"R17","COMPONENT":"Resistor 2.7kΩ ","PART_VALUE":"2.7kΩ","FINGER":"90a6f85972f2a3781b9930fa087776cc"},
{"LAYER":"TOP","ID":"R32","COMPONENT":"Resistor 2.7kΩ ","PART_VALUE":"2.7kΩ","FINGER":"7c7bda08ea944903c3da924c04a2221b"},
{"LAYER":"TOP","ID":"FB365","COMPONENT":"FB ","PART_VALUE":"FB","FINGER":"0c76ecf68aaae489953e2442d9f63760"},
{"LAYER":"BOT","ID":"C431","COMPONENT":"Capacitor 6800pF ","PART_VALUE":"6800pF","FINGER":"00e197c5af724b9d430e4949698c8ac5"},
{"LAYER":"TOP","ID":"U131","COMPONENT":"IC null ","PART_VALUE":"null","FINGER":"ee174d82d86df39b5d0ca7ba0d24b950"},
{"LAYER":"TOP","ID":"EC355","COMPONENT":"Capacitor 47pF ","PART_VALUE":"47pF","FINGER":"ea3576f85545a2faa563186edd8ec88e"},
{"LAYER":"TOP","ID":"R403H","COMPONENT":"Resistor 2.4kΩ ","PART_VALUE":"2.4kΩ","FINGER":"4d3d18dd4947219b959c2a35c7036437"},
{"LAYER":"TOP","ID":"U300","COMPONENT":"IC 8520 ","PART_VALUE":"8520","FINGER":"667507b350aaa7d8134463187c0b3186"},
{"LAYER":"BOT","ID":"C154A","COMPONENT":"Capacitor 100nF ","PART_VALUE":"100nF","FINGER":"ecbcae0de205323b33ab3df291e579c9"},
{"LAYER":"BOT","ID":"R881","COMPONENT":"Resistor 33Ω ","PART_VALUE":"33Ω","FINGER":"def26e98d45270a3fa1b0ac87faba4f0"},
{"LAYER":"BOT","ID":"C430","COMPONENT":"Capacitor 47nF ","PART_VALUE":"47nF","FINGER":"37a63645d81b171c22295990936ff0b6"},
{"LAYER":"TOP","ID":"R48","COMPONENT":"Resistor 2.7kΩ ","PART_VALUE":"2.7kΩ","FINGER":"a8f1fd5aaf45f332110840287bb152eb"},
{"LAYER":"TOP","ID":"C433","COMPONENT":"Electrolytic 22µF ","PART_VALUE":"22µF","FINGER":"90b4e266b36cf6cf0ab4707fb73c8ba1"},
{"LAYER":"BOT","ID":"R241","COMPONENT":"Resistor 33Ω ","PART_VALUE":"33Ω","FINGER":"d7f72515810d5ce5eff1fa7efffcd8e5"},
{"LAYER":"BOT","ID":"R57","COMPONENT":"Resistor 2.7kΩ ","PART_VALUE":"2.7kΩ","FINGER":"320e83e519f737e9a8ecbd33cce3a8c1"},
{"LAYER":"TOP","ID":"U456","COMPONENT":"IC null ","PART_VALUE":"null","FINGER":"4b84703cac4177b587b251d643d08008"},
{"LAYER":"TOP","ID":"ER357","COMPONENT":"Resistor 47Ω ","PART_VALUE":"47Ω","FINGER":"bdf1eca4569c0b5e6e82f0176b9357a4"},
{"LAYER":"BOT","ID":"EC984","COMPONENT":"Capacitor 100pF ","PART_VALUE":"100pF","FINGER":"1c656e5cdbdb0981e526c992da31691e"},
{"LAYER":"BOT","ID":"R506","COMPONENT":"Resistor 47Ω ","PART_VALUE":"47Ω","FINGER":"030541270df48686261ea60b04e21b94"},
{"LAYER":"TOP","ID":"R537","COMPONENT":"Resistor 68Ω ","PART_VALUE":"68Ω","FINGER":"31cb94054835083a3a03db4c8b69ef16"},
{"LAYER":"BOT","ID":"C406H","COMPONENT":"Electrolytic 100µF ","PART_VALUE":"100µF","FINGER":"4ea366e47383189b4a29d856e90d8392"},
{"LAYER":"BOT","ID":"C432","COMPONENT":"Capacitor 3900pF ","PART_VALUE":"3900pF","FINGER":"026cb3a5a8e68929d2de9b313a9d61ad"},
{"LAYER":"TOP","ID":"Q440","COMPONENT":"MPF102 ","PART_VALUE":"MPF102","FINGER":"653b0f22b39ba3c93085bd6f6b5b4150"},
{"LAYER":"BOT","ID":"C907","COMPONENT":"Capacitor 100nF ","PART_VALUE":"100nF","FINGER":"70440b790b42b51c55b72891ded6c9b0"},
{"LAYER":"TOP","ID":"BT176","COMPONENT":"3\/60DK ","PART_VALUE":"3\/60DK","FINGER":"155b0780fc98050b5c883598b4976a5f"},
{"LAYER":"TOP","ID":"R49","COMPONENT":"Resistor 2.7kΩ ","PART_VALUE":"2.7kΩ","FINGER":"466aa21da414d30d08af79cabd43898d"},
{"LAYER":"BOT","ID":"EC979","COMPONENT":"Capacitor 100pF ","PART_VALUE":"100pF","FINGER":"92f775f886a68ddd06cc1a81bcbfe37b"},
{"LAYER":"TOP","ID":"CN452","COMPONENT":"CONN100 ","PART_VALUE":"CONN100","FINGER":"6b33335d965b679da37b8b8a87cad226"},
{"LAYER":"BOT","ID":"R613","COMPONENT":"Resistor 1kΩ ","PART_VALUE":"1kΩ","FINGER":"1b44805b47868db79c621961726802ce"},
{"LAYER":"BOT","ID":"C890","COMPONENT":"Capacitor 100nF ","PART_VALUE":"100nF","FINGER":"cce217db9792383f40cba19fa36276d0"},
{"LAYER":"TOP","ID":"CN302","COMPONENT":"SPJUMPER ","PART_VALUE":"SPJUMPER","FINGER":"5061bfeccfb1d2642372a316db52ea53"},
{"LAYER":"BOT","ID":"EC377","COMPONENT":"Capacitor 100pF ","PART_VALUE":"100pF","FINGER":"33a9ed5c18829a24d10aacf1f16d0033"},
{"LAYER":"TOP","ID":"CN402","COMPONENT":"RCA JACK ","PART_VALUE":"JACK","FINGER":"b63a0357fbe6db54911a9c9fbaa40dfe,4c4759ac8f468d5271a6f488eded38a8"},
{"LAYER":"TOP","ID":"C893","COMPONENT":"Capacitor 100nF ","PART_VALUE":"100nF","FINGER":"fcce14c23ce03ea8d840f3b5316ac22a"},
{"LAYER":"BOT","ID":"R899","COMPONENT":"Resistor 33Ω ","PART_VALUE":"33Ω","FINGER":"665f7f37368c26772d8d478865ac75da"},
{"LAYER":"BOT","ID":"C976","COMPONENT":"Capacitor 100nF ","PART_VALUE":"100nF","FINGER":"bb29309b2238c4b678e4c27966e97208"},
{"LAYER":"TOP","ID":"C188","COMPONENT":"Electrolytic 47µF ","PART_VALUE":"47µF","FINGER":"2ed0b411a03e734ccf4eafed1953e0d9"},
{"LAYER":"BOT","ID":"C440","COMPONENT":"Capacitor 47nF ","PART_VALUE":"47nF","FINGER":"f9d794d264dc954ac27d51b99526dc7a"},
{"LAYER":"BOT","ID":"R624","COMPONENT":"Resistor 1kΩ ","PART_VALUE":"1kΩ","FINGER":"d1784913134f706c8e283d0f02870d46"},
{"LAYER":"TOP","ID":"R85","COMPONENT":"Resistor 1.2kΩ ","PART_VALUE":"1.2kΩ","FINGER":"d943e973f6d2a3be7126bf198ad1934b"},
{"LAYER":"TOP","ID":"R994","COMPONENT":"Resistor 4.7kΩ ","PART_VALUE":"4.7kΩ","FINGER":"b97c0e7301fed9bebd67fbcc9b45a151"},
{"LAYER":"TOP","ID":"EC452","COMPONENT":"Capacitor 100pF ","PART_VALUE":"100pF","FINGER":"10c8b76954c832e7dab0cdbf8f41a4c2"},
{"LAYER":"TOP","ID":"EC300","COMPONENT":"Capacitor 100pF ","PART_VALUE":"100pF","FINGER":"4a9013538a4dfbd9394f6db8d905db4f"},
{"LAYER":"TOP","ID":"U901","COMPONENT":"IC 16L8-15 ","PART_VALUE":"16L8-15","FINGER":"2cc86cca10db17c8c3aac21938610d62"},
{"LAYER":"BOT","ID":"R382","COMPONENT":"Resistor 1kΩ ","PART_VALUE":"1kΩ","FINGER":"2aa56deddf828276b9e65f5b960405e3"},
{"LAYER":"TOP","ID":"D306","COMPONENT":"Diode 1N4001 ","PART_VALUE":"1N4001","FINGER":"838ebb91edeec9171093838d6a69a4aa"},
{"LAYER":"TOP","ID":"R56","COMPONENT":"Resistor 2.7kΩ ","PART_VALUE":"2.7kΩ","FINGER":"2ddc0b6eb5d9fb4bf7b4cca4638a35ef"},
{"LAYER":"TOP","ID":"ER360","COMPONENT":"Resistor 47Ω ","PART_VALUE":"47Ω","FINGER":"9b9da27f56ee8bb63d9d7dd335c7fa62"},
{"LAYER":"BOT","ID":"C300","COMPONENT":"Capacitor 100nF ","PART_VALUE":"100nF","FINGER":"a3f2c903e69cee309dbc7381b90656ad"},
{"LAYER":"BOT","ID":"R126","COMPONENT":"Resistor 1kΩ ","PART_VALUE":"1kΩ","FINGER":"147683235fe56e437285754a6d56c906"},
{"LAYER":"TOP","ID":"EC302","COMPONENT":"Capacitor 100pF ","PART_VALUE":"100pF","FINGER":"8ad837b061729665e120b375063981d4"},
{"LAYER":"TOP","ID":"R534","COMPONENT":"Resistor 68Ω ","PART_VALUE":"68Ω","FINGER":"4ab1c2a7dc32a2224ea4bfad0a5d8eb8"},
{"LAYER":"BOT","ID":"R451","COMPONENT":"Resistor 47Ω ","PART_VALUE":"47Ω","FINGER":"55ff64e1f33fff6699a20a3283d1f5ad"},
{"LAYER":"TOP","ID":"R3","COMPONENT":"Resistor 2.7kΩ ","PART_VALUE":"2.7kΩ","FINGER":"3cddcc1ddc0c1e707fb8f8d33e3cfe1f"},
{"LAYER":"TOP","ID":"CN975","COMPONENT":"PIN ","PART_VALUE":"PIN","FINGER":"d7da17a026ad74f87c70ccbc5f576282,626866a52aec70e67d975223742e9277"},
{"LAYER":"TOP","ID":"U198","COMPONENT":"IC JUMPER PAD 1X3 ","PART_VALUE":"1X3","FINGER":"25d320848181fc3e179c153f62c2c1d0"},
{"LAYER":"BOT","ID":"R245","COMPONENT":"Resistor 33Ω ","PART_VALUE":"33Ω","FINGER":"4cfe8092a583190dc15a5449e3aba516"},
{"LAYER":"TOP","ID":"R47","COMPONENT":"Resistor 2.7kΩ ","PART_VALUE":"2.7kΩ","FINGER":"a28dc22f5221564125419c72e1f6cefe"},
{"LAYER":"BOT","ID":"C457","COMPONENT":"Capacitor 100nF ","PART_VALUE":"100nF","FINGER":"601916bfd456c10640cecbf99dc5dded"},
{"LAYER":"BOT","ID":"R614","COMPONENT":"Resistor 1kΩ ","PART_VALUE":"1kΩ","FINGER":"790505eff2687de19f084de63b1db289"},
{"LAYER":"TOP","ID":"C200","COMPONENT":"Electrolytic 4.7µF ","PART_VALUE":"4.7µF","FINGER":"06ff003e2992c901bf277153caef7727"},
{"LAYER":"BOT","ID":"C305","COMPONENT":"Capacitor 100nF ","PART_VALUE":"100nF","FINGER":"15313e1e319d5d9e34ce77807c014f0a"},
{"LAYER":"TOP","ID":"R434","COMPONENT":"Resistor 1kΩ ","PART_VALUE":"1kΩ","FINGER":"c52632f0120b1ae21269f2f9993469f8"},
{"LAYER":"BOT","ID":"C355","COMPONENT":"Capacitor 100nF ","PART_VALUE":"100nF","FINGER":"b059a523c5bc6671df43772387bf471a"},
{"LAYER":"BOT","ID":"R405","COMPONENT":"Resistor 1.2kΩ ","PART_VALUE":"1.2kΩ","FINGER":"97cced392dcb2d7abb2636325902428f"},
{"LAYER":"BOT","ID":"R652","COMPONENT":"Resistor 2.7kΩ ","PART_VALUE":"2.7kΩ","FINGER":"d862a1b13ffaefab7b958b085f242215"},
{"LAYER":"TOP","ID":"U354","COMPONENT":"IC 74HCT174 ","PART_VALUE":"74HCT174","FINGER":"0f055c0dbb9483de033ea8d6e4d7db9f"},
{"LAYER":"BOT","ID":"C152","COMPONENT":"Capacitor 100nF ","PART_VALUE":"100nF","FINGER":"818489b64a0994da3aead35fb2459e64"},
{"LAYER":"BOT","ID":"R893","COMPONENT":"Resistor 33Ω ","PART_VALUE":"33Ω","FINGER":"fcc7d58ca858afacd959e5a521bf2448"},
{"LAYER":"TOP","ID":"EC455","COMPONENT":"Capacitor 100pF ","PART_VALUE":"100pF","FINGER":"398389a6eb41d13cad08fd87b716b082"},
{"LAYER":"TOP","ID":"R720","COMPONENT":"Resistor 1kΩ ","PART_VALUE":"1kΩ","FINGER":"f747b3816c9145d272ecc2f38a05a9ba"},
{"LAYER":"TOP","ID":"FB462","COMPONENT":"FB ","PART_VALUE":"FB","FINGER":"610b0bc7ca54dbc5e935b69c8bdca2e0"},
{"LAYER":"TOP","ID":"U150","COMPONENT":"IC GARY ","PART_VALUE":"GARY","FINGER":"a4d6d12ebae80a9e4e0a28c586e408e2"},
{"LAYER":"TOP","ID":"U904","COMPONENT":"IC 74HCT245 ","PART_VALUE":"74HCT245","FINGER":"38a77d8ac81bd65d5c0ab434d8364d63"},
{"LAYER":"BOT","ID":"C154B","COMPONENT":"Capacitor 10nF ","PART_VALUE":"10nF","FINGER":"1192312540edb46c617bef7cee8dbbd8"},
{"LAYER":"TOP","ID":"R524","COMPONENT":"Resistor 68Ω ","PART_VALUE":"68Ω","FINGER":"4607a96e73e0952d3fe3feed76246c71"},
{"LAYER":"TOP","ID":"R50","COMPONENT":"Resistor 2.7kΩ ","PART_VALUE":"2.7kΩ","FINGER":"27da4011dfc7b587a7fe9f9ec9e1ec6a"},
{"LAYER":"TOP","ID":"CN303","COMPONENT":"SPJUMPER ","PART_VALUE":"SPJUMPER","FINGER":"cb59216b890db194bdbb1b909d358918"},
{"LAYER":"TOP","ID":"J151","COMPONENT":"SPJUMPER ","PART_VALUE":"SPJUMPER","FINGER":"3180c6ab9d63998bdc5c33235b885976"},
{"LAYER":"TOP","ID":"R176","COMPONENT":"Resistor 20Ω ","PART_VALUE":"20Ω","FINGER":"18258afd1f13eef55a26e2442bee4ad7"},
{"LAYER":"TOP","ID":"R530","COMPONENT":"Resistor 68Ω ","PART_VALUE":"68Ω","FINGER":"a4e08b1dff5b1a44243948b25e815348"},
{"LAYER":"BOT","ID":"R511","COMPONENT":"Resistor 75Ω ","PART_VALUE":"75Ω","FINGER":"9e64c597894ee7b2fd77d3d80589534c"},
{"LAYER":"BOT","ID":"R87","COMPONENT":"Resistor 1.2kΩ ","PART_VALUE":"1.2kΩ","FINGER":"f7306e5978fe3ccb49fa3d06cbfd1973"},
{"LAYER":"BOT","ID":"R457H","COMPONENT":"Resistor 47Ω ","PART_VALUE":"47Ω","FINGER":"768611ce2da1bd97d0c2439cae81f2e0"},
{"LAYER":"TOP","ID":"CN200","COMPONENT":"SPJUMPER ","PART_VALUE":"SPJUMPER","FINGER":"115864682ce966bee9d4ab8a5ef2ca0a"},
{"LAYER":"TOP","ID":"C512","COMPONENT":"Capacitor 100nF ","PART_VALUE":"100nF","FINGER":"89a8573ce1f787b96be58e45bd7001e1"},
{"LAYER":"TOP","ID":"Q400","COMPONENT":"PNP 2N3906 ","PART_VALUE":"2N3906","FINGER":"806ae7e0dd1e3aab0076409a3b5dbbf0"},
{"LAYER":"TOP","ID":"U175","COMPONENT":"IC null ","PART_VALUE":"null","FINGER":"19665dbc245f629a7eb78c16d97eda6b"},
{"LAYER":"TOP","ID":"C318","COMPONENT":"Electrolytic 22µF ","PART_VALUE":"22µF","FINGER":"54d8564b42ac8c4d7c1073154b877193"},
{"LAYER":"TOP","ID":"C443","COMPONENT":"Electrolytic 22µF ","PART_VALUE":"22µF","FINGER":"759ad10c703ecb0d06b17d89ef28cec8"},
{"LAYER":"BOT","ID":"C460B","COMPONENT":"Capacitor 100nF ","PART_VALUE":"100nF","FINGER":"228662317b6c1e2dad69de73705ebb4d"},
{"LAYER":"BOT","ID":"C412","COMPONENT":"Capacitor 47nF ","PART_VALUE":"47nF","FINGER":"1e8432e8f818f43c9c526eea5c6176c9"},
{"LAYER":"BOT","ID":"R249","COMPONENT":"Resistor 1kΩ ","PART_VALUE":"1kΩ","FINGER":"c89bb38a69bc9808f82acba8e573a76e"},
{"LAYER":"TOP","ID":"EC454","COMPONENT":"Capacitor 100pF ","PART_VALUE":"100pF","FINGER":"b205b7bdae74b88ea48c653e269275b6"},
{"LAYER":"TOP","ID":"ER376","COMPONENT":"Resistor 47Ω ","PART_VALUE":"47Ω","FINGER":"d5a9cbb7419822b89fd84931abd9c45c"},
{"LAYER":"BOT","ID":"R222","COMPONENT":"Resistor 47Ω ","PART_VALUE":"47Ω","FINGER":"06a42096318824aa982da211b9033261"},
{"LAYER":"BOT","ID":"EC370","COMPONENT":"Capacitor 100pF ","PART_VALUE":"100pF","FINGER":"2d06b1db3f29b5d6a122c57405244ba7"},
{"LAYER":"BOT","ID":"EC373","COMPONENT":"Capacitor 100pF ","PART_VALUE":"100pF","FINGER":"84449b4d7bfb3c96eefa42e2b4fc0f67"},
{"LAYER":"TOP","ID":"R528","COMPONENT":"Resistor 68Ω ","PART_VALUE":"68Ω","FINGER":"7b0eaecf9dbf757aef17b57b53ce133c"},
{"LAYER":"TOP","ID":"R78","COMPONENT":"Resistor 2.7kΩ ","PART_VALUE":"2.7kΩ","FINGER":"ed5e92b27d2e1157158a26f3e8eec823"},
{"LAYER":"TOP","ID":"EC364","COMPONENT":"Capacitor 47pF ","PART_VALUE":"47pF","FINGER":"6c358df78f462aabb9295469b37d8331"},
{"LAYER":"BOT","ID":"EC378","COMPONENT":"Capacitor 100pF ","PART_VALUE":"100pF","FINGER":"704cc57b7bbe6d140eef1632fd9bfc4d"},
{"LAYER":"TOP","ID":"L500","COMPONENT":"Inductance 47uH","PART_VALUE":"47uH","FINGER":"82d486aa54d83254e84aeb7d9a991ab4"},
{"LAYER":"BOT","ID":"C176","COMPONENT":"Capacitor 220nF ","PART_VALUE":"220nF","FINGER":"ae6fb7f844e9941a892f2e372f17e002"},
{"LAYER":"BOT","ID":"EC379","COMPONENT":"Capacitor 100pF ","PART_VALUE":"100pF","FINGER":"73d7e6a37654a99b8d7c7419e0eca116"},
{"LAYER":"TOP","ID":"EC301","COMPONENT":"Capacitor 100pF ","PART_VALUE":"100pF","FINGER":"171315fbdef7e4c5b523f0c55842cd4d"},
{"LAYER":"TOP","ID":"R456","COMPONENT":"Resistor 10kΩ ","PART_VALUE":"10kΩ","FINGER":"1217b5c1c15d86459eadbf16b73d684d"},
{"LAYER":"BOT","ID":"R180","COMPONENT":"Resistor 100kΩ ","PART_VALUE":"100kΩ","FINGER":"543b4a9bcfdfca6597d64d90de5f2ae3"},
{"LAYER":"BOT","ID":"R408","COMPONENT":"Resistor 10kΩ ","PART_VALUE":"10kΩ","FINGER":"bc52f48e8fea5b2af3973befb839f464"},
{"LAYER":"BOT","ID":"R501","COMPONENT":"Resistor 47Ω ","PART_VALUE":"47Ω","FINGER":"8fac64764a5fb68b8f82784d174ef51d"},
{"LAYER":"TOP","ID":"R23","COMPONENT":"Resistor 2.7kΩ ","PART_VALUE":"2.7kΩ","FINGER":"a33450af5477004b07bcf33135c747b9"},
{"LAYER":"BOT","ID":"EC989","COMPONENT":"Capacitor 100pF ","PART_VALUE":"100pF","FINGER":"b9e584a1839b91064dcebd852e87cb6e"},
{"LAYER":"TOP","ID":"C199","COMPONENT":"Capacitor 220nF ","PART_VALUE":"220nF","FINGER":"8245c74c70cc97cb6979cb16705b4892"},
{"LAYER":"BOT","ID":"R361","COMPONENT":"Resistor 3.3kΩ ","PART_VALUE":"3.3kΩ","FINGER":"5af291100115e477cb1acd8f7a1db7b6"},
{"LAYER":"BOT","ID":"R58","COMPONENT":"Resistor 2.7kΩ ","PART_VALUE":"2.7kΩ","FINGER":"549cf270ff0ac3fedf29b87f26af2ab4"},
{"LAYER":"TOP","ID":"C189","COMPONENT":"Electrolytic 47µF ","PART_VALUE":"47µF","FINGER":"349c31aa247c33534695069ffafb19ba"},
{"LAYER":"BOT","ID":"R862","COMPONENT":"Resistor 1kΩ ","PART_VALUE":"1kΩ","FINGER":"a0ecead23bd901ec2563ba33b3561e86"},
{"LAYER":"BOT","ID":"ER978","COMPONENT":"Resistor 47Ω ","PART_VALUE":"47Ω","FINGER":"f39209b1a998869c920801f761b17dac"},
{"LAYER":"TOP","ID":"C442","COMPONENT":"Capacitor 3900pF ","PART_VALUE":"3900pF","FINGER":"11f91e7bd6efda92338ee874d7795a88"},
{"LAYER":"TOP","ID":"R983","COMPONENT":"Resistor 4.7kΩ ","PART_VALUE":"4.7kΩ","FINGER":"f4bd5c224fddc027b64ca96dd4d70a52"},
{"LAYER":"BOT","ID":"R660","COMPONENT":"Resistor 47Ω ","PART_VALUE":"47Ω","FINGER":"c009dbaf5a7cda6eca36163f6a962429"},
{"LAYER":"TOP","ID":"ER351","COMPONENT":"Resistor 47Ω ","PART_VALUE":"47Ω","FINGER":"68059239167d216b858dcad62d5e926b"},
{"LAYER":"BOT","ID":"R897","COMPONENT":"Resistor 33Ω ","PART_VALUE":"33Ω","FINGER":"d1714d8af206d0808ce470f35bbc0ad0"},
{"LAYER":"TOP","ID":"R457B","COMPONENT":"Resistor 47Ω ","PART_VALUE":"47Ω","FINGER":"469e8e6d03e223c1f2311a009d7cd382"},
{"LAYER":"BOT","ID":"C145","COMPONENT":"Capacitor 100nF ","PART_VALUE":"100nF","FINGER":"a4b0e75550bf4720142cf3be30bd256a"},
{"LAYER":"TOP","ID":"U177","COMPONENT":"IC null ","PART_VALUE":"null","FINGER":"297da0850e06c3463db415e0e11c8d7c"},
{"LAYER":"BOT","ID":"C458B","COMPONENT":"Capacitor 100nF ","PART_VALUE":"100nF","FINGER":"63b6006006117d71a9260f58e1012790"},
{"LAYER":"TOP","ID":"R6","COMPONENT":"Resistor 2.7kΩ ","PART_VALUE":"2.7kΩ","FINGER":"ac62a96cd6eb147a030c17aa580d05fb"},
{"LAYER":"TOP","ID":"R14","COMPONENT":"Resistor 2.7kΩ ","PART_VALUE":"2.7kΩ","FINGER":"d39e5cbfe5266b3d5e66d68b4080240f"},
{"LAYER":"TOP","ID":"EC361","COMPONENT":"Capacitor 47pF ","PART_VALUE":"47pF","FINGER":"4d3b5193e5552a2248d5546c801f2465"},
{"LAYER":"TOP","ID":"R45","COMPONENT":"Resistor 2.7kΩ ","PART_VALUE":"2.7kΩ","FINGER":"101517ef0bd8425d757a92c7660f9383"},
{"LAYER":"TOP","ID":"U311","COMPONENT":"IC null ","PART_VALUE":"null","FINGER":"ae22d102023bb674aa0a59a4151eb1ac"},
{"LAYER":"BOT","ID":"R166","COMPONENT":"Resistor 47Ω ","PART_VALUE":"47Ω","FINGER":"cf06b9bb64cd69633a32386221febd65"},
{"LAYER":"BOT","ID":"R84","COMPONENT":"Resistor 1.2kΩ ","PART_VALUE":"1.2kΩ","FINGER":"a9ba8566cbc24e4218ead3cd222afc92"},
{"LAYER":"BOT","ID":"EC366","COMPONENT":"Capacitor 100pF ","PART_VALUE":"100pF","FINGER":"7e70ab770b54e6aa91922b727ef0f8b7"},
{"LAYER":"TOP","ID":"ER461","COMPONENT":"Resistor 47Ω ","PART_VALUE":"47Ω","FINGER":"bb75f2e5d358135acdcd4b16745c4e2a"},
{"LAYER":"BOT","ID":"R151","COMPONENT":"Resistor 3.3kΩ ","PART_VALUE":"3.3kΩ","FINGER":"f2684233c5db183bce5c80c6f0afc8b6"},
{"LAYER":"TOP","ID":"C194","COMPONENT":"Electrolytic 47µF ","PART_VALUE":"47µF","FINGER":"4f34d03d5bc2cdd03440550c39cc4e00"},
{"LAYER":"TOP","ID":"U706","COMPONENT":"IC 74FCT646T ","PART_VALUE":"74FCT646T","FINGER":"0f3af307ebccb41ad7fb6bb1b48b3e14"},
{"LAYER":"BOT","ID":"C485","COMPONENT":"Capacitor 22pF ","PART_VALUE":"22pF","FINGER":"85018bdceb79a638bd9be87169b75668"},
{"LAYER":"TOP","ID":"R507","COMPONENT":"Resistor 47Ω ","PART_VALUE":"47Ω","FINGER":"acb12b64bbb60cf7dc25ac814e7bb2b8"},
{"LAYER":"BOT","ID":"C441","COMPONENT":"Capacitor 6800pF ","PART_VALUE":"6800pF","FINGER":"1080e1263e5a46b85484ca374ba845bb"},
{"LAYER":"TOP","ID":"R547","COMPONENT":"Resistor 1kΩ ","PART_VALUE":"1kΩ","FINGER":"9bc8f44d717ad3840b771289b7a0e206"},
{"LAYER":"BOT","ID":"EC411","COMPONENT":"Capacitor 100pF ","PART_VALUE":"100pF","FINGER":"ae9dda5a4b80762acaea08ff73a3f28a"},
{"LAYER":"TOP","ID":"U145","COMPONENT":"IC null ","PART_VALUE":"null","FINGER":"7025eaea8e4df9f4e6b6e023892e9ee0"},
{"LAYER":"TOP","ID":"J351","COMPONENT":"SPJUMPER ","PART_VALUE":"SPJUMPER","FINGER":"8f02b85f4ca4ea956043af9344cd054e"},
{"LAYER":"TOP","ID":"R55","COMPONENT":"Resistor 2.7kΩ ","PART_VALUE":"2.7kΩ","FINGER":"650d6b0bad8a1a4f4699ded9ad289c53"},
{"LAYER":"BOT","ID":"R431","COMPONENT":"Resistor 10kΩ ","PART_VALUE":"10kΩ","FINGER":"268734fbf5738e3f0bbb09c854655e5f"},
{"LAYER":"BOT","ID":"R247","COMPONENT":"Resistor 33Ω ","PART_VALUE":"33Ω","FINGER":"9d0f6cd42d6aa0f9ba75b7af3323feba"},
{"LAYER":"TOP","ID":"RP463","COMPONENT":"Resistor Pack 8X9 ","PART_VALUE":"8X9","FINGER":"c0de075c3f0bb992fa38cfdb66bbd401,50a331ff5b5464b44322d442909ddf89"},
{"LAYER":"TOP","ID":"R458B","COMPONENT":"Resistor 47Ω ","PART_VALUE":"47Ω","FINGER":"086cbcb49f1e2793e23d3058cba31487"},
{"LAYER":"BOT","ID":"R704","COMPONENT":"Resistor 47Ω ","PART_VALUE":"47Ω","FINGER":"fabef9dc3e0b2e6ceb5cccefa7dea1db"},
{"LAYER":"BOT","ID":"R173","COMPONENT":"Resistor 1kΩ ","PART_VALUE":"1kΩ","FINGER":"46ae1ed07f2620ef319c63f58adc4d3f"},
{"LAYER":"BOT","ID":"EC986","COMPONENT":"Capacitor 100pF ","PART_VALUE":"100pF","FINGER":"91b330f9ca8e02178134b481401d08d9"},
{"LAYER":"BOT","ID":"EC988","COMPONENT":"Capacitor 100pF ","PART_VALUE":"100pF","FINGER":"e2c9e907995fddfd2e0700d41f5c342f"},
{"LAYER":"TOP","ID":"R4","COMPONENT":"Resistor 2.7kΩ ","PART_VALUE":"2.7kΩ","FINGER":"3337c6dbecdfa90371cb7e8bfba37c57"},
{"LAYER":"BOT","ID":"C201","COMPONENT":"Capacitor 100nF ","PART_VALUE":"100nF","FINGER":"3f87d8d253c7c0aacad1ed29f219c7f6"},
{"LAYER":"TOP","ID":"R167","COMPONENT":"Resistor 47Ω ","PART_VALUE":"47Ω","FINGER":"fe637f98f6159951848d1d70d0413495"},
{"LAYER":"TOP","ID":"U102","COMPONENT":"IC null ","PART_VALUE":"null","FINGER":"068d80735c60c55e71df29b3840ec719"},
{"LAYER":"BOT","ID":"C215","COMPONENT":"Capacitor 100nF ","PART_VALUE":"100nF","FINGER":"86618740cca92819a6705fcda5b44bd0"},
{"LAYER":"BOT","ID":"R465","COMPONENT":"Resistor 1Ω ","PART_VALUE":"1Ω","FINGER":"ebae493f3f1342bdbe4023611740eb02"},
{"LAYER":"BOT","ID":"R172","COMPONENT":"Resistor 1kΩ ","PART_VALUE":"1kΩ","FINGER":"ba7776d81de654ee011c007486f3b4e1"},
{"LAYER":"TOP","ID":"D176","COMPONENT":"Diode 1N4001 ","PART_VALUE":"1N4001","FINGER":"e8756de34c4725f4e76e47439cf9c1ba"},
{"LAYER":"TOP","ID":"FB411","COMPONENT":"FB ","PART_VALUE":"FB","FINGER":"662812b84523eb29ec3b3bba24622d17"},
{"LAYER":"BOT","ID":"R216","COMPONENT":"Resistor 47Ω ","PART_VALUE":"47Ω","FINGER":"a70bc2243a6e1ffdf04ef5dcb1f74ece"},
{"LAYER":"TOP","ID":"R461","COMPONENT":"Resistor 47Ω ","PART_VALUE":"47Ω","FINGER":"6348222993d4b49ac2e5a476db18101c"},
{"LAYER":"TOP","ID":"ER303","COMPONENT":"Resistor 47Ω ","PART_VALUE":"47Ω","FINGER":"463425133c023bdc04c5048a3fdbd9eb"},
{"LAYER":"BOT","ID":"R111","COMPONENT":"Resistor 47Ω ","PART_VALUE":"47Ω","FINGER":"bd63ae532343ff7233b3a130eaa7adbc"},
{"LAYER":"BOT","ID":"R24","COMPONENT":"Resistor 2.7kΩ ","PART_VALUE":"2.7kΩ","FINGER":"203a4e7afa1806bd0be0f5697fdb0560"},
{"LAYER":"BOT","ID":"C186","COMPONENT":"Capacitor 10nF ","PART_VALUE":"10nF","FINGER":"e82f9130da80e6b2a68ddb4e9e54798e"},
{"LAYER":"TOP","ID":"R456H","COMPONENT":"Resistor 47Ω ","PART_VALUE":"47Ω","FINGER":"5a8b9cabc746cdfa0cdf47f87abfbff0"},
{"LAYER":"TOP","ID":"CN300","COMPONENT":"PIN ","PART_VALUE":"PIN","FINGER":"aed7fe0c90e193952fb9d48c7da402ef,d17e4c62e3c535ec9a50855a400d1aae"},
{"LAYER":"TOP","ID":"R77","COMPONENT":"Resistor 2.7kΩ ","PART_VALUE":"2.7kΩ","FINGER":"af950c125ef84f95ba838e3c58b6c74c"},
{"LAYER":"BOT","ID":"C455","COMPONENT":"Capacitor 100nF ","PART_VALUE":"100nF","FINGER":"3793114c8ee9a347cb901ca3c37cc077"},
{"LAYER":"BOT","ID":"R31","COMPONENT":"Resistor 2.7kΩ ","PART_VALUE":"2.7kΩ","FINGER":"8b4263d3d56ae1d073f20833c92825b0"},
{"LAYER":"BOT","ID":"C354","COMPONENT":"Capacitor 100nF ","PART_VALUE":"100nF","FINGER":"7b682800cd854f3ff0b31e1b03cfe469"},
{"LAYER":"TOP","ID":"EC308","COMPONENT":"Capacitor 100pF ","PART_VALUE":"100pF","FINGER":"308c59e718ee767efdc95c8771a4f748"},
{"LAYER":"TOP","ID":"EC462","COMPONENT":"Capacitor 100pF ","PART_VALUE":"100pF","FINGER":"75c8eb5566199a9a9226de6843ca079c"},
{"LAYER":"BOT","ID":"R101","COMPONENT":"Resistor 47Ω ","PART_VALUE":"47Ω","FINGER":"d668aa9b8466b2397af6ff9c6007268b"},
{"LAYER":"BOT","ID":"R62","COMPONENT":"Resistor 2.7kΩ ","PART_VALUE":"2.7kΩ","FINGER":"f68dfe59f0040a33e31cee61454b24a3"},
{"LAYER":"BOT","ID":"C177","COMPONENT":"Capacitor 100nF ","PART_VALUE":"100nF","FINGER":"8dfb9df8888e15c90677c5806353028a"},
{"LAYER":"BOT","ID":"R871","COMPONENT":"Resistor 2.7kΩ ","PART_VALUE":"2.7kΩ","FINGER":"feb9603aabe025d53ee4c01726d43f2b"},
{"LAYER":"BOT","ID":"R889","COMPONENT":"Resistor 33Ω ","PART_VALUE":"33Ω","FINGER":"6171efc70a672f326d1f28f1a4873db4"},
{"LAYER":"TOP","ID":"RP351","COMPONENT":"Resistor Pack 9X10 ","PART_VALUE":"9X10","FINGER":"55630678166f8ead9ab9d9465826eac9,4f3a709a9b0b27bdff4db4f3cab1b532"},
{"LAYER":"TOP","ID":"ER356","COMPONENT":"Resistor 47Ω ","PART_VALUE":"47Ω","FINGER":"a4c1eada6d9360ec327166bcbe6d44c0"},
{"LAYER":"BOT","ID":"C703","COMPONENT":"Capacitor 220nF ","PART_VALUE":"220nF","FINGER":"51f6703d4a6db7dec1c30a60959c91e9"},
{"LAYER":"TOP","ID":"Q300","COMPONENT":"NPN 2N3904 ","PART_VALUE":"2N3904","FINGER":"c6ca7a9997ecc8690e35830a820ba9a7"},
{"LAYER":"TOP","ID":"J212","COMPONENT":"SPJUMPER ","PART_VALUE":"SPJUMPER","FINGER":"88a3465b52010e6726bccc69159644f6"},
{"LAYER":"TOP","ID":"FB364","COMPONENT":"FB ","PART_VALUE":"FB","FINGER":"62f668c424d631ea859ef920ca2ee7d2"},
{"LAYER":"BOT","ID":"R708","COMPONENT":"Resistor 1kΩ ","PART_VALUE":"1kΩ","FINGER":"da498403f91d03e9dba8b9fd8770a637"},
{"LAYER":"TOP","ID":"D500","COMPONENT":"Diode 1N4001 ","PART_VALUE":"1N4001","FINGER":"2d5f867bc7736d74bb4118ddd7bcb462"},
{"LAYER":"BOT","ID":"EC365","COMPONENT":"Capacitor 100pF ","PART_VALUE":"100pF","FINGER":"9dcea34d0b8012f85d1674a2e1c514a9"},
{"LAYER":"TOP","ID":"ER350","COMPONENT":"Resistor 47Ω ","PART_VALUE":"47Ω","FINGER":"4b82d929c133cb0928d1f1e1ea47c0e0"},
{"LAYER":"TOP","ID":"J502","COMPONENT":"SPJUMPER ","PART_VALUE":"SPJUMPER","FINGER":"79c42b9e08e100269e9be004e3cc9142"},
{"LAYER":"BOT","ID":"EC985","COMPONENT":"Capacitor 100pF ","PART_VALUE":"100pF","FINGER":"d4a30705c5dfbb360a3fe0313099eca3"},
{"LAYER":"BOT","ID":"R891","COMPONENT":"Resistor 33Ω ","PART_VALUE":"33Ω","FINGER":"0c73c1bb0cfd27ac9076c33051484fdd"},
{"LAYER":"BOT","ID":"R433","COMPONENT":"Resistor 1kΩ ","PART_VALUE":"1kΩ","FINGER":"68195842f63aebd4c5575b9d4b290f6f"},
{"LAYER":"TOP","ID":"J501","COMPONENT":"SPJUMPER ","PART_VALUE":"SPJUMPER","FINGER":"a8a62f0d4d978ee9f700e663b3223ee8"},
{"LAYER":"BOT","ID":"R911","COMPONENT":"Resistor 1kΩ ","PART_VALUE":"1kΩ","FINGER":"733b12b68f919c47c56abce81afd33a4"},
{"LAYER":"BOT","ID":"R621","COMPONENT":"Resistor 1kΩ ","PART_VALUE":"1kΩ","FINGER":"70d2fecbc641cd4a58caabc8f5704480"},
{"LAYER":"TOP","ID":"ER378","COMPONENT":"Resistor 47Ω ","PART_VALUE":"47Ω","FINGER":"49ee62b19f586022a3419f57915959c0"},
{"LAYER":"BOT","ID":"R895","COMPONENT":"Resistor 33Ω ","PART_VALUE":"33Ω","FINGER":"a06c77c93c2ee9db4dab032ae19cd29b"},
{"LAYER":"BOT","ID":"ER983","COMPONENT":"Resistor 47Ω ","PART_VALUE":"47Ω","FINGER":"df7b7f85c22ad8959dd7fc470c77d229"},
{"LAYER":"TOP","ID":"U702","COMPONENT":"IC null ","PART_VALUE":"null","FINGER":"c636b5959b0781cf108032c1fc0d863e"},
{"LAYER":"TOP","ID":"FB410","COMPONENT":"FB ","PART_VALUE":"FB","FINGER":"9739c075ab1d7a8d0e74fc652fe7a37a"},
{"LAYER":"TOP","ID":"CN600","COMPONENT":"CONN100 ","PART_VALUE":"CONN100","FINGER":"8f6bdf144dc5cf143585dc41c6c032af"},
{"LAYER":"BOT","ID":"EC367","COMPONENT":"Capacitor 100pF ","PART_VALUE":"100pF","FINGER":"261bd68f4edc4615efbac01fe8a732a8"},
{"LAYER":"BOT","ID":"EC362","COMPONENT":"Capacitor 47pF ","PART_VALUE":"47pF","FINGER":"ac21955a935b29421732a2cea5945999"},
{"LAYER":"BOT","ID":"R311","COMPONENT":"Resistor 22Ω ","PART_VALUE":"22Ω","FINGER":"bc98c5f713746fb1fbb525fab4ab9dab"},
{"LAYER":"TOP","ID":"Q430","COMPONENT":"MPF102 ","PART_VALUE":"MPF102","FINGER":"8efb88fc2a72959d0cf92282cc8b62fc"},
{"LAYER":"BOT","ID":"R403B","COMPONENT":"Resistor 10kΩ ","PART_VALUE":"10kΩ","FINGER":"e6db264432c522a16904d44fed4d4d87"},
{"LAYER":"TOP","ID":"R5","COMPONENT":"Resistor 2.7kΩ ","PART_VALUE":"2.7kΩ","FINGER":"730c6411fe89b78bc46ce0ebcbe54435"},
{"LAYER":"BOT","ID":"R403D","COMPONENT":"Resistor 2.4kΩ ","PART_VALUE":"2.4kΩ","FINGER":"a4ad7c0cf81932f4bf35265c83ee66e6"},
{"LAYER":"BOT","ID":"R620","COMPONENT":"Resistor 1kΩ ","PART_VALUE":"1kΩ","FINGER":"1fd818b2fe44f2c7bc4e3700788606dd"},
{"LAYER":"TOP","ID":"R22","COMPONENT":"Resistor 2.7kΩ ","PART_VALUE":"2.7kΩ","FINGER":"249bf5c567c67fef1f6718ffb5eb76cf"},
{"LAYER":"TOP","ID":"R512","COMPONENT":"Resistor 75Ω ","PART_VALUE":"75Ω","FINGER":"d4c1270476667e16889258d73b55300e"},
{"LAYER":"TOP","ID":"U892","COMPONENT":"IC null ","PART_VALUE":"null","FINGER":"7126e1fb770f4082385ec1ef8eccfd27"},
{"LAYER":"TOP","ID":"R536","COMPONENT":"Resistor 68Ω ","PART_VALUE":"68Ω","FINGER":"0f830a80396072d35e89a05bbcb9a5dd"},
{"LAYER":"BOT","ID":"C447","COMPONENT":"Capacitor 330pF ","PART_VALUE":"330pF","FINGER":"a32dbf6383e8e01d73ef03f255e659d0"},
{"LAYER":"TOP","ID":"R912","COMPONENT":"Resistor 1kΩ ","PART_VALUE":"1kΩ","FINGER":"82165974a0b43ecce01123b895284593"},
{"LAYER":"TOP","ID":"FB463","COMPONENT":"FB ","PART_VALUE":"FB","FINGER":"52ff774176d69db178c1ff481dc4a820"},
{"LAYER":"BOT","ID":"R215","COMPONENT":"Resistor 47Ω ","PART_VALUE":"47Ω","FINGER":"7272da1508f2f512c497e6e8dca716d2"},
{"LAYER":"TOP","ID":"R462","COMPONENT":"Resistor 47Ω ","PART_VALUE":"47Ω","FINGER":"20b6e08f685edcd6df82fd4443dca33c"},
{"LAYER":"BOT","ID":"R888","COMPONENT":"Resistor 33Ω ","PART_VALUE":"33Ω","FINGER":"644eadd5b3ca33b47617896817ce6135"},
{"LAYER":"TOP","ID":"ER373","COMPONENT":"Resistor 47Ω ","PART_VALUE":"47Ω","FINGER":"4727a8e450e950027cb28180ad1e1eaa"},
{"LAYER":"TOP","ID":"D505","COMPONENT":"Diode 1N4001 ","PART_VALUE":"1N4001","FINGER":"7eb9ef996eb93a9eb9775c4544d87118"},
{"LAYER":"TOP","ID":"D501","COMPONENT":"Diode 1N4001 ","PART_VALUE":"1N4001","FINGER":"8126edd00e0724604ce1444c9ed465c8"},
{"LAYER":"TOP","ID":"EC353","COMPONENT":"Capacitor 47pF ","PART_VALUE":"47pF","FINGER":"238e93a13042f1eb8ebf34e3f8b2d7cf"},
{"LAYER":"TOP","ID":"CN404","COMPONENT":"SPJUMPER ","PART_VALUE":"SPJUMPER","FINGER":"71e6d0715632ff44e5426a84d06a12f4"},
{"LAYER":"TOP","ID":"U216","COMPONENT":"IC null ","PART_VALUE":"null","FINGER":"eac87f1ee26b056f7f435487f1886794"},
{"LAYER":"BOT","ID":"EC371","COMPONENT":"Capacitor 100pF ","PART_VALUE":"100pF","FINGER":"9ee93239df97100af20393f64026c512"},
{"LAYER":"BOT","ID":"R359","COMPONENT":"Resistor 3.3kΩ ","PART_VALUE":"3.3kΩ","FINGER":"45b8e2839a88db7cf057cf684027147d"},
{"LAYER":"TOP","ID":"FB476","COMPONENT":"FB ","PART_VALUE":"FB","FINGER":"b4fdb52a57a065b26901f4228f79f4cc"},
{"LAYER":"BOT","ID":"R244","COMPONENT":"Resistor 33Ω ","PART_VALUE":"33Ω","FINGER":"ec89de7d0f647ff88ddbbc5bf064ea45"},
{"LAYER":"TOP","ID":"R403G","COMPONENT":"Resistor 4.7kΩ ","PART_VALUE":"4.7kΩ","FINGER":"a7a31fb753cdb697ff425c9c5b88919d"},
{"LAYER":"TOP","ID":"U402","COMPONENT":"IC LF347 ","PART_VALUE":"LF347","FINGER":"179c4356cdd9fc1ac55e6076f090dd77"},
{"LAYER":"BOT","ID":"C707","COMPONENT":"Capacitor 220nF ","PART_VALUE":"220nF","FINGER":"e475f5b1aff799eaceecc760d659307c"},
{"LAYER":"TOP","ID":"ER306","COMPONENT":"Resistor 47Ω ","PART_VALUE":"47Ω","FINGER":"6bf502560ccdd185c26d9d89df9d69e9"},
{"LAYER":"BOT","ID":"R896","COMPONENT":"Resistor 33Ω ","PART_VALUE":"33Ω","FINGER":"561dc122c3e0d12cb83f7451681ea7e7"},
{"LAYER":"TOP","ID":"EC351","COMPONENT":"Capacitor 47pF ","PART_VALUE":"47pF","FINGER":"5f29d6866fdec89caf70d3454919cdb1"},
{"LAYER":"BOT","ID":"C350","COMPONENT":"Capacitor 100nF ","PART_VALUE":"100nF","FINGER":"a9e801f25c5971fcb9022350bbc1c335"},
{"LAYER":"BOT","ID":"EC981","COMPONENT":"Capacitor 100pF ","PART_VALUE":"100pF","FINGER":"fce03f29cd2c12f4e25f783e9d8a818d"},
{"LAYER":"TOP","ID":"ER355","COMPONENT":"Resistor 47Ω ","PART_VALUE":"47Ω","FINGER":"a7da1f8c97cc1b19c5e49c97ec4eebbf"},
{"LAYER":"BOT","ID":"C903","COMPONENT":"Capacitor 100nF ","PART_VALUE":"100nF","FINGER":"b835765e32a38bb4925dfb1198ae6b1c"},
{"LAYER":"BOT","ID":"ER362","COMPONENT":"Resistor 47Ω ","PART_VALUE":"47Ω","FINGER":"02182f10f8b47aa3a7b22cc61b8fc7f0"},
{"LAYER":"TOP","ID":"U178","COMPONENT":"IC RP5C01 ","PART_VALUE":"RP5C01","FINGER":"4d828fec35698898564a63118080721b"},
{"LAYER":"BOT","ID":"C904","COMPONENT":"Capacitor 100nF ","PART_VALUE":"100nF","FINGER":"5c100411c1765e371857a5a3ac4a4c99"},
{"LAYER":"TOP","ID":"R539","COMPONENT":"Resistor 68Ω ","PART_VALUE":"68Ω","FINGER":"548b9d14a69d04299e9a2abde55a7e6d"},
{"LAYER":"BOT","ID":"R39","COMPONENT":"Resistor 2.7kΩ ","PART_VALUE":"2.7kΩ","FINGER":"3a2b047eb4acc1b10afb532a0b3bcf18"},
{"LAYER":"TOP","ID":"R981","COMPONENT":"Resistor 4.7kΩ ","PART_VALUE":"4.7kΩ","FINGER":"04b59962ed5bb75ee24cb03cddd63ba6"},
{"LAYER":"TOP","ID":"D300","COMPONENT":"Diode 1N4148 ","PART_VALUE":"1N4148","FINGER":"22f9270a5c03fafa1244342ccff80d96"},
{"LAYER":"BOT","ID":"C106","COMPONENT":"Capacitor 100nF ","PART_VALUE":"100nF","FINGER":"879324bb3ad45c37fa024d569fa95ee1"},
{"LAYER":"TOP","ID":"R43","COMPONENT":"Resistor 2.7kΩ ","PART_VALUE":"2.7kΩ","FINGER":"21cbfa8f54ab77ffb857336e871ed4fb"},
{"LAYER":"TOP","ID":"R456C","COMPONENT":"Resistor 47Ω ","PART_VALUE":"47Ω","FINGER":"8a5a135d8365e26585ce37b6c9edfd1b"},
{"LAYER":"BOT","ID":"R632","COMPONENT":"Resistor 1kΩ ","PART_VALUE":"1kΩ","FINGER":"27b5450487bdd5ac0058065140455b54"},
{"LAYER":"BOT","ID":"R65","COMPONENT":"Resistor 680Ω ","PART_VALUE":"680Ω","FINGER":"0fa673abbb1833adeb029bfd7f7d50f4"},
{"LAYER":"BOT","ID":"R991","COMPONENT":"Resistor 4.7kΩ ","PART_VALUE":"4.7kΩ","FINGER":"ff573ad444339b06760a94f9117c11f3"},
{"LAYER":"TOP","ID":"C404","COMPONENT":"Electrolytic 4.7µF ","PART_VALUE":"4.7µF","FINGER":"1db5bae7f4588eef3c82ae5a15bc6843"},
{"LAYER":"BOT","ID":"R988","COMPONENT":"Resistor 4.7kΩ ","PART_VALUE":"4.7kΩ","FINGER":"d117a79a438eb50a6e74a662818a23e3"},
{"LAYER":"TOP","ID":"U708","COMPONENT":"IC 74F245 ","PART_VALUE":"74F245","FINGER":"f113a9f4fdce6ddf2c02d759e3fba631"},
{"LAYER":"BOT","ID":"R60","COMPONENT":"Resistor 2.7kΩ ","PART_VALUE":"2.7kΩ","FINGER":"34ee90a74a94c1a3aa7015166ba204bf"},
{"LAYER":"TOP","ID":"C894","COMPONENT":"Capacitor 100nF ","PART_VALUE":"100nF","FINGER":"bf2183fe912f9e2b17b70cb1195a4a1f"},
{"LAYER":"BOT","ID":"R223","COMPONENT":"Resistor 47Ω ","PART_VALUE":"47Ω","FINGER":"51cad0849fbb0b8c4ec8c7e3f571e4cc"},
{"LAYER":"BOT","ID":"R171","COMPONENT":"Resistor 1kΩ ","PART_VALUE":"1kΩ","FINGER":"2c83e3834b15aba4c1c4bdcea3c56259"},
{"LAYER":"BOT","ID":"R904","COMPONENT":"Resistor 2.7kΩ ","PART_VALUE":"2.7kΩ","FINGER":"5c6b471c1696d3b275be50f17e520f8e"},
{"LAYER":"TOP","ID":"R12","COMPONENT":"Resistor 2.7kΩ ","PART_VALUE":"2.7kΩ","FINGER":"1af0c02ae7d15cb5b465fefe90dd6bdf"},
{"LAYER":"TOP","ID":"ER375","COMPONENT":"Resistor 47Ω ","PART_VALUE":"47Ω","FINGER":"99ca4e53b858d50d5d7bc2b128812e40"},
{"LAYER":"TOP","ID":"U400","COMPONENT":"IC PAULA ","PART_VALUE":"PAULA","FINGER":"3938a1cae1f3abdcb2b7c27bcd26b5ce"},
{"LAYER":"TOP","ID":"U211","COMPONENT":"IC 8374 ","PART_VALUE":"8374","FINGER":"d68c375c7f54838802f9573a42d977cb"},
{"LAYER":"TOP","ID":"R74","COMPONENT":"Resistor 2.7kΩ ","PART_VALUE":"2.7kΩ","FINGER":"eb4e97d41241aa483fd48718b63f1bd8"},
{"LAYER":"BOT","ID":"R242","COMPONENT":"Resistor 33Ω ","PART_VALUE":"33Ω","FINGER":"a74c7a2488066d2e4104dd1704b800e5"},
{"LAYER":"TOP","ID":"R54","COMPONENT":"Resistor 2.7kΩ ","PART_VALUE":"2.7kΩ","FINGER":"d93ef23e63419d471e93a570bd011ae7"},
{"LAYER":"TOP","ID":"EC457","COMPONENT":"Capacitor 100pF ","PART_VALUE":"100pF","FINGER":"9a8261784e22cf64af91a242ce3996b5"},
{"LAYER":"TOP","ID":"C513","COMPONENT":"Capacitor 100nF ","PART_VALUE":"100nF","FINGER":"882c35a60b6a677f84afaa2e18b5b413"},
{"LAYER":"TOP","ID":"R463","COMPONENT":"Resistor 47Ω ","PART_VALUE":"47Ω","FINGER":"988b36cab770898f4babdad443daf7d1"},
{"LAYER":"BOT","ID":"R231","COMPONENT":"Resistor 33Ω ","PART_VALUE":"33Ω","FINGER":"d48f4b5c851f41c4a30b96748bfa0f00"},
{"LAYER":"TOP","ID":"FB464","COMPONENT":"FB ","PART_VALUE":"FB","FINGER":"afb5fc90f64c982bf871fa9f1511c344"},
{"LAYER":"BOT","ID":"R358","COMPONENT":"Resistor 3.3kΩ ","PART_VALUE":"3.3kΩ","FINGER":"9f94ee82e2d39aab10ddfe36a1c069bc"},
{"LAYER":"TOP","ID":"R527","COMPONENT":"Resistor 68Ω ","PART_VALUE":"68Ω","FINGER":"a0f989d49dfa4d97d67e0036542f0e99"},
{"LAYER":"TOP","ID":"ER305","COMPONENT":"Resistor 47Ω ","PART_VALUE":"47Ω","FINGER":"e0e8edbdcd64657dabbf72d113e5b3c1"},
{"LAYER":"BOT","ID":"R631","COMPONENT":"Resistor 1kΩ ","PART_VALUE":"1kΩ","FINGER":"092d55adb5f3bbedc2bfb50dad68c791"},
{"LAYER":"BOT","ID":"C706","COMPONENT":"Capacitor 220nF ","PART_VALUE":"220nF","FINGER":"c8aca11ceb43bc2c7048a6bfc01b16ce"},
{"LAYER":"TOP","ID":"ER368","COMPONENT":"Resistor 47Ω ","PART_VALUE":"47Ω","FINGER":"45d8019ba02ab6f160792fd785266c85"},
{"LAYER":"BOT","ID":"ER175","COMPONENT":"Resistor 47Ω ","PART_VALUE":"47Ω","FINGER":"a4536a29ca265dc05f84a35880f0caeb"},
{"LAYER":"TOP","ID":"D507","COMPONENT":"LM385-1.2 ","PART_VALUE":"LM385-1.2","FINGER":"36dedfecf84e2d451252faa750a0a57b"},
{"LAYER":"BOT","ID":"R903","COMPONENT":"Resistor 11kΩ ","PART_VALUE":"11kΩ","FINGER":"695dc49314d2a70a0505b9e27bf7fe20"},
{"LAYER":"BOT","ID":"R357","COMPONENT":"Resistor 3.3kΩ ","PART_VALUE":"3.3kΩ","FINGER":"83a418980adea947da50aac2782da103"},
{"LAYER":"TOP","ID":"R984","COMPONENT":"Resistor 4.7kΩ ","PART_VALUE":"4.7kΩ","FINGER":"29645a73da621b2ee298af33591769de"},
{"LAYER":"TOP","ID":"R381","COMPONENT":"Resistor 1kΩ ","PART_VALUE":"1kΩ","FINGER":"faacd3cb9fc850129b70040909ebc119"},
{"LAYER":"TOP","ID":"C400A","COMPONENT":"Electrolytic 470µF ","PART_VALUE":"470µF","FINGER":"8dedd86a28e06d310cde6f64a919226d"},
{"LAYER":"BOT","ID":"R618","COMPONENT":"Resistor 1kΩ ","PART_VALUE":"1kΩ","FINGER":"70da7a250bfd38ea139fd4c0ba9ca62a"},
{"LAYER":"TOP","ID":"R460","COMPONENT":"Resistor 47Ω ","PART_VALUE":"47Ω","FINGER":"404290576619562729b13c1265e497b7"},
{"LAYER":"TOP","ID":"R514","COMPONENT":"Resistor 10kΩ ","PART_VALUE":"10kΩ","FINGER":"adbe9f2dd8e506a0c1a27ba4afcad702"},
{"LAYER":"BOT","ID":"C860","COMPONENT":"Capacitor 100nF ","PART_VALUE":"100nF","FINGER":"72cf6626ccea9bda5d7a892171cb6b66"},
{"LAYER":"TOP","ID":"EC307","COMPONENT":"Capacitor 100pF ","PART_VALUE":"100pF","FINGER":"c916efbdc47d450a5a779285fdab1d1d"},
{"LAYER":"TOP","ID":"R44","COMPONENT":"Resistor 2.7kΩ ","PART_VALUE":"2.7kΩ","FINGER":"e1b115feb59af0f2395cfad87a8ef319"},
{"LAYER":"BOT","ID":"R63","COMPONENT":"Resistor 2.7kΩ ","PART_VALUE":"2.7kΩ","FINGER":"cbd18c5bd03dd925a991a19d8482f39d"},
{"LAYER":"TOP","ID":"U140","COMPONENT":"IC 74F32 ","PART_VALUE":"74F32","FINGER":"4d26f3b1c9803cf4999ae812f0904845"},
{"LAYER":"BOT","ID":"C892","COMPONENT":"Capacitor 100nF ","PART_VALUE":"100nF","FINGER":"a3f94bceb6314c4b8d923d3afc89c1a2"},
{"LAYER":"TOP","ID":"R457E","COMPONENT":"Resistor 47Ω ","PART_VALUE":"47Ω","FINGER":"893e01ec1b1f78b863bb6bc4cebd4f5d"},
{"LAYER":"TOP","ID":"U852","COMPONENT":"IC X32 SIMM ","PART_VALUE":"SIMM","FINGER":"386ad6a29eaede0dcf90ae5cabd39416"},
{"LAYER":"TOP","ID":"R82","COMPONENT":"Resistor 1.2kΩ ","PART_VALUE":"1.2kΩ","FINGER":"b2e9114dd90f6b373d045e9553ffb279"},
{"LAYER":"TOP","ID":"R127","COMPONENT":"Resistor 1kΩ ","PART_VALUE":"1kΩ","FINGER":"a58e24e96fa12364af2450aba4b7484e"},
{"LAYER":"BOT","ID":"R233","COMPONENT":"Resistor 33Ω ","PART_VALUE":"33Ω","FINGER":"cd2c344247d0b8ae0f552c3b8848c3e2"},
{"LAYER":"BOT","ID":"R106","COMPONENT":"Resistor 47Ω ","PART_VALUE":"47Ω","FINGER":"237f83c1f1f49eb9c12f5c0476684078"},
{"LAYER":"BOT","ID":"R703","COMPONENT":"Resistor 47Ω ","PART_VALUE":"47Ω","FINGER":"386b6581b6a6c5e6f835e9ea4c3456c9"},
{"LAYER":"TOP","ID":"CN351","COMPONENT":"34 DIL ","PART_VALUE":"DIL","FINGER":"a680dc509a4306963691f807651f8d2c"},
{"LAYER":"TOP","ID":"R526","COMPONENT":"Resistor 68Ω ","PART_VALUE":"68Ω","FINGER":"25a2e12fcca596c74be8c7051a9ae735"},
{"LAYER":"BOT","ID":"R701","COMPONENT":"Resistor 47Ω ","PART_VALUE":"47Ω","FINGER":"6a6134c6f29bde085e1bf88cf150422c"},
{"LAYER":"BOT","ID":"C702","COMPONENT":"Capacitor 220nF ","PART_VALUE":"220nF","FINGER":"79f0ad112a40512fed0bc008ad6ae1f5"},
{"LAYER":"TOP","ID":"R457F","COMPONENT":"Resistor 47Ω ","PART_VALUE":"47Ω","FINGER":"b66d7f4987cf9b5d4897c53a094e16df"},
{"LAYER":"BOT","ID":"R73","COMPONENT":"Resistor 1kΩ ","PART_VALUE":"1kΩ","FINGER":"f62939031c4757c9e828e8b81cf7db96"},
{"LAYER":"BOT","ID":"EC369","COMPONENT":"Capacitor 100pF ","PART_VALUE":"100pF","FINGER":"a7fba8af7e0a92888226b908d16f8b23"},
{"LAYER":"TOP","ID":"R525","COMPONENT":"Resistor 68Ω ","PART_VALUE":"68Ω","FINGER":"22242ee447f54e0dc9ec9575e71bf639"},
{"LAYER":"TOP","ID":"R53","COMPONENT":"Resistor 2.7kΩ ","PART_VALUE":"2.7kΩ","FINGER":"105c1f50bd9f2915a4669cd8897fbcd1"},
{"LAYER":"BOT","ID":"C456","COMPONENT":"Capacitor 100nF ","PART_VALUE":"100nF","FINGER":"d520a03c3f326decb9dbba4c455e39be"},
{"LAYER":"TOP","ID":"R533","COMPONENT":"Resistor 68Ω ","PART_VALUE":"68Ω","FINGER":"8ed334aecc95975f8973a77df100740b"},
{"LAYER":"TOP","ID":"R13","COMPONENT":"Resistor 2.7kΩ ","PART_VALUE":"2.7kΩ","FINGER":"9aa5c4760dbbfba94a21c8ca82f3e509"},
{"LAYER":"TOP","ID":"R432","COMPONENT":"Resistor 10kΩ ","PART_VALUE":"10kΩ","FINGER":"a0ac50cf8a988f0c1c8bfa26ec6118e9"},
{"LAYER":"TOP","ID":"U403","COMPONENT":"IC LM833 ","PART_VALUE":"LM833","FINGER":"a00e092e1346ef9abd03bf684d6384d0"},
{"LAYER":"TOP","ID":"U711","COMPONENT":"IC null ","PART_VALUE":"null","FINGER":"e704475ce8658857c8c153147a89bdf0"},
{"LAYER":"BOT","ID":"ER984","COMPONENT":"Resistor 47Ω ","PART_VALUE":"47Ω","FINGER":"c215ad3e66c3f5a97e95502d6a8e36c3"},
{"LAYER":"TOP","ID":"VC190","COMPONENT":"Varicap 22-47pF ","PART_VALUE":"22-47pF","FINGER":"a27ab474a14ec784765871d72c93ff05,9fbbde60929b03584fb3167b704fc56f,d8b90809ee557bdb30580af00271834f"},
{"LAYER":"TOP","ID":"D305","COMPONENT":"Diode 1N4001 ","PART_VALUE":"1N4001","FINGER":"7ef07d18e5eb18c3c93c1b4291ca4830"},
{"LAYER":"TOP","ID":"R989","COMPONENT":"Resistor 4.7kΩ ","PART_VALUE":"4.7kΩ","FINGER":"7d3179be34dfb7e3bbd5d6ff717808a9"},
{"LAYER":"TOP","ID":"CN160","COMPONENT":"POW15 ","PART_VALUE":"POW15","FINGER":"c0bc6075cbd9097b411054f148edc675"},
{"LAYER":"BOT","ID":"R403C","COMPONENT":"Resistor 4.7kΩ ","PART_VALUE":"4.7kΩ","FINGER":"8bc099a20b77aa3ed06957a143bee123"},
{"LAYER":"TOP","ID":"U891","COMPONENT":"IC null ","PART_VALUE":"null","FINGER":"677969439eaf2ea75f59de0112addcb8"},
{"LAYER":"BOT","ID":"C460D","COMPONENT":"Capacitor 10nF ","PART_VALUE":"10nF","FINGER":"ce72634255555744ce51c27dc1b830f5"},
{"LAYER":"BOT","ID":"R232","COMPONENT":"Resistor 33Ω ","PART_VALUE":"33Ω","FINGER":"ad3c8b68e682d5daa1cf4c8f098b653f"},
{"LAYER":"TOP","ID":"U304","COMPONENT":"IC 1488 ","PART_VALUE":"1488","FINGER":"4c9706ca52ecc18efe4f39ce2562a23a"},
{"LAYER":"TOP","ID":"C190","COMPONENT":"Electrolytic 47µF ","PART_VALUE":"47µF","FINGER":"09bd4796e1134b5931ba16a96bf4cd67"},
{"LAYER":"TOP","ID":"ER353","COMPONENT":"Resistor 47Ω ","PART_VALUE":"47Ω","FINGER":"ef2e8a9ca33a77435280d7877f009f16"},
{"LAYER":"TOP","ID":"C187","COMPONENT":"Electrolytic 47µF ","PART_VALUE":"47µF","FINGER":"a3ce9bef76f52c8c08bfdefeabae51af"},
{"LAYER":"TOP","ID":"R41","COMPONENT":"Resistor 2.7kΩ ","PART_VALUE":"2.7kΩ","FINGER":"40e2cd4362b2b9d2550d5e08574384a4"},
{"LAYER":"BOT","ID":"R105","COMPONENT":"Resistor 47Ω ","PART_VALUE":"47Ω","FINGER":"8f451449cfbaade5c417542a4b187a58"},
{"LAYER":"TOP","ID":"C192","COMPONENT":"Electrolytic 47µF ","PART_VALUE":"47µF","FINGER":"329325a5c27a6ba52e85f92ccd2ef1ea"},
{"LAYER":"TOP","ID":"R457G","COMPONENT":"Resistor 47Ω ","PART_VALUE":"47Ω","FINGER":"7ae9d12cd72ff3a83fcb1bf990f39a4f"},
{"LAYER":"BOT","ID":"R455E","COMPONENT":"Resistor 47Ω ","PART_VALUE":"47Ω","FINGER":"ea0dbfde58529acd0e4b49c2c73bb20b"},
{"LAYER":"BOT","ID":"R615","COMPONENT":"Resistor 1kΩ ","PART_VALUE":"1kΩ","FINGER":"821b38704ec2aeeef0cac5e3a14814ea"},
{"LAYER":"TOP","ID":"U213","COMPONENT":"IC 16L8-10 ","PART_VALUE":"16L8-10","FINGER":"8b9c572fddd94e5de8f97963aab41972"},
{"LAYER":"TOP","ID":"EC358","COMPONENT":"Capacitor 47pF ","PART_VALUE":"47pF","FINGER":"bd623c7b06447a5ed03039f74dee9859"},
{"LAYER":"BOT","ID":"C460E","COMPONENT":"Capacitor 10nF ","PART_VALUE":"10nF","FINGER":"e96eb5bd453e88fde440ba48b3eb6814"},
{"LAYER":"TOP","ID":"U714","COMPONENT":"IC PAL16L8D ","PART_VALUE":"PAL16L8D","FINGER":"c174b96675f037b1090cbb8ab0fc7f95"},
{"LAYER":"BOT","ID":"EC309","COMPONENT":"Capacitor 100pF ","PART_VALUE":"100pF","FINGER":"8570d6a0ab3e6dc6edcf5706fbe83573"},
{"LAYER":"BOT","ID":"C205","COMPONENT":"Capacitor 100nF ","PART_VALUE":"100nF","FINGER":"7aa293413530994826f1fdb5d12787c1"},
{"LAYER":"BOT","ID":"C902","COMPONENT":"Capacitor 100nF ","PART_VALUE":"100nF","FINGER":"f9ba2d8ffeff36523bf084ebbead02ae"},
{"LAYER":"TOP","ID":"EC356","COMPONENT":"Capacitor 47pF ","PART_VALUE":"47pF","FINGER":"37787d5486b2e6e522b1a9102b43c0c7"},
{"LAYER":"TOP","ID":"R456A","COMPONENT":"Resistor 47Ω ","PART_VALUE":"47Ω","FINGER":"4155531297f19fb10d4cec25f1d86d96"},
{"LAYER":"TOP","ID":"R541","COMPONENT":"Resistor 68Ω ","PART_VALUE":"68Ω","FINGER":"a610c02a94ae5728cddb50dbcad79bcf"},
{"LAYER":"BOT","ID":"EC375","COMPONENT":"Capacitor 100pF ","PART_VALUE":"100pF","FINGER":"c5630b149ea9fc46b37d08e354e4f146"},
{"LAYER":"BOT","ID":"R639","COMPONENT":"Resistor 1kΩ ","PART_VALUE":"1kΩ","FINGER":"300fa67535717e0e60e0297b8cb0673d"},
{"LAYER":"BOT","ID":"R162","COMPONENT":"Resistor 47Ω ","PART_VALUE":"47Ω","FINGER":"67d1f526cc191e05d80abd636b84d6af"},
{"LAYER":"TOP","ID":"EC352","COMPONENT":"Capacitor 47pF ","PART_VALUE":"47pF","FINGER":"ffd2169bac44df2709c9576adbefb6ff"},
{"LAYER":"BOT","ID":"R218","COMPONENT":"Resistor 47Ω ","PART_VALUE":"47Ω","FINGER":"c1de0356c263ada7a75b8bbca70bf6d3"},
{"LAYER":"BOT","ID":"C975","COMPONENT":"Capacitor 100nF ","PART_VALUE":"100nF","FINGER":"f2394de32cc6d8bfa0adf41d73a801d5"},
{"LAYER":"TOP","ID":"C408","COMPONENT":"Electrolytic 47µF ","PART_VALUE":"47µF","FINGER":"d1fa9b195523d1068c5b81ee0125eef3"},
{"LAYER":"TOP","ID":"C196","COMPONENT":"Electrolytic 47µF ","PART_VALUE":"47µF","FINGER":"a4166db63b6329b738bd9cdef0addace"},
{"LAYER":"BOT","ID":"C402A","COMPONENT":"Capacitor 100nF ","PART_VALUE":"100nF","FINGER":"82109bea447fbaf523035d2f67d5512b"},
{"LAYER":"TOP","ID":"U907","COMPONENT":"IC 74HCT174 ","PART_VALUE":"74HCT174","FINGER":"cde0b899a8cc315b25647986f696ab2b"},
{"LAYER":"BOT","ID":"R710","COMPONENT":"Resistor 1kΩ ","PART_VALUE":"1kΩ","FINGER":"0bc3344c36252f32323ccf34b6b2f015"},
{"LAYER":"BOT","ID":"C103","COMPONENT":"Capacitor 100nF ","PART_VALUE":"100nF","FINGER":"9572c2f67006c2562a0c1a5dcf0f46f0"},
{"LAYER":"BOT","ID":"R305","COMPONENT":"Resistor 10kΩ ","PART_VALUE":"10kΩ","FINGER":"ffbdc96c6c633defe7b3cbdaa3db25fd"},
{"LAYER":"BOT","ID":"R403F","COMPONENT":"Resistor 10kΩ ","PART_VALUE":"10kΩ","FINGER":"3ab713e67a743a754bab06fd60284b9a"},
{"LAYER":"BOT","ID":"R509","COMPONENT":"Resistor 1%Ω ","PART_VALUE":"1%Ω","FINGER":"406caacede7fb80b75230a1bb98b9f4f"},
{"LAYER":"BOT","ID":"R886","COMPONENT":"Resistor 33Ω ","PART_VALUE":"33Ω","FINGER":"7fb9a289d830e1b6085f101153bc6ff6"},
{"LAYER":"BOT","ID":"C250A","COMPONENT":"Capacitor 100nF ","PART_VALUE":"100nF","FINGER":"a1426da9a124ba61b5a393ed67d4d00b"},
{"LAYER":"BOT","ID":"R181","COMPONENT":"Resistor 1kΩ ","PART_VALUE":"1kΩ","FINGER":"e8016911e7d58ec11eab115bf6b337e5"},
{"LAYER":"BOT","ID":"EC363","COMPONENT":"Capacitor 47pF ","PART_VALUE":"47pF","FINGER":"c63bb833ba53957a2567800cf845fb71"},
{"LAYER":"TOP","ID":"R521","COMPONENT":"Resistor 68Ω ","PART_VALUE":"68Ω","FINGER":"fdccf5142cb65a6121a3ffb2777c90f5"},
{"LAYER":"BOT","ID":"R236","COMPONENT":"Resistor 33Ω ","PART_VALUE":"33Ω","FINGER":"ba515deb40be9d06aa4202b55d840312"},
{"LAYER":"TOP","ID":"U850","COMPONENT":"IC X32 SIMM ","PART_VALUE":"SIMM","FINGER":"28f23213e4dbf2eeca1f20e7e8e3b43c"},
{"LAYER":"TOP","ID":"EC461","COMPONENT":"Capacitor 100pF ","PART_VALUE":"100pF","FINGER":"1150d6f8ccf09ba044d5fb352e61ce99"},
{"LAYER":"TOP","ID":"ER361","COMPONENT":"Resistor 47Ω ","PART_VALUE":"47Ω","FINGER":"83e46690fc36730714ebe7b03d36fc1b"},
{"LAYER":"BOT","ID":"R179","COMPONENT":"Resistor 1.2kΩ ","PART_VALUE":"1.2kΩ","FINGER":"75b4d01e5b9767a751c66c3514be5e7b"},
{"LAYER":"TOP","ID":"D362","COMPONENT":"Diode 1N4001 ","PART_VALUE":"1N4001","FINGER":"81cb8743008c9d813a698a830ce2687b"},
{"LAYER":"BOT","ID":"R455G","COMPONENT":"Resistor 47Ω ","PART_VALUE":"47Ω","FINGER":"932e117b791ce9a18dcfe73ee71244e7"},
{"LAYER":"BOT","ID":"R128","COMPONENT":"Resistor 1kΩ ","PART_VALUE":"1kΩ","FINGER":"4a5c667b64ce013c29c0049bb2e5d589"},
{"LAYER":"TOP","ID":"D178","COMPONENT":"Diode 1N4148 ","PART_VALUE":"1N4148","FINGER":"32eef1f1a1ed3913898ea965d3cb11bf"},
{"LAYER":"BOT","ID":"R161","COMPONENT":"Resistor 47Ω ","PART_VALUE":"47Ω","FINGER":"c10dee67123c5ec4a7de53d2ecdaac56"},
{"LAYER":"TOP","ID":"U205","COMPONENT":"IC 74HC4066 ","PART_VALUE":"74HC4066","FINGER":"065863849cf8d4889963a81b4911f8b8"},
{"LAYER":"BOT","ID":"R500","COMPONENT":"Resistor 47Ω ","PART_VALUE":"47Ω","FINGER":"453906f8b684524237baf84940ed63f0"},
{"LAYER":"BOT","ID":"R455F","COMPONENT":"Resistor 47Ω ","PART_VALUE":"47Ω","FINGER":"d7cae857f8ae96f31263ca796c87b234"},
{"LAYER":"BOT","ID":"R885","COMPONENT":"Resistor 33Ω ","PART_VALUE":"33Ω","FINGER":"a9713af312a1db3ff7ee7dad88a073ae"},
{"LAYER":"BOT","ID":"R617","COMPONENT":"Resistor 1kΩ ","PART_VALUE":"1kΩ","FINGER":"40e8d57ebae07235306193afabe1f8f8"},
{"LAYER":"BOT","ID":"EC978","COMPONENT":"Capacitor 100pF ","PART_VALUE":"100pF","FINGER":"024a2e1bfb13bdc4b72f0679fac2d3b1"},
{"LAYER":"BOT","ID":"R234","COMPONENT":"Resistor 33Ω ","PART_VALUE":"33Ω","FINGER":"1aaee9ba680ad43d136837e0777150a0"},
{"LAYER":"TOP","ID":"C458","COMPONENT":"Capacitor 100nF ","PART_VALUE":"100nF","FINGER":"264d714c6ee80b1f2db241241679433f"},
{"LAYER":"BOT","ID":"R36","COMPONENT":"Resistor 2.7kΩ ","PART_VALUE":"2.7kΩ","FINGER":"ffdb00caf6b60dbf2722039c637b6160"},
{"LAYER":"BOT","ID":"R442","COMPONENT":"Resistor 10kΩ ","PART_VALUE":"10kΩ","FINGER":"4959bce9c82e589efd02e205587688cc"},
{"LAYER":"BOT","ID":"R401","COMPONENT":"Resistor 1kΩ ","PART_VALUE":"1kΩ","FINGER":"5bc65171f1c5e4ed6f6f8da2374cd6e5"},
{"LAYER":"BOT","ID":"EC376","COMPONENT":"Capacitor 100pF ","PART_VALUE":"100pF","FINGER":"86ffdeebd97a1e7367a7a77abec2ce75"},
{"LAYER":"BOT","ID":"R68","COMPONENT":"Resistor 1kΩ ","PART_VALUE":"1kΩ","FINGER":"8eb8ae6c7c8ec51b5d20303cbbbc01cf"},
{"LAYER":"BOT","ID":"C411","COMPONENT":"Capacitor 47nF ","PART_VALUE":"47nF","FINGER":"8870e5317ccb92850a287a01af0b4af5"},
{"LAYER":"TOP","ID":"ER307","COMPONENT":"Resistor 47Ω ","PART_VALUE":"47Ω","FINGER":"7d636242bc92aac16fce0dc4143d577f"},
{"LAYER":"BOT","ID":"R884","COMPONENT":"Resistor 33Ω ","PART_VALUE":"33Ω","FINGER":"4b728e3f9d4b2a600e9b3b0b84ba08a2"},
{"LAYER":"BOT","ID":"R905","COMPONENT":"Resistor 2.7kΩ ","PART_VALUE":"2.7kΩ","FINGER":"40f5ff9eed32beb52de719730d92e00b"},
{"LAYER":"TOP","ID":"R46","COMPONENT":"Resistor 2.7kΩ ","PART_VALUE":"2.7kΩ","FINGER":"3681b1b627228a417fb94a2bb0e77956"},
{"LAYER":"BOT","ID":"ER985","COMPONENT":"Resistor 47Ω ","PART_VALUE":"47Ω","FINGER":"c09bd8a5ee68f8949b6d54bd506745b2"},
{"LAYER":"TOP","ID":"R170","COMPONENT":"Resistor 47Ω ","PART_VALUE":"47Ω","FINGER":"6ba5ac49ea854dd639e5146d27c46262"},
{"LAYER":"TOP","ID":"R540","COMPONENT":"Resistor 68Ω ","PART_VALUE":"68Ω","FINGER":"dfd8c910d976cb10484408b83fbd6b63"},
{"LAYER":"BOT","ID":"EC184","COMPONENT":"Capacitor 100pF ","PART_VALUE":"100pF","FINGER":"1c1e4b71744f147a641470de771ac8c5"},
{"LAYER":"BOT","ID":"C216","COMPONENT":"Capacitor 100nF ","PART_VALUE":"100nF","FINGER":"24d19e29048575056442f0093139daee"},
{"LAYER":"TOP","ID":"ER377","COMPONENT":"Resistor 47Ω ","PART_VALUE":"47Ω","FINGER":"09e3d37f285c1a9290b872da5c5c038d"},
{"LAYER":"TOP","ID":"C406","COMPONENT":"Capacitor 220nF ","PART_VALUE":"220nF","FINGER":"152df038217a7d0b87808a026345e743"},
{"LAYER":"BOT","ID":"R975","COMPONENT":"Resistor 1kΩ ","PART_VALUE":"1kΩ","FINGER":"662b321ad74539d558befd2d0e163519"},
{"LAYER":"BOT","ID":"C460A","COMPONENT":"Capacitor 100nF ","PART_VALUE":"100nF","FINGER":"3689af128345f9a526b8c2e529b9b1b0"},
{"LAYER":"BOT","ID":"R301","COMPONENT":"Resistor 47Ω ","PART_VALUE":"47Ω","FINGER":"b754e7b813858dd5effd7a573a12d810"},
{"LAYER":"TOP","ID":"C150","COMPONENT":"Capacitor 220nF ","PART_VALUE":"220nF","FINGER":"40cabb34e79d9b6c6de6bca07a20530b"},
{"LAYER":"BOT","ID":"EC983","COMPONENT":"Capacitor 100pF ","PART_VALUE":"100pF","FINGER":"c819a783cb60dc5c26e10b9c59677b76"},
{"LAYER":"BOT","ID":"R721","COMPONENT":"Resistor 1kΩ ","PART_VALUE":"1kΩ","FINGER":"5a43c551b35a8ca3f9f0dc0830af9f38"},
{"LAYER":"BOT","ID":"R892","COMPONENT":"Resistor 33Ω ","PART_VALUE":"33Ω","FINGER":"869b370631846f0f90b56541484f7ef9"},
{"LAYER":"BOT","ID":"R40","COMPONENT":"Resistor 2.7kΩ ","PART_VALUE":"2.7kΩ","FINGER":"e1eae65d009f0b8780b1a1a382b0e1c9"},
{"LAYER":"TOP","ID":"R543","COMPONENT":"Resistor 68Ω ","PART_VALUE":"68Ω","FINGER":"82f7679b674fbdf8026ab0b1acffbd07"},
{"LAYER":"BOT","ID":"EC182","COMPONENT":"Capacitor 100pF ","PART_VALUE":"100pF","FINGER":"2797745cfcf97e5fe6b51cecd367dfc1"},
{"LAYER":"BOT","ID":"C130","COMPONENT":"Capacitor 100nF ","PART_VALUE":"100nF","FINGER":"3e5cfa698d3d0675ae0dec1c062dd506"},
{"LAYER":"BOT","ID":"R455B","COMPONENT":"Resistor 47Ω ","PART_VALUE":"47Ω","FINGER":"f3695714fae3e8885079e965781e9b24"},
{"LAYER":"TOP","ID":"ER475","COMPONENT":"Resistor 68Ω ","PART_VALUE":"68Ω","FINGER":"995ea4c41ec96869fb0f1da40173d3fa"},
{"LAYER":"BOT","ID":"R635","COMPONENT":"Resistor 1kΩ ","PART_VALUE":"1kΩ","FINGER":"64e37434be96c520e99b84201327ede5"},
{"LAYER":"TOP","ID":"D360","COMPONENT":"Diode 1N4001 ","PART_VALUE":"1N4001","FINGER":"40c02865589fbc2cb16cc6d4584bd7e8"},
{"LAYER":"BOT","ID":"C891","COMPONENT":"Capacitor 100nF ","PART_VALUE":"100nF","FINGER":"7f88a89bf0e366d700b6c5d1f831aca5"},
{"LAYER":"TOP","ID":"U103","COMPONENT":"IC 74FCT244T ","PART_VALUE":"74FCT244T","FINGER":"85fe92e9913e3a4eadf18f4d42716b80"},
{"LAYER":"TOP","ID":"C407","COMPONENT":"Electrolytic 47µF ","PART_VALUE":"47µF","FINGER":"91b1b0698695da781164c562d9e22818"},
{"LAYER":"TOP","ID":"R81","COMPONENT":"Resistor 1.2kΩ ","PART_VALUE":"1.2kΩ","FINGER":"ea119b16a67658f98398a29800a93d79"},
{"LAYER":"TOP","ID":"D175","COMPONENT":"Diode 1N4001 ","PART_VALUE":"1N4001","FINGER":"7efd53cfa5870b438e93052ccf6ab2c0"},
{"LAYER":"TOP","ID":"U460","COMPONENT":"IC ADV7120 ","PART_VALUE":"ADV7120","FINGER":"ef49050305164b2e091e154a8facae08"},
{"LAYER":"TOP","ID":"CN450","COMPONENT":"PIN ","PART_VALUE":"PIN","FINGER":"14a91a712076b637662f90cc51594219,f7f10bc3ea3aa4cb39a03a747feed6f6"},
{"LAYER":"TOP","ID":"U152","COMPONENT":"IC 16R4-10 ","PART_VALUE":"16R4-10","FINGER":"4695685751572050e04392002e8424ff"},
{"LAYER":"TOP","ID":"U176","COMPONENT":"IC null ","PART_VALUE":"null","FINGER":"9162507a2bea759f9d1947278f5e8553"},
{"LAYER":"TOP","ID":"R356","COMPONENT":"Resistor 3.3kΩ ","PART_VALUE":"3.3kΩ","FINGER":"637da9710952358d76e6bac902ee25c8"},
{"LAYER":"BOT","ID":"R103","COMPONENT":"Resistor 47Ω ","PART_VALUE":"47Ω","FINGER":"f388b59004e9f5ef5f382adeedf9a90a"},
{"LAYER":"TOP","ID":"R10","COMPONENT":"Resistor 2.7kΩ ","PART_VALUE":"2.7kΩ","FINGER":"7354dc1771eac017e50ceb69c773875a"},
{"LAYER":"BOT","ID":"R355","COMPONENT":"Resistor 3.3kΩ ","PART_VALUE":"3.3kΩ","FINGER":"71392ad6432833af259d83a63a13e0dc"},
{"LAYER":"TOP","ID":"RP176","COMPONENT":"Resistor Pack 7X8 ","PART_VALUE":"7X8","FINGER":"3d0853c724c8a502604135d311774366,0f0290a77def8eb6359c1a216bb52a08"},
{"LAYER":"TOP","ID":"R520","COMPONENT":"Resistor 68Ω ","PART_VALUE":"68Ω","FINGER":"a6174a2930cc2eaee493c541c7077872"},
{"LAYER":"TOP","ID":"J213","COMPONENT":"SPJUMPER ","PART_VALUE":"SPJUMPER","FINGER":"1f865b1ed841c06cc4e4a0446cb297af"},
{"LAYER":"BOT","ID":"R441","COMPONENT":"Resistor 10kΩ ","PART_VALUE":"10kΩ","FINGER":"85b8aadbdd4038a50dc46fd9ab04c08d"},
{"LAYER":"BOT","ID":"R30","COMPONENT":"Resistor 2.7kΩ ","PART_VALUE":"2.7kΩ","FINGER":"88b009990993646df5e151c9e2839f37"},
{"LAYER":"BOT","ID":"R661","COMPONENT":"Resistor 47Ω ","PART_VALUE":"47Ω","FINGER":"d2eee2ee202bf85bed3ad87f636209c8"},
{"LAYER":"BOT","ID":"R35","COMPONENT":"Resistor 2.7kΩ ","PART_VALUE":"2.7kΩ","FINGER":"bed3443c4d15223947709d17feb74f4f"},
{"LAYER":"TOP","ID":"R532","COMPONENT":"Resistor 68Ω ","PART_VALUE":"68Ω","FINGER":"1c893031f7881556ca983bed173173e6"},
{"LAYER":"BOT","ID":"R88","COMPONENT":"Resistor 1.2kΩ ","PART_VALUE":"1.2kΩ","FINGER":"6313f85a3abc5418e53a488c9b15f506"},
{"LAYER":"TOP","ID":"D307","COMPONENT":"Diode 1N4001 ","PART_VALUE":"1N4001","FINGER":"64c7e13fa18b817f702382ba57a29ab4"},
{"LAYER":"TOP","ID":"R19","COMPONENT":"Resistor 2.7kΩ ","PART_VALUE":"2.7kΩ","FINGER":"0468e54d818535065b43aba7ff0e0c31"},
{"LAYER":"BOT","ID":"R623","COMPONENT":"Resistor 1kΩ ","PART_VALUE":"1kΩ","FINGER":"54788d1b3bfa93ad0d80ce1bd56a9484"},
{"LAYER":"BOT","ID":"C700","COMPONENT":"Capacitor 220nF ","PART_VALUE":"220nF","FINGER":"316571f3ac54b249dc78ac773c9fb99d"},
{"LAYER":"BOT","ID":"C413","COMPONENT":"Capacitor 47nF ","PART_VALUE":"47nF","FINGER":"82d6c6239ebd6ab50efcc215d9b03058"},
{"LAYER":"TOP","ID":"R456E","COMPONENT":"Resistor 47Ω ","PART_VALUE":"47Ω","FINGER":"e01566bafddf112e38f0f03353e7f6aa"},
{"LAYER":"TOP","ID":"U894","COMPONENT":"IC null ","PART_VALUE":"null","FINGER":"2e1870c241fa2adf9d9ad45dc2400d68"},
{"LAYER":"TOP","ID":"CN352","COMPONENT":"PIN ","PART_VALUE":"PIN","FINGER":"8ed15ea84db7fde3f52ee23653d4f2e7,3e4dfef2f01495f82dc5f44e3be2dc4b"},
{"LAYER":"TOP","ID":"U261","COMPONENT":"IC X32 SIMM ","PART_VALUE":"SIMM","FINGER":"31704c102ca8270effc3b9ff6e9bd2fd"},
{"LAYER":"TOP","ID":"U305","COMPONENT":"IC null ","PART_VALUE":"null","FINGER":"e0aff38e17403ede279c3a628f935d83"},
{"LAYER":"BOT","ID":"C990","COMPONENT":"Capacitor 100nF ","PART_VALUE":"100nF","FINGER":"3f70a49e337113d1f290c73225b22607"},
{"LAYER":"BOT","ID":"R633","COMPONENT":"Resistor 1kΩ ","PART_VALUE":"1kΩ","FINGER":"d782090a445b796c895a7d9b4adb10fb"},
{"LAYER":"TOP","ID":"EC305","COMPONENT":"Capacitor 100pF ","PART_VALUE":"100pF","FINGER":"2451068bffb3efd968e6cd5d8756ad17"},
{"LAYER":"BOT","ID":"R612","COMPONENT":"Resistor 1kΩ ","PART_VALUE":"1kΩ","FINGER":"e165d374846186ffc0b6db79ffd7eba8"},
{"LAYER":"TOP","ID":"U701","COMPONENT":"IC 16R4-15 ","PART_VALUE":"16R4-15","FINGER":"0e20e76bfa9ae784ce27cfef6e132c87"},
{"LAYER":"TOP","ID":"ER301","COMPONENT":"Resistor 47Ω ","PART_VALUE":"47Ω","FINGER":"2a4f56cc2fdaeb957e78f59871f5efac"},
{"LAYER":"TOP","ID":"EC463","COMPONENT":"Capacitor 100pF ","PART_VALUE":"100pF","FINGER":"219235a15750ab63999f52b45a2eb42a"},
{"LAYER":"TOP","ID":"R206","COMPONENT":"Resistor 2.7kΩ ","PART_VALUE":"2.7kΩ","FINGER":"ece2173ced93eb8f1c1cf1767f6de49d"},
{"LAYER":"BOT","ID":"ER976","COMPONENT":"Resistor 47Ω ","PART_VALUE":"47Ω","FINGER":"025fdece3c19519e3d0914b8741f1768"},
{"LAYER":"TOP","ID":"D363","COMPONENT":"Diode 1N4001 ","PART_VALUE":"1N4001","FINGER":"69334854a04fa21ab32fccb17ab2a689"},
{"LAYER":"BOT","ID":"R987","COMPONENT":"Resistor 4.7kΩ ","PART_VALUE":"4.7kΩ","FINGER":"c12ce2e3481aab59ea176fe9225ba28f"},
{"LAYER":"TOP","ID":"R20","COMPONENT":"Resistor 2.7kΩ ","PART_VALUE":"2.7kΩ","FINGER":"f09d09c72713c2b27b200f86155c955e"},
{"LAYER":"TOP","ID":"R542","COMPONENT":"Resistor 68Ω ","PART_VALUE":"68Ω","FINGER":"469662db9512f76e317c9e747ccedc74"},
{"LAYER":"TOP","ID":"U710","COMPONENT":"IC 74F08 ","PART_VALUE":"74F08","FINGER":"3f0f918aefd53fc1a70f700119e0fdb5"},
{"LAYER":"BOT","ID":"R38","COMPONENT":"Resistor 2.7kΩ ","PART_VALUE":"2.7kΩ","FINGER":"b56c2ffe59127ce79d14a868b4326d52"},
{"LAYER":"BOT","ID":"R626","COMPONENT":"Resistor 1kΩ ","PART_VALUE":"1kΩ","FINGER":"f8f8bd591741509d0f50cd53d6c90399"},
{"LAYER":"BOT","ID":"R508","COMPONENT":"Resistor 47Ω ","PART_VALUE":"47Ω","FINGER":"b44846436cc61aaf1232056c5ae41399"},
{"LAYER":"TOP","ID":"ER304","COMPONENT":"Resistor 47Ω ","PART_VALUE":"47Ω","FINGER":"eaf49749ecb705b77ff07b9dd9e03546"},
{"LAYER":"BOT","ID":"EC976","COMPONENT":"Capacitor 100pF ","PART_VALUE":"100pF","FINGER":"a8364e831d5277cbf62fd63dbeb108e3"},
{"LAYER":"TOP","ID":"Y176","COMPONENT":"Crystal 32768Hz ","PART_VALUE":"32768Hz","FINGER":"630bf7328b2c706d6fb4ba13c9467d7a"},
{"LAYER":"TOP","ID":"R67","COMPONENT":"Resistor 1kΩ ","PART_VALUE":"1kΩ","FINGER":"38d97f3f74d2444afc97944f1b08b2f0"},
{"LAYER":"BOT","ID":"EC982","COMPONENT":"Capacitor 100pF ","PART_VALUE":"100pF","FINGER":"ee098eaa8212776d3d224c04ef256912"},
{"LAYER":"TOP","ID":"R21","COMPONENT":"Resistor 2.7kΩ ","PART_VALUE":"2.7kΩ","FINGER":"46d06bd92a61768c1ef89e76901a6e2a"},
{"LAYER":"TOP","ID":"U141","COMPONENT":"IC 7407 ","PART_VALUE":"7407","FINGER":"21e31b2d5c3caef0ebceee04d1621fb4"},
{"LAYER":"TOP","ID":"ER459","COMPONENT":"Resistor 47Ω ","PART_VALUE":"47Ω","FINGER":"3945581c782f15ada308073f5db5a813"},
{"LAYER":"TOP","ID":"FB309","COMPONENT":"FB ","PART_VALUE":"FB","FINGER":"58494c5ad14d38e62ff91bd5d9362374"},
{"LAYER":"TOP","ID":"U104","COMPONENT":"IC OSC ","PART_VALUE":"OSC","FINGER":"01328c28229deb5b9e8900f3eeb9cd42"},
{"LAYER":"BOT","ID":"R37","COMPONENT":"Resistor 2.7kΩ ","PART_VALUE":"2.7kΩ","FINGER":"d5c89313259623dc54b74a4e362ac788"},
{"LAYER":"BOT","ID":"C714","COMPONENT":"Capacitor 220nF ","PART_VALUE":"220nF","FINGER":"05311a21a48e972b1955299693ad109d"},
{"LAYER":"TOP","ID":"R985","COMPONENT":"Resistor 4.7kΩ ","PART_VALUE":"4.7kΩ","FINGER":"945f56960e75629f66941446d8bdb79d"},
{"LAYER":"TOP","ID":"ER352","COMPONENT":"Resistor 47Ω ","PART_VALUE":"47Ω","FINGER":"2adf93e5fffba639080fa93a31117ec8"},
{"LAYER":"BOT","ID":"C901","COMPONENT":"Capacitor 100nF ","PART_VALUE":"100nF","FINGER":"343cb6daf2deb7dd548353fff7bf5a86"},
{"LAYER":"BOT","ID":"C211A","COMPONENT":"Capacitor 100nF ","PART_VALUE":"100nF","FINGER":"ba4a0885acd662a1e3c9d3f23759dea5"},
{"LAYER":"BOT","ID":"R634","COMPONENT":"Resistor 1kΩ ","PART_VALUE":"1kΩ","FINGER":"443794e1123042262ecea5b9b7cf2d8a"},
{"LAYER":"TOP","ID":"R83","COMPONENT":"Resistor 1.2kΩ ","PART_VALUE":"1.2kΩ","FINGER":"b2282d16e4d504e3b1d8008857f5f5d4"},
{"LAYER":"BOT","ID":"R71","COMPONENT":"Resistor 1kΩ ","PART_VALUE":"1kΩ","FINGER":"d64716143adf8d66cab6493e16a4c198"},
{"LAYER":"BOT","ID":"EC977","COMPONENT":"Capacitor 100pF ","PART_VALUE":"100pF","FINGER":"afc9f3b6abbf9e2fddeb0cf77f2b88fa"},
{"LAYER":"BOT","ID":"R102","COMPONENT":"Resistor 47Ω ","PART_VALUE":"47Ω","FINGER":"87069353b6cc1f6d53cbcdea1276e8f4"},
{"LAYER":"BOT","ID":"C211C","COMPONENT":"Capacitor 100nF ","PART_VALUE":"100nF","FINGER":"ea2d504690b70d5b80074c4c39c23613"},
{"LAYER":"TOP","ID":"U130","COMPONENT":"IC 74F08 ","PART_VALUE":"74F08","FINGER":"cb070f2c33fa634f96c0f8548b10f46b"},
{"LAYER":"BOT","ID":"C704","COMPONENT":"Capacitor 220nF ","PART_VALUE":"220nF","FINGER":"1e962b7d5c11c157c3b00b0c701809fb"},
{"LAYER":"TOP","ID":"R42","COMPONENT":"Resistor 2.7kΩ ","PART_VALUE":"2.7kΩ","FINGER":"8164d8777dda148fc3bd58b4f791d36a"},
{"LAYER":"TOP","ID":"R7","COMPONENT":"Resistor 2.7kΩ ","PART_VALUE":"2.7kΩ","FINGER":"652dd5eec5dea7f0e1e804250dea5393"},
{"LAYER":"TOP","ID":"U350","COMPONENT":"IC 8520 ","PART_VALUE":"8520","FINGER":"2d36a9c0a8e9924f16af7b64c1e51d97"},
{"LAYER":"BOT","ID":"R435","COMPONENT":"Resistor 470kΩ ","PART_VALUE":"470kΩ","FINGER":"e883750621d5580f1dc5adbe4d9d19e6"},
{"LAYER":"BOT","ID":"R445","COMPONENT":"Resistor 470kΩ ","PART_VALUE":"470kΩ","FINGER":"a5e37340bf642118740fffbd516a7713"},
{"LAYER":"BOT","ID":"C455B","COMPONENT":"Capacitor 100nF ","PART_VALUE":"100nF","FINGER":"e1300511601d1675367d51003ac6e431"},
{"LAYER":"BOT","ID":"R616","COMPONENT":"Resistor 1kΩ ","PART_VALUE":"1kΩ","FINGER":"8e31b1253e5b587025fa1450d744da17"},
{"LAYER":"TOP","ID":"EC304","COMPONENT":"Capacitor 100pF ","PART_VALUE":"100pF","FINGER":"449cd3d0953916ec9adc7b210445210c"},
{"LAYER":"TOP","ID":"CN175","COMPONENT":"PIN ","PART_VALUE":"PIN","FINGER":"94280457e03fc52cf857c4582b3b6b2a"},
{"LAYER":"BOT","ID":"R510","COMPONENT":"Resistor 75Ω ","PART_VALUE":"75Ω","FINGER":"35c8714c2bc3cdc2ef1c600f6b3f9b10"},
{"LAYER":"TOP","ID":"R11","COMPONENT":"Resistor 2.7kΩ ","PART_VALUE":"2.7kΩ","FINGER":"51a5b1ed970fe246405af278b512ef00"},
{"LAYER":"TOP","ID":"R505","COMPONENT":"Resistor 47Ω ","PART_VALUE":"47Ω","FINGER":"5ed6e995ebfb56f6bdd9bae72509160e"},
{"LAYER":"TOP","ID":"Q901","COMPONENT":"NPN 2N3904 ","PART_VALUE":"2N3904","FINGER":"439844fe066b00ecea4f3db5e5e2e6fa"},
{"LAYER":"TOP","ID":"C403","COMPONENT":"Capacitor 220nF ","PART_VALUE":"220nF","FINGER":"2d9eb07799cccafbb2d6390f4ad20a33"},
{"LAYER":"TOP","ID":"C317","COMPONENT":"Electrolytic 22µF ","PART_VALUE":"22µF","FINGER":"c54788ab2247ae6750a69787ad119ccd"},
{"LAYER":"BOT","ID":"R861","COMPONENT":"Resistor 1kΩ ","PART_VALUE":"1kΩ","FINGER":"79402011ec86b3b184ef4b70814932c4"},
{"LAYER":"TOP","ID":"C191","COMPONENT":"Electrolytic 47µF ","PART_VALUE":"47µF","FINGER":"5e7cc89669d5116751bc783a6ccf5240"},
{"LAYER":"TOP","ID":"J975","COMPONENT":"DIL12 ","PART_VALUE":"DIL12","FINGER":"6cc1547012395adecfc729d34729ee56"},
{"LAYER":"TOP","ID":"R535","COMPONENT":"Resistor 68Ω ","PART_VALUE":"68Ω","FINGER":"761d6ec949127f36b399fd61be656b76"},
{"LAYER":"TOP","ID":"R982","COMPONENT":"Resistor 4.7kΩ ","PART_VALUE":"4.7kΩ","FINGER":"929f74a115f3ecb51a0af371bab85f85"},
{"LAYER":"TOP","ID":"R8","COMPONENT":"Resistor 2.7kΩ ","PART_VALUE":"2.7kΩ","FINGER":"bd8406e8b7aa8b53b309d52829f82260"},
{"LAYER":"BOT","ID":"C250C","COMPONENT":"Capacitor 100nF ","PART_VALUE":"100nF","FINGER":"7adcd63dbfa734af72d475add2eec62e"},
{"LAYER":"BOT","ID":"R898","COMPONENT":"Resistor 33Ω ","PART_VALUE":"33Ω","FINGER":"7b8fa9f453b109f48c3f5bd73d38a800"},
{"LAYER":"TOP","ID":"U851","COMPONENT":"IC X32 SIMM ","PART_VALUE":"SIMM","FINGER":"e016843414fd78471f1fc80a099e9e9c"},
{"LAYER":"TOP","ID":"R207","COMPONENT":"Resistor 2.7kΩ ","PART_VALUE":"2.7kΩ","FINGER":"8f176fddb7bbd384c308cb022a6d42a5"},
{"LAYER":"BOT","ID":"R33","COMPONENT":"Resistor 2.7kΩ ","PART_VALUE":"2.7kΩ","FINGER":"8cd1f34e89b82b7c685e057bd1192867"},
{"LAYER":"BOT","ID":"R80","COMPONENT":"Resistor 1.2kΩ ","PART_VALUE":"1.2kΩ","FINGER":"e20f1878d2966ccf89685a53284a755f"},
{"LAYER":"TOP","ID":"U903","COMPONENT":"IC null ","PART_VALUE":"null","FINGER":"98741d197abfb8e6cf9557fe0a366236"},
{"LAYER":"TOP","ID":"J500","COMPONENT":"SPJUMPER ","PART_VALUE":"SPJUMPER","FINGER":"861a42b93b3728e13cea733208532ced"},
{"LAYER":"TOP","ID":"EC359","COMPONENT":"Capacitor 47pF ","PART_VALUE":"47pF","FINGER":"3f6f20a324bf62eb2176683fcd9114af"},
{"LAYER":"BOT","ID":"R455C","COMPONENT":"Resistor 47Ω ","PART_VALUE":"47Ω","FINGER":"673e67f58fce9de966781f58290478e8"},
{"LAYER":"TOP","ID":"ER453","COMPONENT":"Resistor 47Ω ","PART_VALUE":"47Ω","FINGER":"425df35829acada9064ad65aa26db801"},
{"LAYER":"TOP","ID":"EC456","COMPONENT":"Capacitor 100pF ","PART_VALUE":"100pF","FINGER":"3506fa6af73cc4b18767e8ea5f3de092"},
{"LAYER":"BOT","ID":"R630","COMPONENT":"Resistor 1kΩ ","PART_VALUE":"1kΩ","FINGER":"4c3f59ca057f37a6f417cf0818894a17"},
{"LAYER":"TOP","ID":"R464","COMPONENT":"Resistor 47Ω ","PART_VALUE":"47Ω","FINGER":"d64728056bd6b359e14c3433f9502ebc"},
{"LAYER":"TOP","ID":"R18","COMPONENT":"Resistor 2.7kΩ ","PART_VALUE":"2.7kΩ","FINGER":"830e4bdc7e037304646a87b09cffc9a3"},
{"LAYER":"BOT","ID":"R457","COMPONENT":"Resistor 10kΩ ","PART_VALUE":"10kΩ","FINGER":"7973a0343257bb7cfaafb3a9c511a3b4"},
{"LAYER":"BOT","ID":"R403","COMPONENT":"Resistor 1Ω ","PART_VALUE":"1Ω","FINGER":"28ab6d22c6dcc578e4aa3d0129a0185d"},
{"LAYER":"BOT","ID":"R16","COMPONENT":"Resistor 2.7kΩ ","PART_VALUE":"2.7kΩ","FINGER":"aef47ce63add0a7d7df7d2bb76632648"},
{"LAYER":"TOP","ID":"R208","COMPONENT":"Resistor 10kΩ ","PART_VALUE":"10kΩ","FINGER":"d347597d3a6345508366e4e4eccb4a35"},
{"LAYER":"TOP","ID":"CN976","COMPONENT":"PIN ","PART_VALUE":"PIN","FINGER":"2f79671dbf9e30f9617febc58717d5ac,5d3311a589d4a17a0194b26c9b952edb"},
{"LAYER":"BOT","ID":"R112","COMPONENT":"Resistor 47Ω ","PART_VALUE":"47Ω","FINGER":"7ff3ee266dcc6bc586d9e8e238ded97d"},
{"LAYER":"TOP","ID":"R168","COMPONENT":"Resistor 47Ω ","PART_VALUE":"47Ω","FINGER":"4c8ac1b97d1c2043bd0ad398923ef608"},
{"LAYER":"BOT","ID":"C193","COMPONENT":"Capacitor 10nF ","PART_VALUE":"10nF","FINGER":"0fc469f45c54c0e3a114547aff457b50"},
{"LAYER":"BOT","ID":"ER977","COMPONENT":"Resistor 47Ω ","PART_VALUE":"47Ω","FINGER":"38e263eca5ad95be87c36b1406c7c286"},
{"LAYER":"BOT","ID":"R890","COMPONENT":"Resistor 33Ω ","PART_VALUE":"33Ω","FINGER":"8bd9e43024b03fe7eb8fe24d17ed3ee6"},
{"LAYER":"BOT","ID":"R64","COMPONENT":"Resistor 2.7kΩ ","PART_VALUE":"2.7kΩ","FINGER":"0cabab73345060da13e0244a5fc78046"},
{"LAYER":"BOT","ID":"R235","COMPONENT":"Resistor 33Ω ","PART_VALUE":"33Ω","FINGER":"96d669ac7141698219fca76e961a714b"},
{"LAYER":"BOT","ID":"EC368","COMPONENT":"Capacitor 100pF ","PART_VALUE":"100pF","FINGER":"c48d7df1c6dd95217b6c06d5453513cf"},
{"LAYER":"TOP","ID":"R993","COMPONENT":"Resistor 4.7kΩ ","PART_VALUE":"4.7kΩ","FINGER":"f0f84704a4d109ceb2472005bb978668"},
{"LAYER":"BOT","ID":"R121","COMPONENT":"Resistor 470Ω ","PART_VALUE":"470Ω","FINGER":"83457241db79fe3dfbf5badee64fae26"},
{"LAYER":"BOT","ID":"R455H","COMPONENT":"Resistor 47Ω ","PART_VALUE":"47Ω","FINGER":"b6ad79205e087161fb136d22f53431a4"},
{"LAYER":"TOP","ID":"F175","COMPONENT":"Polyswitch 1.8A ","PART_VALUE":"1.8A","FINGER":"ae46b8af46ebee2cd021e0ddbb09653d"},
{"LAYER":"BOT","ID":"R237","COMPONENT":"Resistor 33Ω ","PART_VALUE":"33Ω","FINGER":"ded66656899e9cc94580442d8e12ea11"},
{"LAYER":"TOP","ID":"J852","COMPONENT":"SPJUMPER ","PART_VALUE":"SPJUMPER","FINGER":"56357b192b93b86041125108bacc3703"},
{"LAYER":"TOP","ID":"U250","COMPONENT":"IC BRIDGETTE ","PART_VALUE":"BRIDGETTE","FINGER":"f61d0fdb09d5158a8755375a77c3541c"},
{"LAYER":"TOP","ID":"U215","COMPONENT":"IC null ","PART_VALUE":"null","FINGER":"f95a1ed79077da7e63f143f0dfba224d"},
{"LAYER":"BOT","ID":"R882","COMPONENT":"Resistor 33Ω ","PART_VALUE":"33Ω","FINGER":"78aca2fbeb527d30db7532499c459e48"},
{"LAYER":"BOT","ID":"R212","COMPONENT":"Resistor 47Ω ","PART_VALUE":"47Ω","FINGER":"71aa06793b5f778a66b2ce3e0e4ae940"},
{"LAYER":"BOT","ID":"ER989","COMPONENT":"Resistor 47Ω ","PART_VALUE":"47Ω","FINGER":"cca49709e73309c9436e8f38777ae850"},
{"LAYER":"TOP","ID":"FB401","COMPONENT":"FB ","PART_VALUE":"FB","FINGER":"d5a5d2254efa241efa0bd48abffdea03"},
{"LAYER":"BOT","ID":"R440","COMPONENT":"Resistor 750Ω ","PART_VALUE":"750Ω","FINGER":"b9e4c056b423b88a8e4a6258a03876c3"},
{"LAYER":"BOT","ID":"ER982","COMPONENT":"Resistor 47Ω ","PART_VALUE":"47Ω","FINGER":"8673848cba97bc46520e4e93aab38935"},
{"LAYER":"TOP","ID":"EC453","COMPONENT":"Capacitor 100pF ","PART_VALUE":"100pF","FINGER":"490a10f9142377139e24582e85779e7f"},
{"LAYER":"BOT","ID":"C409","COMPONENT":"Capacitor 10nF ","PART_VALUE":"10nF","FINGER":"019e1a778b604472d69aa9d1675cf183"},
{"LAYER":"TOP","ID":"D503","COMPONENT":"Diode 1N4001 ","PART_VALUE":"1N4001","FINGER":"79767e51a8d91b8e79adcb537fd94601"},
{"LAYER":"BOT","ID":"EC183","COMPONENT":"Capacitor 100pF ","PART_VALUE":"100pF","FINGER":"95f47260c0e3dc03638ca7091ace86f7"},
{"LAYER":"TOP","ID":"ER302","COMPONENT":"Resistor 47Ω ","PART_VALUE":"47Ω","FINGER":"8e07829198c391ff0e0417672335056e"},
{"LAYER":"BOT","ID":"C400B","COMPONENT":"Capacitor 100nF ","PART_VALUE":"100nF","FINGER":"e92b37763b1a71fe08055da53a82ce14"},
{"LAYER":"BOT","ID":"R59","COMPONENT":"Resistor 2.7kΩ ","PART_VALUE":"2.7kΩ","FINGER":"5af285e746992c96c9f357a8ac112e2e"},
{"LAYER":"BOT","ID":"R214","COMPONENT":"Resistor 47Ω ","PART_VALUE":"47Ω","FINGER":"bdfcf700c92931521eb8f973cbe0e5ad"},
{"LAYER":"BOT","ID":"R25","COMPONENT":"Resistor 2.7kΩ ","PART_VALUE":"2.7kΩ","FINGER":"18243a4f068dd36dcbd5462831c9412e"},
{"LAYER":"TOP","ID":"ER458","COMPONENT":"Resistor 47Ω ","PART_VALUE":"47Ω","FINGER":"6c8017b3b4c0ad0f95f6cf33f2568567"},
{"LAYER":"BOT","ID":"C500","COMPONENT":"Capacitor 100nF ","PART_VALUE":"100nF","FINGER":"ae569dc5d31bf1076c1fc27e8b950f7e"},
{"LAYER":"TOP","ID":"CN651","COMPONENT":"CONN200 ","PART_VALUE":"CONN200","FINGER":"7c4be629792e998c6b6404a5f2ac2e1f"},
{"LAYER":"TOP","ID":"R456G","COMPONENT":"Resistor 47Ω ","PART_VALUE":"47Ω","FINGER":"1b7795e5e38c5820949df8d7616cbd90"},
{"LAYER":"BOT","ID":"R622","COMPONENT":"Resistor 1kΩ ","PART_VALUE":"1kΩ","FINGER":"98717a0786a042f61281fe7660c20b6a"},
{"LAYER":"TOP","ID":"U352","COMPONENT":"IC null ","PART_VALUE":"null","FINGER":"e5abe83573b658decc6e0e91be9c69c9"},
{"LAYER":"BOT","ID":"R122","COMPONENT":"Resistor 470Ω ","PART_VALUE":"470Ω","FINGER":"aab592bc925a2afc61291e59580b6c4c"},
{"LAYER":"TOP","ID":"CN900","COMPONENT":"DIL40 ","PART_VALUE":"DIL40","FINGER":"23c6a4bbfa06ae2842cef4361be79ca6"},
{"LAYER":"BOT","ID":"R548","COMPONENT":"Resistor 1kΩ ","PART_VALUE":"1kΩ","FINGER":"7ce91582dfaae6a70a1ebff6842217ff"},
{"LAYER":"BOT","ID":"R619","COMPONENT":"Resistor 1kΩ ","PART_VALUE":"1kΩ","FINGER":"4a181d92d1858c62c1e4b4c4d4cc1952"},
{"LAYER":"BOT","ID":"EC410","COMPONENT":"Capacitor 100pF ","PART_VALUE":"100pF","FINGER":"d55019cfbeb74e9e45fca835ca390928"},
{"LAYER":"TOP","ID":"R522","COMPONENT":"Resistor 68Ω ","PART_VALUE":"68Ω","FINGER":"0ce817dbece8612992cb4bb5e7966f5a"},
{"LAYER":"TOP","ID":"C701","COMPONENT":"Capacitor 220nF ","PART_VALUE":"220nF","FINGER":"991d2c98382bb45c0eb05421fc5ae242"},
{"LAYER":"BOT","ID":"EC372","COMPONENT":"Capacitor 100pF ","PART_VALUE":"100pF","FINGER":"abfe6502d62fe95a41c7ba47a06418eb"},
{"LAYER":"BOT","ID":"R625","COMPONENT":"Resistor 1kΩ ","PART_VALUE":"1kΩ","FINGER":"50f6710ae9e146bbf16061e15846e836"},
{"LAYER":"TOP","ID":"U975","COMPONENT":"IC null ","PART_VALUE":"null","FINGER":"c79e6ad130359dce92e2cc49965e0b46"},
{"LAYER":"BOT","ID":"R86","COMPONENT":"Resistor 1.2kΩ ","PART_VALUE":"1.2kΩ","FINGER":"6db5baea06d4ce9e4b7bdd4d24b12a54"},
{"LAYER":"BOT","ID":"R887","COMPONENT":"Resistor 33Ω ","PART_VALUE":"33Ω","FINGER":"666a8e4da8085f13045c0a764dbf5fcf"},
{"LAYER":"TOP","ID":"U976","COMPONENT":"IC 74HCT166 ","PART_VALUE":"74HCT166","FINGER":"a1c66654aa9b0b1c59d6ea61e0822a22"},
{"LAYER":"TOP","ID":"C181","COMPONENT":"Electrolytic 100µF ","PART_VALUE":"100µF","FINGER":"3305376dce24c7ab664b75fd605884cb"},
{"LAYER":"TOP","ID":"R403A","COMPONENT":"Resistor 10kΩ ","PART_VALUE":"10kΩ","FINGER":"77304ad1b6bf599b6d90673f2b966976"},
{"LAYER":"TOP","ID":"ER379","COMPONENT":"Resistor 47Ω ","PART_VALUE":"47Ω","FINGER":"44f5a187b257d0c510d31d4534d74bb2"},
{"LAYER":"BOT","ID":"C311","COMPONENT":"Capacitor 100nF ","PART_VALUE":"100nF","FINGER":"bfe3b0d635d64166e5d6a41657aa3453"},
{"LAYER":"TOP","ID":"U902","COMPONENT":"IC 16R6-15 ","PART_VALUE":"16R6-15","FINGER":"dddae5db51b0c3a582ec4742db88bef4"},
{"LAYER":"BOT","ID":"R15","COMPONENT":"Resistor 2.7kΩ ","PART_VALUE":"2.7kΩ","FINGER":"7d4c96155e93519107afe2f0ea94c3c4"},
{"LAYER":"TOP","ID":"U893","COMPONENT":"IC 74F245 ","PART_VALUE":"74F245","FINGER":"ec695411cbda82f1f5b6a4cda93d641d"},
{"LAYER":"TOP","ID":"U459","COMPONENT":"IC null ","PART_VALUE":"null","FINGER":"9ff50385741bba3cc82f0ee82a208d25"},
{"LAYER":"BOT","ID":"R29","COMPONENT":"Resistor 2.7kΩ ","PART_VALUE":"2.7kΩ","FINGER":"ff7e939e0c3dfa8e383cc604fd1af5bd"},
{"LAYER":"BOT","ID":"R182","COMPONENT":"Resistor 1kΩ ","PART_VALUE":"1kΩ","FINGER":"6b1fbfcb0825caea20d318b033c06a33"},
{"LAYER":"TOP","ID":"R70","COMPONENT":"Resistor 1kΩ ","PART_VALUE":"1kΩ","FINGER":"3748876747123393c89a19392242a8c0"},
{"LAYER":"TOP","ID":"R529","COMPONENT":"Resistor 68Ω ","PART_VALUE":"68Ω","FINGER":"958d312567a5396535239454689f4713"},
{"LAYER":"TOP","ID":"U707","COMPONENT":"IC 74F245 ","PART_VALUE":"74F245","FINGER":"fccb732435782340201597812329c35d"},
{"LAYER":"TOP","ID":"R458A","COMPONENT":"Resistor 47Ω ","PART_VALUE":"47Ω","FINGER":"e10487aaa74812f3527f87eff1c79193"},
{"LAYER":"TOP","ID":"U703","COMPONENT":"IC null ","PART_VALUE":"null","FINGER":"67605f795f69d3942e5d2ef35ed942e8"},
{"LAYER":"BOT","ID":"R360","COMPONENT":"Resistor 3.3kΩ ","PART_VALUE":"3.3kΩ","FINGER":"8da128f3a91959a5bb9bb78b94c5185b"},
{"LAYER":"TOP","ID":"FB308","COMPONENT":"FB ","PART_VALUE":"FB","FINGER":"3a723223e877ce5eead7491de7818a62"},
{"LAYER":"BOT","ID":"R883","COMPONENT":"Resistor 33Ω ","PART_VALUE":"33Ω","FINGER":"9a88e0db2df4edfbe210d816be1ad34a"},
{"LAYER":"BOT","ID":"R72","COMPONENT":"Resistor 1kΩ ","PART_VALUE":"1kΩ","FINGER":"f61f5bf9590bb9150d2788d895143acd"},
{"LAYER":"TOP","ID":"D504","COMPONENT":"Diode 1N4001 ","PART_VALUE":"1N4001","FINGER":"6d5268a2ed243848c6fd26b223ef3d6c"},
{"LAYER":"TOP","ID":"R902","COMPONENT":"Resistor 11kΩ ","PART_VALUE":"11kΩ","FINGER":"ab224b975b9ae0a4bbc12d411292ad26"},
{"LAYER":"TOP","ID":"R9","COMPONENT":"Resistor 2.7kΩ ","PART_VALUE":"2.7kΩ","FINGER":"1f25a524898914315867a25822ae9d28"},
{"LAYER":"TOP","ID":"R531","COMPONENT":"Resistor 68Ω ","PART_VALUE":"68Ω","FINGER":"fa7dd3e44b597a29430e88f606c206e4"},
{"LAYER":"BOT","ID":"R722","COMPONENT":"Resistor 1kΩ ","PART_VALUE":"1kΩ","FINGER":"4da0b1bb399301a18ab0d93aa53fc3d2"},
{"LAYER":"BOT","ID":"C213","COMPONENT":"Capacitor 100nF ","PART_VALUE":"100nF","FINGER":"b415b7cc3eb30bbcc04b631f29654f3d"},
{"LAYER":"BOT","ID":"C710","COMPONENT":"Capacitor 220nF ","PART_VALUE":"220nF","FINGER":"e89dbf0825c923bdd37474bc724c503c"},
{"LAYER":"BOT","ID":"C131","COMPONENT":"Capacitor 100nF ","PART_VALUE":"100nF","FINGER":"4bac2d700e4fe23b7c0c6437f3d66f4e"},
{"LAYER":"BOT","ID":"C211B","COMPONENT":"Capacitor 100nF","PART_VALUE":"100nF","FINGER":"06437afde8cae9c23a216301477c7716"},
{"LAYER":"TOP","ID":"EC354","COMPONENT":"Capacitor 47pF ","PART_VALUE":"47pF","FINGER":"26f6a63af4162684737ee1a4b87b6472"},
{"LAYER":"TOP","ID":"J104","COMPONENT":"SPJUMPER ","PART_VALUE":"SPJUMPER","FINGER":"d09f460d5323434298444ae3b17603ed"},
{"LAYER":"TOP","ID":"U212","COMPONENT":"IC 22V10-10 ","PART_VALUE":"22V10-10","FINGER":"aebcdf71663fb0ea4f617da0d79cbefb"},
{"LAYER":"TOP","ID":"EC306","COMPONENT":"Capacitor 100pF ","PART_VALUE":"100pF","FINGER":"ad05ba0948d51c2c26896392c4f6e3f6"},
{"LAYER":"TOP","ID":"R1","COMPONENT":"Resistor 2.7kΩ ","PART_VALUE":"2.7kΩ","FINGER":"f5db3648e8e0e81e08583f20ed3d0312"},
{"LAYER":"TOP","ID":"C511","COMPONENT":"Capacitor 100nF ","PART_VALUE":"100nF","FINGER":"81bc9ce497f7e0a475b09693d017214f"},
{"LAYER":"TOP","ID":"C102","COMPONENT":"Capacitor 100nF ","PART_VALUE":"100nF","FINGER":"032546c851960c51fde68166d428d138"},
{"LAYER":"TOP","ID":"U704","COMPONENT":"IC null ","PART_VALUE":"null","FINGER":"0780917ab7bb491662039269eb9a1f11"},
{"LAYER":"TOP","ID":"U890","COMPONENT":"IC RAMSEY ","PART_VALUE":"RAMSEY","FINGER":"17f8e400b15c34aeeba84bc8be9fcb08"},
{"LAYER":"BOT","ID":"R27","COMPONENT":"Resistor 2.7kΩ ","PART_VALUE":"2.7kΩ","FINGER":"557bf27d8ba2b21e3b7a0827bb7b9e4b"},
{"LAYER":"BOT","ID":"R246","COMPONENT":"Resistor 33Ω ","PART_VALUE":"33Ω","FINGER":"d77af24ae73d2f937e9055973242f311"},
{"LAYER":"BOT","ID":"R125","COMPONENT":"Resistor 1kΩ ","PART_VALUE":"1kΩ","FINGER":"9e8a5e3e73843a6bee11f588a5d01778"},
{"LAYER":"TOP","ID":"FB975","COMPONENT":"FB ","PART_VALUE":"FB","FINGER":"b3b2743d3ccc6e51bd3df12cf13f8068"},
{"LAYER":"BOT","ID":"R371","COMPONENT":"Resistor 1kΩ ","PART_VALUE":"1kΩ","FINGER":"e812aa1d02ab4c755355051038a5e371"},
{"LAYER":"BOT","ID":"C178","COMPONENT":"Capacitor 56pF ","PART_VALUE":"56pF","FINGER":"1b795662c0f4a4cebae8bb7058e3ddc2"},
{"LAYER":"BOT","ID":"R503","COMPONENT":"Resistor 47Ω ","PART_VALUE":"47Ω","FINGER":"0f4999f9493a1ad97e94c9039f5e0bad"},
{"LAYER":"BOT","ID":"R504","COMPONENT":"Resistor 47Ω ","PART_VALUE":"47Ω","FINGER":"5fac99ab4dc82315008fba61c67e7169"},
{"LAYER":"TOP","ID":"ER300","COMPONENT":"Resistor 47Ω ","PART_VALUE":"47Ω","FINGER":"c6218c99fa6bfe963a0019bfc09d80ba"},
{"LAYER":"TOP","ID":"FB366","COMPONENT":"FB ","PART_VALUE":"FB","FINGER":"8c0d2afb1ef328ae095263be2e675e5d"},
{"LAYER":"BOT","ID":"C351","COMPONENT":"Capacitor 100nF ","PART_VALUE":"100nF","FINGER":"f2fb2f242b2d63e07bb24592cf2c9465"},
{"LAYER":"TOP","ID":"EC350","COMPONENT":"Capacitor 47pF ","PART_VALUE":"47pF","FINGER":"bd5854872f041025ea27bc520fac303b"},
{"LAYER":"BOT","ID":"R211","COMPONENT":"Resistor 33Ω ","PART_VALUE":"33Ω","FINGER":"0cda12fd6ce70e11d73949222b36904a"},
{"LAYER":"BOT","ID":"ER176","COMPONENT":"Resistor 47Ω ","PART_VALUE":"47Ω","FINGER":"e6bf0e91a43cc275b577f0a7ec7e8b20"},
{"LAYER":"BOT","ID":"R711","COMPONENT":"Resistor 1kΩ ","PART_VALUE":"1kΩ","FINGER":"9bfd181a836b05a17121373738fe3cea"},
{"LAYER":"TOP","ID":"EC458","COMPONENT":"Capacitor 100pF ","PART_VALUE":"100pF","FINGER":"f9e8ccf3533f4b1042f60105ba43c518"},
{"LAYER":"TOP","ID":"U860","COMPONENT":"IC 16R4-10 ","PART_VALUE":"16R4-10","FINGER":"dd2f8642f6fd1a034e64e67e6bc91593"},
{"LAYER":"TOP","ID":"C405","COMPONENT":"Capacitor 220nF ","PART_VALUE":"220nF","FINGER":"e20e4bf677fff9fe303e4f46e0e911bd"},
{"LAYER":"BOT","ID":"C446","COMPONENT":"Capacitor 330pF ","PART_VALUE":"330pF","FINGER":"b7a3d470f7139be9dffc917ef7c04fe4"},
{"LAYER":"BOT","ID":"C175","COMPONENT":"Capacitor 220nF ","PART_VALUE":"220nF","FINGER":"491fd0f6eaa9ed83694c51095fedb2a4"},
{"LAYER":"TOP","ID":"R456D","COMPONENT":"Resistor 47Ω ","PART_VALUE":"47Ω","FINGER":"7cd53924ae1c7049a7a03d7026c09d2e"},
{"LAYER":"BOT","ID":"C352","COMPONENT":"Capacitor 100nF ","PART_VALUE":"100nF","FINGER":"a04e37409f399cc64819e6dfea5d8200"},
{"LAYER":"TOP","ID":"C185","COMPONENT":"Electrolytic 470µF ","PART_VALUE":"470µF","FINGER":"fec2b8a38c4f939f8047e645ea15a388"},
{"LAYER":"TOP","ID":"R51","COMPONENT":"Resistor 2.7kΩ ","PART_VALUE":"2.7kΩ","FINGER":"c086e9d0cd7f62bec9b2ce15bc2e595e"},
{"LAYER":"TOP","ID":"R458","COMPONENT":"Resistor 47Ω ","PART_VALUE":"47Ω","FINGER":"13e1318b271fcefe70f5eba5bf645273"},
{"LAYER":"TOP","ID":"C708","COMPONENT":"Capacitor 220nF ","PART_VALUE":"220nF","FINGER":"ea486701d47a1854c7c41f85afd62863"},
{"LAYER":"TOP","ID":"R456B","COMPONENT":"Resistor 47Ω ","PART_VALUE":"47Ω","FINGER":"f88f1f211be3dab652abd464c55b88a9"},
{"LAYER":"BOT","ID":"C460C","COMPONENT":"Capacitor 100nF ","PART_VALUE":"100nF","FINGER":"5da5b52a320d3149f964592ce0c65e48"},
{"LAYER":"BOT","ID":"R444","COMPONENT":"Resistor 1kΩ ","PART_VALUE":"1kΩ","FINGER":"b3301a06d53d054c707980e4c27c59c1"},
{"LAYER":"BOT","ID":"R404","COMPONENT":"Resistor 1Ω ","PART_VALUE":"1Ω","FINGER":"eeb824fcb6c54278327f8bd5372fb369"},
{"LAYER":"BOT","ID":"EC374","COMPONENT":"Capacitor 100pF ","PART_VALUE":"100pF","FINGER":"24fa164ebc49d40394f03b80d81cc575"},
{"LAYER":"BOT","ID":"R79","COMPONENT":"Resistor 1.2kΩ ","PART_VALUE":"1.2kΩ","FINGER":"0f48b4cbc20d8ba19b15a87ee3742bfa"},
{"LAYER":"BOT","ID":"R104","COMPONENT":"Resistor 47Ω ","PART_VALUE":"47Ω","FINGER":"a2c1805a573a0da27242afe1fe6b83e9"},
{"LAYER":"TOP","ID":"C198","COMPONENT":"Electrolytic 22µF ","PART_VALUE":"22µF","FINGER":"fa671643ca9b1c048de01e9ff3738e15"},
{"LAYER":"BOT","ID":"R430","COMPONENT":"Resistor 750Ω ","PART_VALUE":"750Ω","FINGER":"6a205680cd602c797d3437a1f48969f3"},
{"LAYER":"TOP","ID":"R239","COMPONENT":"Resistor 1kΩ ","PART_VALUE":"1kΩ","FINGER":"2feb0729175e7235e54b8cf763f288a6"},
{"LAYER":"BOT","ID":"EC980","COMPONENT":"Capacitor 100pF ","PART_VALUE":"100pF","FINGER":"3f63a182c14cd96528d8193840c933bd"},
{"LAYER":"BOT","ID":"C104","COMPONENT":"Capacitor 10nF ","PART_VALUE":"10nF","FINGER":"5a61a91300f3020009478226b80962a9"},
{"LAYER":"TOP","ID":"ER372","COMPONENT":"Resistor 47Ω ","PART_VALUE":"47Ω","FINGER":"9b6731f6b252df86150ccdbce7cb635b"},
{"LAYER":"TOP","ID":"ER363","COMPONENT":"Resistor 47Ω ","PART_VALUE":"47Ω","FINGER":"95815b6bfcceb9179a0ffdea6077da76"},
{"LAYER":"TOP","ID":"ER367","COMPONENT":"Resistor 47Ω ","PART_VALUE":"47Ω","FINGER":"16eeb3ea894471719d38157778d93687"},
{"LAYER":"TOP","ID":"R702","COMPONENT":"Resistor 47Ω ","PART_VALUE":"47Ω","FINGER":"62e05d51429de9291a31a936c4db1f95"},
{"LAYER":"TOP","ID":"C450","COMPONENT":"Capacitor 220nF ","PART_VALUE":"220nF","FINGER":"132ef9c16222d1d78fb0345d363cb972"},
{"LAYER":"TOP","ID":"C711","COMPONENT":"Capacitor 220nF ","PART_VALUE":"220nF","FINGER":"89a5639e4ff0e550340ebaf6f2cc2778"},
{"LAYER":"BOT","ID":"R709","COMPONENT":"Resistor 1kΩ ","PART_VALUE":"1kΩ","FINGER":"b6fb39c2148439772b86ac13ac4b3859"},
{"LAYER":"BOT","ID":"R455A","COMPONENT":"Resistor 47Ω ","PART_VALUE":"47Ω","FINGER":"f73f49a7d7ca49e57c754c99871f358d"},
{"LAYER":"BOT","ID":"R402","COMPONENT":"Resistor 1kΩ ","PART_VALUE":"1kΩ","FINGER":"4a42989f284a33e93f0d946a98427cd3"},
{"LAYER":"TOP","ID":"RP461","COMPONENT":"Resistor Pack 8X9 ","PART_VALUE":"8X9","FINGER":"f39d0316895d5d93ca6a965c65a57558,d87b548dc48d55ef9cff83b7243a704f"},
{"LAYER":"TOP","ID":"ER371","COMPONENT":"Resistor 47Ω ","PART_VALUE":"47Ω","FINGER":"c612cb609ed4a1e12983af0f05d0383b"},
{"LAYER":"TOP","ID":"R66","COMPONENT":"Resistor 680Ω ","PART_VALUE":"680Ω","FINGER":"58db890ce334370a51cb463ef7c5ed4d"},
{"LAYER":"BOT","ID":"R406","COMPONENT":"Resistor 10kΩ ","PART_VALUE":"10kΩ","FINGER":"84efc24c6237f2d26a56593c8948a7db"},
{"LAYER":"BOT","ID":"ER981","COMPONENT":"Resistor 47Ω ","PART_VALUE":"47Ω","FINGER":"ea2edcf5c0f7251704507671d76a0809"},
{"LAYER":"TOP","ID":"U450","COMPONENT":"IC LISA ","PART_VALUE":"LISA","FINGER":"f1a4b3662b70a99f76e1b0fd3cc6c792"},
{"LAYER":"BOT","ID":"R213","COMPONENT":"Resistor 47Ω ","PART_VALUE":"47Ω","FINGER":"a9f7bf0a272b0f3fb352c593647c8b33"},
{"LAYER":"BOT","ID":"R307","COMPONENT":"Resistor 47Ω ","PART_VALUE":"47Ω","FINGER":"804384dc92bce9c561a76ffdd08fb0f3"},
{"LAYER":"BOT","ID":"C195","COMPONENT":"Capacitor 10nF ","PART_VALUE":"10nF","FINGER":"6a318c6f33edbccb8e4bb4a2406bef28"},
{"LAYER":"BOT","ID":"R175","COMPONENT":"Resistor 470Ω ","PART_VALUE":"470Ω","FINGER":"8dcd779068693ba63c8532ffe05f8a7c"},
{"LAYER":"TOP","ID":"ER359","COMPONENT":"Resistor 47Ω ","PART_VALUE":"47Ω","FINGER":"04c75d43b90b49c6ef95f59e3ecd42c6"},
{"LAYER":"BOT","ID":"C179","COMPONENT":"Capacitor 22pF ","PART_VALUE":"22pF","FINGER":"99abb90eb94801a8f52860e69eb9dbf6"},
{"LAYER":"BOT","ID":"R455D","COMPONENT":"Resistor 47Ω ","PART_VALUE":"47Ω","FINGER":"83d4672c32b8853b4df429368f712b18"},
{"LAYER":"TOP","ID":"EC451","COMPONENT":"Capacitor 100pF ","PART_VALUE":"100pF","FINGER":"98edf72bdb7211bec86a2b2932aa77f3"},
{"LAYER":"TOP","ID":"R545","COMPONENT":"Resistor 1kΩ ","PART_VALUE":"1kΩ","FINGER":"760a3c436d6141e7fff8f5ca4a42f7cd"},
{"LAYER":"TOP","ID":"EC464","COMPONENT":"Capacitor 100pF ","PART_VALUE":"100pF","FINGER":"f2aa378f1cf68238347db9fa427ffd00"},
{"LAYER":"TOP","ID":"U458","COMPONENT":"IC null ","PART_VALUE":"null","FINGER":"2ea435ee85de07537d83dba7f2c2b2bb"},
{"LAYER":"BOT","ID":"R178","COMPONENT":"Resistor 470Ω ","PART_VALUE":"470Ω","FINGER":"9efa5d341b13279c165778deddaa55d7"},
{"LAYER":"TOP","ID":"ER354","COMPONENT":"Resistor 47Ω ","PART_VALUE":"47Ω","FINGER":"638660d5ecd6f617858c703b6e57bfca"},
{"LAYER":"TOP","ID":"EC459","COMPONENT":"Capacitor 100pF ","PART_VALUE":"100pF","FINGER":"e5722d0f913b5751273883d2d9b15e08"},
{"LAYER":"TOP","ID":"D502","COMPONENT":"Diode 1N4001 ","PART_VALUE":"1N4001","FINGER":"de317e376252dcb3143856b82c85a14d"},
{"LAYER":"BOT","ID":"C456","COMPONENT":"Capacitor 100nF ","PART_VALUE":"100nF","FINGER":"425b38fdb50e06d68c260420564825a3"},
{"LAYER":"TOP","ID":"J850","COMPONENT":"SPJUMPER ","PART_VALUE":"SPJUMPER","FINGER":"845f1e797d8e1c237b4a4aa5099e8c3f"},
{"LAYER":"BOT","ID":"R61","COMPONENT":"Resistor 2.7kΩ ","PART_VALUE":"2.7kΩ","FINGER":"f2bb07a5cd0e3f4b7b261bbba43e4c39"},
{"LAYER":"BOT","ID":"R217","COMPONENT":"Resistor 47Ω ","PART_VALUE":"47Ω","FINGER":"b5990df65748bf11ed3a9a5f5fb9fcc7"},
{"LAYER":"TOP","ID":"R457D","COMPONENT":"Resistor 47Ω ","PART_VALUE":"47Ω","FINGER":"e6602ad9f6b9f3a8801dfab98addea41"},
{"LAYER":"TOP","ID":"R169","COMPONENT":"Resistor 47Ω ","PART_VALUE":"47Ω","FINGER":"962f73e8ee766f54ee79b86ccd7e70ad"},
{"LAYER":"BOT","ID":"C457B","COMPONENT":"Capacitor 100nF ","PART_VALUE":"100nF","FINGER":"13b7d4cd02f424e1621217cac41ffe42"},
{"LAYER":"TOP","ID":"ER358","COMPONENT":"Resistor 47Ω ","PART_VALUE":"47Ω","FINGER":"b54290f3b6c7902830070d10a881c395"},
{"LAYER":"TOP","ID":"ER460","COMPONENT":"Resistor 47Ω ","PART_VALUE":"47Ω","FINGER":"0ff3a79bd5db9bda5820267eeccfe679"},
{"LAYER":"TOP","ID":"R515","COMPONENT":"Resistor 4.7kΩ ","PART_VALUE":"4.7kΩ","FINGER":"ca9c705ae5a094bb603240f8f24bc673"},
{"LAYER":"BOT","ID":"R403E","COMPONENT":"Resistor 10kΩ ","PART_VALUE":"10kΩ","FINGER":"e1b577eef993b14001e4662e4a7b4461"},
{"LAYER":"TOP","ID":"R457A","COMPONENT":"Resistor 47Ω ","PART_VALUE":"47Ω","FINGER":"6775b610f1e16b68918a76367b3160e4"},
{"LAYER":"BOT","ID":"C460F","COMPONENT":"Capacitor 10nF ","PART_VALUE":"10nF","FINGER":"90bb535835fe585c8a78c6d31eb2ba5f"},
{"LAYER":"TOP","ID":"EC460","COMPONENT":"Capacitor 100pF ","PART_VALUE":"100pF","FINGER":"44fdaf8e363e4a79b3536e5ff2bdf9ae"},
{"LAYER":"TOP","ID":"R177","COMPONENT":"Resistor 20Ω ","PART_VALUE":"20Ω","FINGER":"d426d8c5d2502ffa761ede12e2845627"}
]
