[
{"LAYER":"TOP","ID":"JP3B","COMPONENT":"JUMPER","PART_VALUE":"JUMPER","FINGER":""},
{"LAYER":"TOP","ID":"C39","COMPONENT":"Capacitor","PART_VALUE":"10nF","FINGER":"008639c9afc7ab586612d22815d47ca4,e49a69315a905ecedbb8298449cecd9c,27c1aca0c3736cfe793262a6acc99344"},
{"LAYER":"TOP","ID":"C20","COMPONENT":"Capacitor","PART_VALUE":"330nF","FINGER":"01f2732d778b84b63c13ec6aeeb10b3d,9ab7720ef1cf859e83447e41722a2406,a0437057bb5ae18d7b5bee2a914d321c"},
{"LAYER":"TOP","ID":"C402","COMPONENT":"Electrolytic","PART_VALUE":"1000µF","FINGER":"02322fd519bfac4aee269712809e4b18"},
{"LAYER":"TOP","ID":"R502","COMPONENT":"Resistor","PART_VALUE":"2.7kΩ","FINGER":"02561a473261160dfae3e40b5ae09521,db8f25ef76db6fb3212f4fca44d7b60f,6bad2e62dfa1f2c1a0162606599e88ba"},
{"LAYER":"TOP","ID":"U38","COMPONENT":"IC","PART_VALUE":"1488","FINGER":"02ab4388c44c526c37a80333812001c6"},
{"LAYER":"TOP","ID":"E433","COMPONENT":"FB","PART_VALUE":"FB","FINGER":"02b2574fc42fa0586395f9fe452c8821,52fe27aa3c47245a81c9333c28f359fc"},
{"LAYER":"TOP","ID":"E421","COMPONENT":"EMI4","PART_VALUE":"6800PF","FINGER":"034be224636d69b4c83879e6d431dbc4,aee36e29b76f85af015e227709b9a868"},
{"LAYER":"TOP","ID":"E102","COMPONENT":"Capacitor","PART_VALUE":"47pF","FINGER":"03c62a66c9030fce61142e78a046fdbf,9b4ceadd5fd3e960c281523b2759e847,e391b6870deb2499848ace86ecb59485"},
{"LAYER":"TOP","ID":"C335","COMPONENT":"Capacitor","PART_VALUE":"330nF","FINGER":"048d8230e919fea696493a225cb82b81,b70159459141e39b2bde4b9083b1412e,ca1295e796b571ed573bd78efa8da3b6"},
{"LAYER":"TOP","ID":"C35","COMPONENT":"Capacitor","PART_VALUE":"10nF","FINGER":"04b4e5e268302a5294b3db069cc8a59e,dc37779b8a4d485d95a85ea8ce4fef5b,f20a41e69ebaab85dae198759ec98813"},
{"LAYER":"TOP","ID":"E620","COMPONENT":"EMI","PART_VALUE":"100PF","FINGER":"05424fbab72952cc3398fadb08c5e6d8"},
{"LAYER":"TOP","ID":"R109","COMPONENT":"Resistor","PART_VALUE":"68Ω","FINGER":"0749fa286546e12e416d26201be1eaa9,1d8f507e781a8124db27ea86dbb1f901,cfb79d3f5b3cae5ca03ea49a3cd1e874"},
{"LAYER":"TOP","ID":"R504","COMPONENT":"Resistor","PART_VALUE":"4.7kΩ","FINGER":"07eb108ae91534c66c078d7ce8fe6cbe,e30a618584365d2e86fd83b4158b9bbe,e572b80010f200dcdbe7583983207d74"},
{"LAYER":"TOP","ID":"E411","COMPONENT":"EMI4","PART_VALUE":"6800PF","FINGER":"0840706d560de2e1e9dbd21f2ed69835,a198f9a1e7300012b5e15e5dee4ed8fb"},
{"LAYER":"TOP","ID":"R306","COMPONENT":"Resistor","PART_VALUE":"10kΩ","FINGER":"08ea52d80d44a00f7feaa96d17ba95be,561f052e3549fcdeef1a2f027c59d331,1bf0c7d67ecd7d66ad9332f5f87d9642"},
{"LAYER":"TOP","ID":"E622","COMPONENT":"EMI","PART_VALUE":"100PF","FINGER":"08fbbce3c129f577772b02a444359698"},
{"LAYER":"TOP","ID":"C1","COMPONENT":"Capacitor","PART_VALUE":"330nF","FINGER":"0a73760de05b06efa4e5cfaba0b9fe7e,a439fca922982d09f13e5939297abff3,36cb713552f326a777ceb6671b903154"},
{"LAYER":"TOP","ID":"E302","COMPONENT":"EMI","PART_VALUE":"6800PF","FINGER":"0d83673b45c465780e3294c0fddde91a"},
{"LAYER":"TOP","ID":"U19","COMPONENT":"IC","PART_VALUE":"XX4256-12","FINGER":"0ee3d8a3764a3c8cdad1733183d4b775"},
{"LAYER":"TOP","ID":"E502","COMPONENT":"Resistor","PART_VALUE":"47 1\/2WΩ","FINGER":"0eee4e860863269f51bbbb7b9d6bdaf0,03e66dafbe3a5dcffda89e071bc03d1b"},
{"LAYER":"TOP","ID":"R323","COMPONENT":"Resistor","PART_VALUE":"10kΩ","FINGER":"0f619aeec3a59476d7cfc9da0dc4cbb2,cfda3b0f69bdcc4c6cea55a6360cd3e3,9d3f6209a21ed331c26c3a85a467aa27"},
{"LAYER":"TOP","ID":"C304","COMPONENT":"Electrolytic","PART_VALUE":"22µF","FINGER":"102795e33f924a4986d90ebc901fb93f"},
{"LAYER":"TOP","ID":"R503","COMPONENT":"Resistor","PART_VALUE":"4.7kΩ","FINGER":"1096c36c70772a2dcee53242249e0fc7,d4dab0128cccb3272b6bf5917a767738,55a50e6eb9cea316231237e1749ffe32"},
{"LAYER":"TOP","ID":"E405","COMPONENT":"EMI4","PART_VALUE":".01UF","FINGER":"11e948a05052b5c25d0d2e0ae13e46e0,dad12583e00e18a2b552a65751504539"},
{"LAYER":"TOP","ID":"C331","COMPONENT":"Capacitor","PART_VALUE":"100nF","FINGER":"13488b934e5e11d81173716d0a77a25c,33f5ed1a6fe5ff72b80d4a7a2220a930,c4fe8020f8b306e47e78a0ac14606419"},
{"LAYER":"TOP","ID":"RP104","COMPONENT":"Resistor Pack","PART_VALUE":"470X7","FINGER":"1439dfd8299cf74ac86dd79d7e7ddb50,0ad17dc36e0721fa46fbd7747d7154aa"},
{"LAYER":"TOP","ID":"E442","COMPONENT":"EMI4","PART_VALUE":"470PF","FINGER":"1762614ec95f0286f0e82016586908e1,5cbf0c6b89aace57f222113ea54c7f0c"},
{"LAYER":"TOP","ID":"RP103","COMPONENT":"Resistor Pack","PART_VALUE":"39","FINGER":"1ab26b0aeb5d2696758a9d94eddffcf3,27204a4907b7ab7aa9d0af13a574d440"},
{"LAYER":"TOP","ID":"E613","COMPONENT":"EMI","PART_VALUE":"100PF","FINGER":"1b6ec6c5837bd257d540e048aba14b22"},
{"LAYER":"TOP","ID":"E518","COMPONENT":"EMI","PART_VALUE":"100PF","FINGER":"1ba7c080b40dc4a17da3486026751514"},
{"LAYER":"TOP","ID":"E621","COMPONENT":"EMI","PART_VALUE":"100PF","FINGER":"1cfbd26addb748b1a9dc16a9a2f5b76a"},
{"LAYER":"TOP","ID":"E426","COMPONENT":"EMI4","PART_VALUE":"470PF","FINGER":"1de5f6e730d6d896ca17ad2db48e0a35,6dee203c7cda39919392dd6b4aae8c0b"},
{"LAYER":"TOP","ID":"C313","COMPONENT":"Capacitor","PART_VALUE":"47nF","FINGER":"1efc369f3d134652a9f66a51e5b0e7e5,ff1cee1093e30dd77391517b3842ed9a,3dafce4ea41176350e55a68e16ba187e"},
{"LAYER":"TOP","ID":"R401","COMPONENT":"Resistor","PART_VALUE":"4.7 1\/2WΩ","FINGER":"1faa3eee7caf383a6590e3a6cb945c7b,5b484b5b7e3bc998df696bc40433405b,63f8c10e239b82a5320506254b9ac445"},
{"LAYER":"TOP","ID":"E305","COMPONENT":"FB","PART_VALUE":"270PF","FINGER":"202594b06766aa9c52f33d70d481ab3b,c14db0c313cff82136ac5f14a4cd4bac"},
{"LAYER":"TOP","ID":"E514","COMPONENT":"EMI","PART_VALUE":"100PF","FINGER":"22199e976a739f2bbfd27c60f2477345"},
{"LAYER":"TOP","ID":"JP7B","COMPONENT":"JUMPER","PART_VALUE":"JUMPER","FINGER":"2251e189b307c69f659b401c5ceda287"},
{"LAYER":"TOP","ID":"C12","COMPONENT":"Capacitor","PART_VALUE":"10nF","FINGER":"22affa74ad763f16e5556200cec0dc1c,90dd70bfdc9093fd6d75808eb1b35dbc,00c74e8bb55ddd94c0ccedee2719c5e6"},
{"LAYER":"TOP","ID":"R304","COMPONENT":"Resistor","PART_VALUE":"1kΩ","FINGER":"234984016d3d8f4ed87fd0f04ef4e677,c2b566d7f02edc004f0cb14c9e4ff5cb,3961ee08898531da2261c48bebbe76a4"},
{"LAYER":"TOP","ID":"C711","COMPONENT":"Capacitor","PART_VALUE":"100nF","FINGER":"24a7cca6a72ed6d6f002097526e11ae2,56ad0a9bcfb316cf8700a4ffef207bf3,ba78841d5d6f21a3740857b9c7efe2f6"},
{"LAYER":"TOP","ID":"E103","COMPONENT":"Capacitor","PART_VALUE":"47pF","FINGER":"256ba91566afcbbb1e9df7389dcbed35,98d669871bb78146f2c68f20da700775,e34f2c0e13e2180eac26b8356bd38e50"},
{"LAYER":"TOP","ID":"C34","COMPONENT":"Capacitor","PART_VALUE":"10nF","FINGER":"25da0f8ff997c7218305b9de0bb14d19,1c3fb1f94d622403369c81594e0f6f5f,c90e0fe3663d1ef573c4fa9eea35a72b"},
{"LAYER":"TOP","ID":"C5","COMPONENT":"Capacitor","PART_VALUE":"330nF","FINGER":"25e157a24b740bd1562046d8a64a65ac,82729ccadc3d741ff15eecfed10a9577,8094e820d2344ea65064316213fc6a8c"},
{"LAYER":"TOP","ID":"E524","COMPONENT":"EMI","PART_VALUE":"100PF","FINGER":"2694846700a4640babbb0a3d16ccbb52"},
{"LAYER":"TOP","ID":"RP102","COMPONENT":"Resistor Pack","PART_VALUE":"4.7kΩ x9*","FINGER":"269ab7148c87fb9a69da9e14ec363e15,96f627ba271a7126792f3561c04aef00"},
{"LAYER":"TOP","ID":"JP8","COMPONENT":"JUMPER","PART_VALUE":"JUMPER","FINGER":"27b2ecdca19a98796baa02a60204514a"},
{"LAYER":"TOP","ID":"E403","COMPONENT":"EMI4","PART_VALUE":".01UF","FINGER":"29bd91b81f21c72fd824ed15ce373d6a,e20f1878d2966ccf89685a53284a755f"},
{"LAYER":"TOP","ID":"CN12","COMPONENT":"4-PIN SIL","PART_VALUE":"4-PIN SIL","FINGER":"2b3459932cc84bd4af806126ec5feb04"},
{"LAYER":"TOP","ID":"C16","COMPONENT":"Capacitor","PART_VALUE":"330nF","FINGER":"2bdc35b03c6033a2dc5158b5bdac07f9,b86b0cb1a3a0ec03e86b9e17e0971cc8,6a2c57d2c5914abe2e9cf215fd4f1901"},
{"LAYER":"TOP","ID":"U37","COMPONENT":"IC","PART_VALUE":"74LS32","FINGER":"2d28a857785826792c8556ab0e09805f"},
{"LAYER":"TOP","ID":"E522","COMPONENT":"EMI","PART_VALUE":"100PF","FINGER":"2d4ba64053dda6c9a12c13122cb8af5d"},
{"LAYER":"TOP","ID":"C307","COMPONENT":"Electrolytic","PART_VALUE":"1000µF","FINGER":"2fbdee06f6e27502e8a5715e8c332eae"},
{"LAYER":"TOP","ID":"E417","COMPONENT":"EMI4","PART_VALUE":"470PF","FINGER":"3011f4d3f767e6ced6744fd08c13ea61,c4d7c301481c7250dfa232da0d83a4d6"},
{"LAYER":"TOP","ID":"Q331","COMPONENT":"JFET","PART_VALUE":"MPF102","FINGER":"302be39bbd5233046ae30fc1a255dda0,bfd6f4f641e51694c9ad0fd57afefa72"},
{"LAYER":"TOP","ID":"C9","COMPONENT":"Capacitor","PART_VALUE":"330nF","FINGER":"304c5a82dcced8e8cae4c587ed90377b,ac97fd8c2aeecd1fde602be46a9f0cf3,a8d9317661fc4d58e4f56686edb6b35a"},
{"LAYER":"TOP","ID":"CN5","COMPONENT":"DB23S","PART_VALUE":"DB23S","FINGER":"3083985ed9bf94b08519ce17f08da950,e42a86128d89e7a8a958ee3ad8975224,565a7c17b0d3216cfbc21ea0b032ae68,c30895133b33a37e6ac5a4ee5174acfc"},
{"LAYER":"TOP","ID":"E444","COMPONENT":"EMI4","PART_VALUE":"470PF","FINGER":"3294ef293c949730cbb8c3c23e1eb2f4,137e3eb6de245ff4eaed1b71ee40755f"},
{"LAYER":"TOP","ID":"CN3","COMPONENT":"PIN","PART_VALUE":"PIN","FINGER":"32f7632cce7205ae5bec491256e3e401"},
{"LAYER":"TOP","ID":"R507","COMPONENT":"Resistor","PART_VALUE":"100Ω","FINGER":"357f1d76d221adbc5a5b73ab339e6e41,0baa7479ce309d572dd72a01f2781177,f774e0f60d0c8e24debdb522ece5c508"},
{"LAYER":"TOP","ID":"E110","COMPONENT":"EMI","PART_VALUE":".01UF","FINGER":"36dcdc3dd63c88748ae840a86ff08ece"},
{"LAYER":"TOP","ID":"C323","COMPONENT":"Capacitor","PART_VALUE":"3900pF","FINGER":"36ef5818840c7c5ab70cb41e1f701684,df45f4d2a4378376af2e3ad706608e0d,7edcb0d35bd13a6fc3079ca7c615c9c2"},
{"LAYER":"TOP","ID":"E407","COMPONENT":"EMI","PART_VALUE":".01UF","FINGER":"3880b1aeb63615eb2f7da03b0e5f0e6c"},
{"LAYER":"TOP","ID":"U11","COMPONENT":"IC","PART_VALUE":"74LS373","FINGER":"38c1fa0dcf95185e2352d59945998ebb"},
{"LAYER":"TOP","ID":"E614","COMPONENT":"EMI","PART_VALUE":"100PF","FINGER":"38c8d4a934111989333bb951503c8438"},
{"LAYER":"TOP","ID":"R102","COMPONENT":"Resistor","PART_VALUE":"27Ω","FINGER":"3945581c782f15ada308073f5db5a813,81b8992c2423caf6ae05d577f9ccc2cf,59a98637a4ba3c0374aab680d691cdfd"},
{"LAYER":"TOP","ID":"C11","COMPONENT":"Capacitor","PART_VALUE":"330nF","FINGER":"3993435e74211b067293f08ba63bdb48,97f55dc8498ca47477ef97d68d94b3e8,e544e3b02986ce5fafa3ac3b2a01f2a2"},
{"LAYER":"TOP","ID":"R403","COMPONENT":"Resistor","PART_VALUE":"4.7kΩ","FINGER":"3b1e5defbf79f829293d104b3cf4dfc3,c59f606b5d98d4a5ff3742b7be7a3dfe,31f16df4d6e0d48a46600132b9ba28dc"},
{"LAYER":"TOP","ID":"E306","COMPONENT":"FB","PART_VALUE":"270PF","FINGER":"3b322e3b016c57b70e5ce1e7a4817972,a4ff32b0176dbe982cc6f44bf96d6dc6"},
{"LAYER":"TOP","ID":"U17","COMPONENT":"IC","PART_VALUE":"XX4256-12","FINGER":"3b950754a81519e9b97c9476e2b45a01"},
{"LAYER":"TOP","ID":"R409","COMPONENT":"Resistor","PART_VALUE":"150Ω","FINGER":"3c75284a8de64ce94695e3c9b006833d,9271646ed520581fc01594603bc41335,92230139ad0a3c40534f0510e86a9900"},
{"LAYER":"TOP","ID":"C403","COMPONENT":"Varicap","PART_VALUE":"47pF","FINGER":"3cb87b67d759a19e562fd9060e936984,7bf9ffd5c1fc734b910979fd042906e9,fca72b0945c65acd9b684bee67d1731b,09e5018d1ece0363bd5432779fae751c,0c7645e670764e54080aedf9d1e2974c,6e9fab4c5ea50bc505e6e27d310e6b46"},
{"LAYER":"TOP","ID":"E612","COMPONENT":"EMI","PART_VALUE":"100PF","FINGER":"3e639367170c9019eb63c13b3df04995"},
{"LAYER":"TOP","ID":"U9","COMPONENT":"IC","PART_VALUE":"MSM6242B","FINGER":"3ea57081abaf8d8e9dd8611eb33e3f31"},
{"LAYER":"TOP","ID":"BT9","COMPONENT":"3\/60DK","PART_VALUE":"3\/60DK","FINGER":"3ef78f33e4ad862bb88a4b9915703963,667693e88c01fe3fab8db86130c673be,de2502ca82605e48689b0a259fdd5245,6569e5409ab10a6addb2e1c945b46045,0cde9c5f3ffc409933709d98b7813229"},
{"LAYER":"TOP","ID":"R105","COMPONENT":"Resistor","PART_VALUE":"47Ω","FINGER":"3f15ad744c40319dd739c4c58b866921,75a6a40ca2e52c14f86cdfa6c247ebc9,9de8a5eea9a9d70d7232e25476e28d4b"},
{"LAYER":"TOP","ID":"C10","COMPONENT":"Capacitor","PART_VALUE":"10nF","FINGER":"3f31bfd238adc95640a5cfa3f560cd20,376f7bdb953c41bef04ad61b50a58049,741bc68f8cea7122f7f4e1894272433c"},
{"LAYER":"TOP","ID":"C33","COMPONENT":"Capacitor","PART_VALUE":"10nF","FINGER":"3f5f08010038c55840a0e3e52533205a,9d7bd4b2a7498cbb54b5ace58ac664d9,9d081bdc725436e710a569461667788f"},
{"LAYER":"TOP","ID":"R711","COMPONENT":"Resistor","PART_VALUE":"1MΩ","FINGER":"3f7df78b93debe0a03818bb71a4a3237,c922699b35c685cd66546eeded49f6e6,81971c21762d7000f49383a61fc0b78a"},
{"LAYER":"TOP","ID":"HY1A","COMPONENT":"COLOR","PART_VALUE":"COLOR","FINGER":"4095fcb06cee9523d54faaf093830250"},
{"LAYER":"TOP","ID":"R402","COMPONENT":"Resistor","PART_VALUE":"4.7kΩ","FINGER":"41ed2fde329eccec4e258a4577ef2c9c,e4396372b49df79ff0f272fdbc5bac35,cf0d83e99992b739df58f5e55000623a"},
{"LAYER":"TOP","ID":"JP11","COMPONENT":"JUMPER","PART_VALUE":"JUMPER","FINGER":"420e596238eaaaa9cd83dc9c4210a6e6"},
{"LAYER":"TOP","ID":"E534","COMPONENT":"EMI","PART_VALUE":"150PF","FINGER":"425caaa1b210646b5868e2a054db530a"},
{"LAYER":"TOP","ID":"C332","COMPONENT":"Capacitor","PART_VALUE":"6800pF","FINGER":"4280b83b0b39107696495e38bcf23717,d22d8013d97ddf2f3a0179956d27fdb9,32900ec928f42a922826e1d95178a0b5"},
{"LAYER":"TOP","ID":"E521","COMPONENT":"EMI","PART_VALUE":"100PF","FINGER":"44f0a9b2b3db368e476d273410dd7269"},
{"LAYER":"TOP","ID":"U32","COMPONENT":"IC","PART_VALUE":"74F139","FINGER":"45344e0c948f32a30bb7d9ffa044b9ad"},
{"LAYER":"TOP","ID":"C334","COMPONENT":"Electrolytic","PART_VALUE":"22µF","FINGER":"45cae8923c23e275530b3987b28f41c5"},
{"LAYER":"TOP","ID":"E532","COMPONENT":"EMI","PART_VALUE":"150PF","FINGER":"47d34796b6fb6bf3b7d4d290d446bc12"},
{"LAYER":"TOP","ID":"C422","COMPONENT":"Capacitor","PART_VALUE":"1000pF","FINGER":"48fa05bb847b1193fc8f949744be58e1,a6a685c4d922010fbac610a65ae97451,a8d0c1768cd7a76d11d5382d90071e71"},
{"LAYER":"TOP","ID":"CN15","COMPONENT":"4-PIN SIL","PART_VALUE":"4-PIN SIL","FINGER":"4905288202cee459ea911de1ff292d00"},
{"LAYER":"TOP","ID":"C333","COMPONENT":"Capacitor","PART_VALUE":"3900pF","FINGER":"492fcd6463ff2e338a00f143affc0748,f3554e945f23f4c0a331e801eac831bd,bfbae427d6bb1fe230d75d6496467b67"},
{"LAYER":"TOP","ID":"E413","COMPONENT":"EMI4","PART_VALUE":"6800PF","FINGER":"4a5c667b64ce013c29c0049bb2e5d589,aeaf370d98bce28b9fa55bc8ac960a07"},
{"LAYER":"TOP","ID":"C6","COMPONENT":"Capacitor","PART_VALUE":"330nF","FINGER":"4aec45c21ee46405f1c42692f7f8c0fc,57ec2e09fdc2cfab762d4d2e51dfd021,2cca525f9ab1b67a4868bb535e6cca83"},
{"LAYER":"TOP","ID":"R334","COMPONENT":"Resistor","PART_VALUE":"1kΩ","FINGER":"4eda8ffd7903c524ccbd16cd7758c624,f7accd9cf8790a16493e94a1e4cddeff,6f7f64c612ea4d5c1cc899f65dc4764b"},
{"LAYER":"TOP","ID":"C4","COMPONENT":"Capacitor","PART_VALUE":"330nF","FINGER":"4f16ec8a21542b57a003587d03b5c28b,badad51cc3322e79357399a4bd21891e,acb8e77ce1afefabf69b6dcec95101e9"},
{"LAYER":"TOP","ID":"RP105","COMPONENT":"Resistor Pack","PART_VALUE":"4.7kΩ x9*","FINGER":"5073fed4d8af5dacc16a399d0a20cdba,b8278382b45485253262cbfb9e8940f7"},
{"LAYER":"TOP","ID":"C302","COMPONENT":"Capacitor","PART_VALUE":"330nF","FINGER":"507cfbf3aecfc97bc5af3398b0977264,2334e4eb9c2702e33a68a0085fee6ee6,646ff00bc5e2d9d886f1425d12c1e17d"},
{"LAYER":"TOP","ID":"C301","COMPONENT":"Capacitor","PART_VALUE":"330nF","FINGER":"50c61004e4e034f51b4b31ab10fa44cc,3848acefc09caa2db05878fb06aa4e75,7eced078ca8ba1ce08080526d1e20f8c"},
{"LAYER":"TOP","ID":"E427","COMPONENT":"EMI4","PART_VALUE":"470PF","FINGER":"50f17341a17742c567f52b5c91b1c4e1,560913349d12544817d643084543e706"},
{"LAYER":"TOP","ID":"C3","COMPONENT":"Capacitor","PART_VALUE":"330nF","FINGER":"51ed417dd281434dbd01e9e87ca435e8,1ec31216a650e191543e3b26938147be,efdc0dd8c0801ba10d38a6c7dee65be2"},
{"LAYER":"TOP","ID":"U21","COMPONENT":"IC","PART_VALUE":"XX4256-12","FINGER":"5215c01b3cb5d3933b47e55c305d1e10"},
{"LAYER":"TOP","ID":"C413","COMPONENT":"Capacitor","PART_VALUE":"1000pF","FINGER":"53af680396684e378dea21b16218b09b,bb77784f037aa6e79e46e125cc0f6135,2d23244c32bd8c07f06df21c838a6b3c"},
{"LAYER":"TOP","ID":"E602","COMPONENT":"EMI4","PART_VALUE":".01UF","FINGER":"53f0f0781ca154906e90a04e693dd58f,ca49a3686233cddfe4e8f5e871a366da"},
{"LAYER":"TOP","ID":"R911","COMPONENT":"Resistor","PART_VALUE":"470Ω","FINGER":"540ed9dfc405dc9b6cdbe6953db0f5a9,5b351a385361f6e210428832d989c84a,fde3a0fdd55e8e7b43578dcd168d622b"},
{"LAYER":"TOP","ID":"E515","COMPONENT":"EMI","PART_VALUE":"100PF","FINGER":"54a189c3190d6bdd9d723775a9abca87"},
{"LAYER":"TOP","ID":"R307","COMPONENT":"Resistor","PART_VALUE":"2.7kΩ","FINGER":"5586b065e7994f2907f6e4c2ce5bb078,63b97f034ccf0c400e72770f63d2617b,2c85acb1a7835bebc27cec099cab4cf8"},
{"LAYER":"TOP","ID":"E623","COMPONENT":"EMI","PART_VALUE":"100PF","FINGER":"561937fc6ee789a06c48d8f80be7c4dd"},
{"LAYER":"TOP","ID":"C800","COMPONENT":"Capacitor","PART_VALUE":"10nF","FINGER":"565ff589e3111978240e7f65522ecaa8,4171f432a01264e83698c31cc07b5117,e3989520c762889bb52d966070d8eeb4"},
{"LAYER":"TOP","ID":"R301","COMPONENT":"Resistor","PART_VALUE":"10Ω","FINGER":"57335a5b61c1ecbbb038042d23d9328e,6bad60f0d9844e2dc9c44439c112f91e,f948767d481776705b4d800071f7dbfa"},
{"LAYER":"TOP","ID":"U12","COMPONENT":"IC","PART_VALUE":"74LS244","FINGER":"580ce3b34073894acd33325c78e03a74"},
{"LAYER":"TOP","ID":"FB102","COMPONENT":"Resistor","PART_VALUE":"150Ω","FINGER":"596ae4708162dfce47c535b97ad2cb8a,94a72c0092037ec2a3a707a05ad90aed"},
{"LAYER":"TOP","ID":"U1","COMPONENT":"IC","PART_VALUE":"MC68000","FINGER":"59db9a019fd9c018bbeb4757615110a1"},
{"LAYER":"TOP","ID":"C713","COMPONENT":"Capacitor","PART_VALUE":"10nF","FINGER":"5a9cef6c68587bab55354e1b2de68df8,4ecd442124f0cead00b248cd155647b3,c7123476ee0e0fdea863470a2d2434db"},
{"LAYER":"TOP","ID":"C423","COMPONENT":"Capacitor","PART_VALUE":"1000pF","FINGER":"5c71ed179d69ff4acdc5469f061d6d34,ca56ffe4697825edc8abff48d331d51b,abc7738fafb7d329110f16fbae3445f2"},
{"LAYER":"TOP","ID":"E531","COMPONENT":"EMI","PART_VALUE":"470PF","FINGER":"5c89879f3f3a5c6a0ab7fc6f0ee3668a"},
{"LAYER":"TOP","ID":"U3","COMPONENT":"IC","PART_VALUE":"8364","FINGER":"5d2ab7ba12eca8ab2c9bf4d2e107a79f"},
{"LAYER":"TOP","ID":"U8","COMPONENT":"IC","PART_VALUE":"8520","FINGER":"5dcad77ae92a7363635228662b3733b7"},
{"LAYER":"TOP","ID":"D501","COMPONENT":"Diode","PART_VALUE":"1N914","FINGER":"5f36c19f1982481cfa02596264628291,9c423f886ba378de4551b00206df3d90,15e4ce8b2d6dac6eca8958d17405a970,11c46ef5587686e6ccbc6efab51f087b,937104e72ff507d2b5b3daf7d5f25a60"},
{"LAYER":"TOP","ID":"E626","COMPONENT":"EMI","PART_VALUE":"100PF","FINGER":"5f9456060d4952b36dd4b6519573e296"},
{"LAYER":"TOP","ID":"Q301","COMPONENT":"PNP","PART_VALUE":"2N3906","FINGER":"60bcabb6ef2e19f74d5129a6008f860c,3aedff173ef405c79ce7ffc1d138b283"},
{"LAYER":"TOP","ID":"R103","COMPONENT":"Resistor","PART_VALUE":"47Ω","FINGER":"61675d9cc8c4ad5cc69902ccb03daf0d,6970f556f4e94117aa59f4717c1f20bf,2d85334f314b5c28fdb9b9d3ef7d5446"},
{"LAYER":"TOP","ID":"R201","COMPONENT":"Resistor","PART_VALUE":"4.7kΩ","FINGER":"647f6620e2b27d93c4b797f10cf84f67,d68c375c7f54838802f9573a42d977cb,8cdfb8259b23200abe96b1e69f9af804"},
{"LAYER":"TOP","ID":"E401","COMPONENT":"EMI4","PART_VALUE":".01UF","FINGER":"669b57a1debf395f19e69d5cbbf828d5,365b82ee1a0e1152996f0b0b3625a2d8"},
{"LAYER":"TOP","ID":"E601","COMPONENT":"EMI4","PART_VALUE":".01UF","FINGER":"6787a945bffe63380361e0cc2061a266,8cb225deeae7e2cc78286a6c10b4505b"},
{"LAYER":"TOP","ID":"R113","COMPONENT":"Resistor","PART_VALUE":"47Ω","FINGER":"67fb9494eb5e30a7b3e359bdb1836984,2b1d935e6bb8a698b4cb56b014737c21,0bc2e984b2108e18b0ea8c8d26101c22"},
{"LAYER":"TOP","ID":"C816","COMPONENT":"Electrolytic","PART_VALUE":"100µF","FINGER":"6817bb087039c39d91fedc74b3786db3"},
{"LAYER":"TOP","ID":"C312","COMPONENT":"Capacitor","PART_VALUE":"47nF","FINGER":"693ded73b6be720b05fddd928a5be0d2,1e89a8909dcf436af9979f9c88e7e134,c23c2f44b4d71308f4211a21d29a1f8b"},
{"LAYER":"TOP","ID":"E415","COMPONENT":"EMI4","PART_VALUE":"470PF","FINGER":"6a0ae7b35585abf454aba1142865f3b0,75c2ab79b6e60b7ff0a6f4ca6c311cfb"},
{"LAYER":"TOP","ID":"RP106","COMPONENT":"Resistor Pack","PART_VALUE":"4.7kΩ x9*","FINGER":"6a95d7e4dc561e1311b036ddeb74cc5e,ba78f08c9c59ef07748fdd2e04dbfb0b"},
{"LAYER":"TOP","ID":"R111","COMPONENT":"Resistor","PART_VALUE":"68Ω","FINGER":"6b57f9d651214e7182a15452c14f3865,968dda070c6f919febc99797224366fa,d26f6a2e504564b204fcb21f0e1f03f5"},
{"LAYER":"TOP","ID":"CN10","COMPONENT":"PIN","PART_VALUE":"PIN","FINGER":"6c861735c93e49da92fee95ee507f989"},
{"LAYER":"TOP","ID":"R331","COMPONENT":"Resistor","PART_VALUE":"360Ω","FINGER":"6cdecc41a9544040117d3e39a4e7d5d5,2f3b38ad4db571e2d934b405d5d8a3c3,04c5109866cbac346e60e9f988f98a2b"},
{"LAYER":"TOP","ID":"E412","COMPONENT":"EMI4","PART_VALUE":"6800PF","FINGER":"6d5b7c7e4b6d1d36e3026e0ae547e5cd,e63e29c4a23bfef6bbc875bf28225d17"},
{"LAYER":"TOP","ID":"E422","COMPONENT":"EMI4","PART_VALUE":"6800PF","FINGER":"6e67dd17568ff46f28d59551ee897fd9,d550faf5785ef5197d9bdd7d31763a70"},
{"LAYER":"TOP","ID":"JP4B","COMPONENT":"JUMPER","PART_VALUE":"JUMPER","FINGER":"7047b85c1c29774969501c2c086913a2"},
{"LAYER":"TOP","ID":"R712","COMPONENT":"Resistor","PART_VALUE":"47kΩ","FINGER":"715630dd1bf9216d5772b25902ede622,19b08e18059fb1eb7588f91e66cc951e,ac2de0c2d7c091d6f30972575fbfa149"},
{"LAYER":"TOP","ID":"C8","COMPONENT":"Capacitor","PART_VALUE":"10nF","FINGER":"7188d8e5cf8ce56deadd2ccea5af16d1,d95126c7525b02c67ac772ac0e216f1f,b0272a3c89d6af125f8fb31d0576b7d2"},
{"LAYER":"TOP","ID":"E536","COMPONENT":"EMI","PART_VALUE":"470PF","FINGER":"718dd500f392ef829ea45e9ebd09e457"},
{"LAYER":"TOP","ID":"JP1","COMPONENT":"JUMPER","PART_VALUE":"JUMPER","FINGER":"71ce1d23b8ff13f5cc1bef72053091f2"},
{"LAYER":"TOP","ID":"R114","COMPONENT":"Resistor","PART_VALUE":"68Ω","FINGER":"7239786d344c18e33190aa6a28512cae,42137fac5c9f1cc926a9b37ecd9223c0,b3c4ce25c485836e0d88a4b3640913dc"},
{"LAYER":"TOP","ID":"E432","COMPONENT":"FB","PART_VALUE":"FB","FINGER":"72e63f28d7126dc2668fd818e41a66bf,98eb91b0ef5095b5fca9e6c619ea09b7"},
{"LAYER":"TOP","ID":"E615","COMPONENT":"EMI","PART_VALUE":"100PF","FINGER":"72f6b5c30938b2b9ad5b1db71a0e171b"},
{"LAYER":"TOP","ID":"JP10A","COMPONENT":"JUMPER","PART_VALUE":"JUMPER","FINGER":"7336d0406cde8be8aab34de752a62574"},
{"LAYER":"TOP","ID":"C412","COMPONENT":"Capacitor","PART_VALUE":"1000pF","FINGER":"7338535b41a8ee724f86ed0d8c43ddb7,df0a9c192efd4ac72382ddcc63909429,2cec42751479b02fa29702dd5db92eaa"},
{"LAYER":"TOP","ID":"U10","COMPONENT":"IC","PART_VALUE":"74LS244","FINGER":"73c66c8eae73b324e0442e94fb929ad5"},
{"LAYER":"TOP","ID":"U18","COMPONENT":"IC","PART_VALUE":"XX4256-12","FINGER":"73e508c866b4ea57f860c272fa6c3250"},
{"LAYER":"TOP","ID":"C322","COMPONENT":"Capacitor","PART_VALUE":"6800pF","FINGER":"743a574874618de9259df11be4185bff,44814223748540cc95fff19072fa4b28,56f47cf5ce2250e2bcfe98df218bb2c6"},
{"LAYER":"TOP","ID":"E109","COMPONENT":"Capacitor","PART_VALUE":"47pF","FINGER":"74ca1121980eb29338fcc9fb757e854a,1355a25c12ba06220c7a33c299e4bfec,6674295755dfcfe5a7c3eef77a7764aa"},
{"LAYER":"TOP","ID":"R339","COMPONENT":"Resistor","PART_VALUE":"10kΩ","FINGER":"7515757d2431534993fb224b3098dece,2ef9f29a58946230e1ceee9f1dd84936,b92328aaf93b5c1be4f0f38c36065706"},
{"LAYER":"TOP","ID":"U13","COMPONENT":"IC","PART_VALUE":"74LS373","FINGER":"75e478f948fb2f9148068a7f3224bab2"},
{"LAYER":"TOP","ID":"U5","COMPONENT":"IC","PART_VALUE":"5719","FINGER":"76e983c67ad465791e04b4bb171bc482"},
{"LAYER":"TOP","ID":"CN9","COMPONENT":"DB23S","PART_VALUE":"DB23S","FINGER":"7702640796d631758a1abd8fa092a760,585e03b4c9b5034952241e3389712d5e,f60c5d5b7f757898adc6fa28130fc6e5,de0c2d2e01b8dc28639a76d72594f008"},
{"LAYER":"TOP","ID":"C421","COMPONENT":"Capacitor","PART_VALUE":"1000pF","FINGER":"788b293a55914492d49fafebc38d7d77,614a7cda0b0a4982c7cae3f6d63bac78,465dce946cdc5fb18fc242edec2ef941"},
{"LAYER":"TOP","ID":"RP203","COMPONENT":"Resistor Pack","PART_VALUE":"68","FINGER":"78aca2fbeb527d30db7532499c459e48,0fcf4ffd5b1da46046e09bf936d33481"},
{"LAYER":"TOP","ID":"Q502","COMPONENT":"PNP","PART_VALUE":"2N3906","FINGER":"78c3f3d566afe22e5399e8adcbac5609,fe3ca301d803f7af03ebe7db1564dbfc"},
{"LAYER":"TOP","ID":"U22","COMPONENT":"IC","PART_VALUE":"XX4256-12","FINGER":"7ab3c78c39e3e54cc406f5264cf3702a"},
{"LAYER":"TOP","ID":"X1","COMPONENT":"Oscillator","PART_VALUE":"28.63636MHz","FINGER":"7b79b150c0eb640b660fc1cf5fb71876"},
{"LAYER":"TOP","ID":"E424","COMPONENT":"EMI4","PART_VALUE":"6800PF","FINGER":"7c1619566d0136b84aa6957107a3956e,f34ef97f06425eacaf0a9c15f154fbf8"},
{"LAYER":"TOP","ID":"E441","COMPONENT":"EMI4","PART_VALUE":"470PF","FINGER":"7d0ee504bf170af57c5d171ffc7a831c,9f18465d7cb280bddd620c00620356ea"},
{"LAYER":"TOP","ID":"C314","COMPONENT":"Capacitor","PART_VALUE":"47nF","FINGER":"7d5e3cf54de22a04fae91f98524d3daa,7465471879979fa7fb0af1fbb90a0652,feee3e31d0ba66820605156e2c5f01ea"},
{"LAYER":"TOP","ID":"Q321","COMPONENT":"JFET","PART_VALUE":"MPF102","FINGER":"7e1ce6f949e5dda68ab4e647a2143b40,8d42899220a01950ad9d4029f5d00256"},
{"LAYER":"TOP","ID":"FB101","COMPONENT":"Resistor","PART_VALUE":"68Ω","FINGER":"7e7d0cc1883bf2e4402613de188d3a3a,1f8edb85cb2d19139f28854c7070bc3e"},
{"LAYER":"TOP","ID":"R107","COMPONENT":"Resistor","PART_VALUE":"47Ω","FINGER":"7ea7b648fd79e510f7487ceed48aa857,88e5e16548d09c5d609d216314e1bb1c,99756e16abdfa35d317c8bf61dffbeb7"},
{"LAYER":"TOP","ID":"C41","COMPONENT":"Capacitor","PART_VALUE":"330nF","FINGER":"7ef4c6e8da9705685ee4208346191978,c926921c0f8523c2ff3069086c280368,fcc8c4b0e5622c7d1f08b612bdb06c07"},
{"LAYER":"TOP","ID":"C815","COMPONENT":"Electrolytic","PART_VALUE":"100µF","FINGER":"7f3bcd8a90b8301878fbbd9c86b66de6"},
{"LAYER":"TOP","ID":"R408","COMPONENT":"Resistor","PART_VALUE":"4.7 1\/2WΩ","FINGER":"7ff53f1ab9a5ae291902d2bd45179f1b,5b5c6ef45124eb8b90bd17edd66b4b46,2e080d7b7f1370fef6195ff3747235ec"},
{"LAYER":"TOP","ID":"R106","COMPONENT":"Resistor","PART_VALUE":"47Ω","FINGER":"80307caa36bcddeab4edb94032916887,054bc97192a89662b07519d3a3a3b236,6f5d20e79aaf1c12ab1fd4185ee023d7"},
{"LAYER":"TOP","ID":"U23","COMPONENT":"IC","PART_VALUE":"XX4256-12","FINGER":"830a7a81bb80e853f0444da861ec71f3"},
{"LAYER":"TOP","ID":"E425","COMPONENT":"EMI4","PART_VALUE":"470PF","FINGER":"84b76f81734ad2a3412bcc5312a32173,98577629cbea360e414e4e55836500b2"},
{"LAYER":"TOP","ID":"E625","COMPONENT":"EMI","PART_VALUE":"100PF","FINGER":"87d563e44442169ac89a020bb8b579f9"},
{"LAYER":"TOP","ID":"E108","COMPONENT":"Capacitor","PART_VALUE":"47pF","FINGER":"889fa2ad56d2005259ae71e63298d36f,4a5f389776c787139a485d5623abaef4,52244e8885d94e0e0467f953b33e81d7"},
{"LAYER":"TOP","ID":"E535","COMPONENT":"EMI","PART_VALUE":"470PF","FINGER":"88ccbc310a5967b11af696854541c6e4"},
{"LAYER":"TOP","ID":"E793","COMPONENT":"Capacitor","PART_VALUE":"47pF","FINGER":"8b7777b7465ca2ef7bea917a6f66baa5,84e11a1ecbcb10f2008c02d2c5a41877,0dd4858bc1e7a72b1c153ec63ed3ac72"},
{"LAYER":"TOP","ID":"E631","COMPONENT":"EMI","PART_VALUE":"100PF","FINGER":"8ca250553a51bbe8e4b8dd8ca86ca17b"},
{"LAYER":"TOP","ID":"E624","COMPONENT":"EMI","PART_VALUE":"100PF","FINGER":"8d86604a66e8874b79f309dda001cc61"},
{"LAYER":"TOP","ID":"R325","COMPONENT":"Resistor","PART_VALUE":"390Ω","FINGER":"8e4431a974f996816e47cd7f0d5a6450,7a8055b7a70e6e7e731ba6e90f28fca3,cfeca71ffc243dfa9ea753f463a9c284"},
{"LAYER":"TOP","ID":"C803","COMPONENT":"Capacitor","PART_VALUE":"10nF","FINGER":"9036a621c6b3e80b8a0ac2c90251372e,88ec3a4fa765e1b96160e70491eaecef,bcf0ab66c0ee49409cc3763be0fe5d60"},
{"LAYER":"TOP","ID":"C701","COMPONENT":"Capacitor","PART_VALUE":"10nF","FINGER":"909dacf368017b10d4b711782b3f9060,099b36e62cc59823c0898e66abb2dc8b,0d3285156806a325b542f6e5c5aedc56"},
{"LAYER":"TOP","ID":"R501","COMPONENT":"Resistor","PART_VALUE":"10kΩ","FINGER":"90d701ec21feb384f55e8e001df2ce5f,26c36b89708526fda1e4b38b971c2f6c,9b134ab077edefe6efa03cd6c4d16cd3"},
{"LAYER":"TOP","ID":"R202","COMPONENT":"Resistor","PART_VALUE":"4.7kΩ","FINGER":"91cddb0b8efd6316523a9507690b717a,d05bb96c84e2b496736330dbba0271d8,d9e31b3eded304dc4f37079b5d716459"},
{"LAYER":"TOP","ID":"C804","COMPONENT":"Capacitor","PART_VALUE":"330nF","FINGER":"93b711101b76128d1813cd0670415e6a,fc2c8c4547446ca0b652b616c7d6c9b0,d7c3d4b0b9655e6eff64103e007f44a0"},
{"LAYER":"TOP","ID":"E618","COMPONENT":"EMI","PART_VALUE":"100PF","FINGER":"94c1fdb5417b3fbe0436a40cbf5c38f5"},
{"LAYER":"TOP","ID":"R336","COMPONENT":"Resistor","PART_VALUE":"470kΩ","FINGER":"95614326cbda8be202bf89c423ca2cf7,a75daf0b179fd1369c62bff88e22b0c2,263499605ebfaf40e9635da819754f61"},
{"LAYER":"TOP","ID":"E703","COMPONENT":"EMI","PART_VALUE":".01UF","FINGER":"957c39d703cea67975b64e7da13bce62"},
{"LAYER":"TOP","ID":"U41","COMPONENT":"IC","PART_VALUE":"74HCT245","FINGER":"95815b6bfcceb9179a0ffdea6077da76"},
{"LAYER":"TOP","ID":"C812","COMPONENT":"Electrolytic","PART_VALUE":"100µF","FINGER":"9619332203d6ddf99e2562e21c6c8225"},
{"LAYER":"TOP","ID":"U7","COMPONENT":"IC","PART_VALUE":"8520","FINGER":"988ab6c5d910829957a9316210fbfbf3"},
{"LAYER":"TOP","ID":"U35","COMPONENT":"IC","PART_VALUE":"74F244","FINGER":"98f0db7e65edd11db7eebdff77bb703f"},
{"LAYER":"TOP","ID":"C305","COMPONENT":"Capacitor","PART_VALUE":"330nF","FINGER":"9968cc0275f90ddbfaae190134af8a76,dd9e7239f56834661fcfc7b1fec5f7d0,eccaf65759cf68d369b63a8e9ca28f86"},
{"LAYER":"TOP","ID":"E414","COMPONENT":"EMI4","PART_VALUE":"6800PF","FINGER":"99a900d5d3f6aca1af2264b7d4d4a1e4,323edb8a12a79dea0b1c3950bfd8f5fe"},
{"LAYER":"TOP","ID":"C13","COMPONENT":"Capacitor","PART_VALUE":"330nF","FINGER":"9a6075de12872df5ee34dbb4ede89ade,80069776e8a4d312edb325a033de2ad1,d848891bbe7c608659789e4fb8f761b0"},
{"LAYER":"TOP","ID":"C7","COMPONENT":"Capacitor","PART_VALUE":"10nF","FINGER":"9acea06a83d1cbe307d9d8d13c26b341,b888fab2005c249a15ba996e1f18c374,975523a2201010b35af429173d44d8e8"},
{"LAYER":"TOP","ID":"R915","COMPONENT":"Resistor","PART_VALUE":"1kΩ","FINGER":"9b152fe61bfcec8d40477ff958da1ca2,9118779b8711b66804ddd78cf906422b,169b784575b046275cc884a0399c8977"},
{"LAYER":"TOP","ID":"RP401","COMPONENT":"Resistor Pack","PART_VALUE":"4.7kΩ x9","FINGER":"9b885f8d3fb066da7cc07bed18bebc68,9bff7063ea2e948bceda9aeccb9b9be3"},
{"LAYER":"TOP","ID":"C40","COMPONENT":"Capacitor","PART_VALUE":"330nF","FINGER":"9b9734b05afed450abe853e3ffac08cf,432a3daac66e1a2d3a92ba951c5ad480,b30d71db512a5ff3cb6802f26f53705c"},
{"LAYER":"TOP","ID":"HY1","COMPONENT":"VIDEO","PART_VALUE":"VIDEO","FINGER":"9c59e10130de7c00246c50da2eb2f8b7,e2c799b2cccab34b0c52366549b2c5ab"},
{"LAYER":"TOP","ID":"CN6","COMPONENT":"DB25P","PART_VALUE":"DB25P","FINGER":"9c750a2c39e2e6bb886f152f27e06ebe,bca99e6c55d780b423e21354e00833e6,b12b5206cbff839b8adf6e1fa9b2786f,55518f6abd127b051aabb80c30fd8c66"},
{"LAYER":"TOP","ID":"D911","COMPONENT":"Diode","PART_VALUE":"1N914","FINGER":"9cdd8df8201415a53b2fedee8c07c86c,d0904c8dd501c404e36e2fd4cfd4896a,c2a17285b3a3c2510395bde1c0dd687a,3b7541b78804ee52f66ed9266eb186b5,bf68f40b1e066405fad96e6b6dccf3a9"},
{"LAYER":"TOP","ID":"TC9","COMPONENT":"Varicap","PART_VALUE":"6.8-45pF","FINGER":"9d169f6fb646ebcbf7e97c7efda0016b,2be6ca2d7eae31559c1945d03784f781,6c7d9994ef6c0fca3d1bbcd626082b1e,12a2623a7790ece6fbd9665a0f123b34,0d6c1d6b99b0c4f103581f763621a0ee,d8f1fcce16eb84aaaeb40854588652d0"},
{"LAYER":"TOP","ID":"C37","COMPONENT":"Capacitor","PART_VALUE":"10nF","FINGER":"9e400da9ac55b02fa74e850d21f02485,d74da5caea3e4b43e1b75b8a3880201d,9ceaf48612d4560150ca4e1e417bd068"},
{"LAYER":"TOP","ID":"E538","COMPONENT":"EMI","PART_VALUE":"470PF","FINGER":"a156815912333529841084dac09e2b45"},
{"LAYER":"TOP","ID":"R326","COMPONENT":"Resistor","PART_VALUE":"470kΩ","FINGER":"a1d4800c1a9183bfa6a8aab02b9d7c9f,30bb44dc09e1dcb39d33c8608bde92ec,824c667f0b3862fe82ba2df8e463e36a"},
{"LAYER":"TOP","ID":"E434","COMPONENT":"EMI4","PART_VALUE":"150PF","FINGER":"a21bae157bec86a765a75b41dc095cd3,5dc7a64f238e822b66f25e8b9c10abb5"},
{"LAYER":"TOP","ID":"RP501","COMPONENT":"Resistor Pack","PART_VALUE":"10K","FINGER":"a245b88567b0bccb5da72c2e194bc5c7,e6905c3227ce7ba2d1109aa0933d4b4b"},
{"LAYER":"TOP","ID":"C18","COMPONENT":"Capacitor","PART_VALUE":"330nF","FINGER":"a2cab902e00bb93e7309fcd5ea8e825a,6a4341e59500a3dc67c7557ee0b0c89a,74e6623b44933bc2aeea5a990d2aed02"},
{"LAYER":"TOP","ID":"C324","COMPONENT":"Electrolytic","PART_VALUE":"22µF","FINGER":"a2d4702ad3d147cde47deb74b6eb5d42"},
{"LAYER":"TOP","ID":"E512","COMPONENT":"EMI","PART_VALUE":"100PF","FINGER":"a3924fee8cbbd192a70f813efa9eb5f7"},
{"LAYER":"TOP","ID":"RP109","COMPONENT":"Resistor Pack","PART_VALUE":"4.7kΩ x9*","FINGER":"a3a9fca0637a9dbbac66786eec507f74,d769f3ceb3649e9cce7d8fe88afc761c"},
{"LAYER":"TOP","ID":"E792","COMPONENT":"Capacitor","PART_VALUE":"47pF","FINGER":"a42784f6d0007c5b9a842b9616958bff,e4e9d05ddb1ae6717a04f262df9fae74,a104b1951b45d14d2aadd05743193905"},
{"LAYER":"TOP","ID":"R302","COMPONENT":"Resistor","PART_VALUE":"10Ω","FINGER":"a4bb5c65869acf8cd2b65fdc5005d954,d37097dc708bf55c4393bc9dd1d1e52b,301836a5b4ebd7da8eb4526f5af7bf54"},
{"LAYER":"TOP","ID":"E443","COMPONENT":"EMI4","PART_VALUE":"470PF","FINGER":"a51d126887da9b2020ffc37390c6f77e,e04b70dc556be79c0f29c04cc44e1e9c"},
{"LAYER":"TOP","ID":"R308","COMPONENT":"Resistor","PART_VALUE":"10kΩ","FINGER":"a532665769fb609cfd1f9c67f45a2dbd,c20b769b53029339dbe92b4b587d67be,d9d1732789b8c10a8b6138e85adbaafb"},
{"LAYER":"TOP","ID":"U2","COMPONENT":"IC","PART_VALUE":"8375","FINGER":"a602931e459aac3c486bba36f0839936,13295de9cf55c576a28a03e151c7204e,0acf2100d9a9b33b9d1c9676c256964b"},
{"LAYER":"TOP","ID":"JP9","COMPONENT":"JUMPER","PART_VALUE":"JUMPER","FINGER":"a6fedd656298b99f744a4a80ec8f30ce"},
{"LAYER":"TOP","ID":"E404","COMPONENT":"EMI4","PART_VALUE":".01UF","FINGER":"a70ccd700ac6e5a2eac69dc211a529cc,bfc2e851caeca63ff4dd4c55afaf9fd0"},
{"LAYER":"TOP","ID":"E617","COMPONENT":"EMI","PART_VALUE":"100PF","FINGER":"a8aa7ced690512c915c610595e896b27"},
{"LAYER":"TOP","ID":"U4","COMPONENT":"IC","PART_VALUE":"8373","FINGER":"a91942a4072c03f5f1ecb2866667dbae"},
{"LAYER":"TOP","ID":"R309","COMPONENT":"Resistor","PART_VALUE":"1 1\/2WΩ","FINGER":"a975c08a49134a1b445d4831fbec35d1,760d572dac303ad137dfdf574137c7f6,412f0b1e3535104bbe20a6954a164037"},
{"LAYER":"TOP","ID":"E616","COMPONENT":"EMI","PART_VALUE":"100PF","FINGER":"a99aafdfc25054efe1ff01cdc1e3b0a5"},
{"LAYER":"TOP","ID":"JP7A","COMPONENT":"JUMPER","PART_VALUE":"JUMPER","FINGER":"a9d161e23687149d11f01c9b05775212"},
{"LAYER":"TOP","ID":"R405","COMPONENT":"Resistor","PART_VALUE":".47 1\/2WΩ","FINGER":"a9ecffbd55564a181758e1e7c63a2c8d,f72a3e29ec3ca363c48f63f120962ddc,297ee4161b3c85c0b23dd35f8c45d5fa"},
{"LAYER":"TOP","ID":"R303","COMPONENT":"Resistor","PART_VALUE":"1kΩ","FINGER":"aa4be3d4db2710e13af617afd864d026,8d8c2e365be3d7afe3a92c32dab278de,da6a4742361643ae1dff44bfca0a145b"},
{"LAYER":"TOP","ID":"E303","COMPONENT":"EMI","PART_VALUE":"6800PF","FINGER":"aa4db027114304afc561c72c906f5802"},
{"LAYER":"TOP","ID":"C2","COMPONENT":"Capacitor","PART_VALUE":"330nF","FINGER":"ac262be1df76ba543208075aec279f1e,9090a805b09000dc01df2eb9a0dcca54,f5e1be250b40ccf8cd33ae3227073b80"},
{"LAYER":"TOP","ID":"C411","COMPONENT":"Capacitor","PART_VALUE":"1000pF","FINGER":"afb4f5503211c5c6effd8d6882f0b68f,05f3182d26cb33f59ccb1efe86cea1b4,19bbf8b0e909f30d00cd024c0c3f464d"},
{"LAYER":"TOP","ID":"JP3","COMPONENT":"JUMPER","PART_VALUE":"JUMPER","FINGER":"afc66bf6827814238c8ccc5d25b4c070"},
{"LAYER":"TOP","ID":"C501","COMPONENT":"Capacitor","PART_VALUE":"330nF","FINGER":"b1409c018294c31979efbcbf65f1c99b,f1ef749475ed3ef9df003d405c760b70,4ad5262542e91daafe6a2b633e7dc912"},
{"LAYER":"TOP","ID":"CN11","COMPONENT":"CONNECTOR","PART_VALUE":"CONNECTOR","FINGER":"b161d3b0bd86d9601fc31a346c350f28,1f93d60f738da0bc8520584b4a6fbaf4"},
{"LAYER":"TOP","ID":"E533","COMPONENT":"EMI","PART_VALUE":"470PF","FINGER":"b16cb3aadb7d6bc2bf617d61214d549d"},
{"LAYER":"TOP","ID":"E408","COMPONENT":"EMI4","PART_VALUE":".01UF","FINGER":"b1a73167803f564e2bb9a49d6f7e6f14,9215bd027b5f395ca3a7045f1c81087e"},
{"LAYER":"TOP","ID":"Q711","COMPONENT":"NPN","PART_VALUE":"2N3904","FINGER":"b1cc43684c81f24b376124f28f2897e6,f50be983277f000afbf8248719e875fa"},
{"LAYER":"TOP","ID":"C911","COMPONENT":"Capacitor","PART_VALUE":"22pF","FINGER":"b2193a1214164d229a7980bbf044f47d,beadbce81498356c1b3233a4a441e041,f3af91a362cb54e680b8a97c37f51dec"},
{"LAYER":"TOP","ID":"E523","COMPONENT":"EMI","PART_VALUE":"100PF","FINGER":"b26060cbb03d15736487947df637915e"},
{"LAYER":"TOP","ID":"CN7","COMPONENT":"DB25S","PART_VALUE":"DB25S","FINGER":"b45bb9c5004930b44d83a616266f45d8,83dd4926bbbd76d7c6c50214904651b8,6a255fc22ed634acab8296082971962b,a861fab0b016c851d190c6b3995ec366"},
{"LAYER":"TOP","ID":"E435","COMPONENT":"FB","PART_VALUE":"FB","FINGER":"b4e08dea24c17262cde9e49083c77a16,562b79dd01eddbba23f523f6d1ae6d71"},
{"LAYER":"TOP","ID":"CN1","COMPONENT":"DB9P","PART_VALUE":"DB9P","FINGER":"b5f7b5a6347de44301be666119381af4,7e190fd9da43af679f82303e364b7984,e632fa055458f8b64180dd9aaa222cbc,e65a254c5d04fbbf0772697a9dafde5f"},
{"LAYER":"TOP","ID":"R916","COMPONENT":"Resistor","PART_VALUE":"1kΩ","FINGER":"b6406e6915880af4d6bd15b3e1bdc232,1c2aad2134c446024559a6246246983e,fc29e995c420760bc006e2429f04f3de"},
{"LAYER":"TOP","ID":"R332","COMPONENT":"Resistor","PART_VALUE":"10kΩ","FINGER":"b69ad1653a6ac1aa7e413d035db2b910,1a09bba49c6676526d4c0e652b36f20e,c7873af22f00209ba4340a3a69a062b0"},
{"LAYER":"TOP","ID":"U34","COMPONENT":"IC","PART_VALUE":"74F373","FINGER":"b6e52113f874dc329da77ec0d7de1d8f"},
{"LAYER":"TOP","ID":"E702","COMPONENT":"EMI","PART_VALUE":".01UF","FINGER":"b6e5de01a14455758ccc8fdc92d20d1b"},
{"LAYER":"TOP","ID":"JP10B","COMPONENT":"JUMPER","PART_VALUE":"JUMPER","FINGER":"b7d5ef2872e8ea92174c24eeb3b36c8b"},
{"LAYER":"TOP","ID":"RP110","COMPONENT":"Resistor Pack","PART_VALUE":"4.7kΩ x9*","FINGER":"b8d174fc9a5e419de1b986ce0a9f4554,868142b23db3932bce2fe7bc5a38d7f5"},
{"LAYER":"TOP","ID":"C306","COMPONENT":"Electrolytic","PART_VALUE":"10µF","FINGER":"b8dbf63ee2eda3f5c1e3122eb02bec59"},
{"LAYER":"TOP","ID":"C802","COMPONENT":"Capacitor","PART_VALUE":"10nF","FINGER":"b9ac99a5b471afe3293cfeada05ef0b4,700dba9134f63273054357632145a4f8,4f480abb59dda6171813e76408577b0a"},
{"LAYER":"TOP","ID":"E416","COMPONENT":"EMI4","PART_VALUE":"470PF","FINGER":"ba545e97dd3022ded371c6fbedf48569,08a35d32a4397f7e89da3c67bf96ded5"},
{"LAYER":"TOP","ID":"C17","COMPONENT":"Capacitor","PART_VALUE":"330nF","FINGER":"bb0191123af2b7b73b38da4b03e30bc2,93936caa55e19db72b79bf3b0b365d56,8f6a325db63fc62786a55d40eaf9cf03"},
{"LAYER":"TOP","ID":"R322","COMPONENT":"Resistor","PART_VALUE":"10kΩ","FINGER":"bb499801638a687e8b41be98c30a103d,89b54426c4294471c574e5741be8ac52,cf362329cd799de1fbd8a49d6ad00a7b"},
{"LAYER":"TOP","ID":"U15","COMPONENT":"IC","PART_VALUE":"74LS157","FINGER":"bc9ac5a622303d4bfa28f33d6d8a924c"},
{"LAYER":"TOP","ID":"R713","COMPONENT":"Resistor","PART_VALUE":"1kΩ","FINGER":"beabd29c02e338c6445105abb17636a8,f43b952e1f9930a04db35ed5d5e25f4a,a5ed9a222378dca7b2a38176bf185e36"},
{"LAYER":"TOP","ID":"R505","COMPONENT":"Resistor","PART_VALUE":"10kΩ","FINGER":"c06f0b4f39082ee121edf36eefbdbd6e,59fd3ff83ce3973b60683c1cd462be3f,55af97097adc3829f5a3cb9b14b22c68"},
{"LAYER":"TOP","ID":"R914","COMPONENT":"Resistor","PART_VALUE":"10kΩ","FINGER":"c098ed887958964a03e7e21e4248cce2,ea61425a7ec4d80ffe2184fadc0027ca,3813b75c709fa90ab7413cc06dc107c7"},
{"LAYER":"TOP","ID":"E619","COMPONENT":"EMI","PART_VALUE":"100PF","FINGER":"c0f46a2f1dc81120c7346857ca1bfe46"},
{"LAYER":"TOP","ID":"E106","COMPONENT":"Capacitor","PART_VALUE":"47pF","FINGER":"c114aa641f2166b3070ccf4a634c122c,a4ce76cb01de98b8186ada49c2c5007b,d30e7818652a449fde221d36e7153e86"},
{"LAYER":"TOP","ID":"R333","COMPONENT":"Resistor","PART_VALUE":"10kΩ","FINGER":"c11702b4863be5d34463b66cb817acf4,bb99bb24738cf7df6c6998b241cd7c62,7d5e12479e62b33eff23fa1c5485fc3d"},
{"LAYER":"TOP","ID":"Q503","COMPONENT":"PNP","PART_VALUE":"2N3906","FINGER":"c15302c48a9acb83a5d9c01a43a6444a,f0568614b9e9ec52d2b0c6a267f6bd8e"},
{"LAYER":"TOP","ID":"U14","COMPONENT":"IC","PART_VALUE":"LF347","FINGER":"c2572eb34b8c95bc1604db115707ec42"},
{"LAYER":"TOP","ID":"CN13","COMPONENT":"8-PIN SIL","PART_VALUE":"8-PIN SIL","FINGER":"c2db552b7ad246f232fb0dfc0d4fbaff,887d9cf53919a7bc4eb3375aa26edc2e"},
{"LAYER":"TOP","ID":"C913","COMPONENT":"Electrolytic","PART_VALUE":"4.7µF","FINGER":"c2dec2e68a0972afc54f820781efa313"},
{"LAYER":"TOP","ID":"C36","COMPONENT":"Capacitor","PART_VALUE":"10nF","FINGER":"c4f775fcb57875336f6ee5f19741879d,d49a554faa2881e728b798169adc40ac,b1750f5dcf9551c826b8a34f19f6ba87"},
{"LAYER":"TOP","ID":"C325","COMPONENT":"Capacitor","PART_VALUE":"330nF","FINGER":"c5e1f16e26ad488f8e10447db5cf57fe,707117ae256f7345e9a6991f3b8c2961,30fc27472cfac063bc5d383296906eb2"},
{"LAYER":"TOP","ID":"RP201","COMPONENT":"Resistor Pack","PART_VALUE":"68","FINGER":"c61cadae44a9f5929002aa8d14db8928,c682b174f7f6a16e589339f171c71a08"},
{"LAYER":"TOP","ID":"R192","COMPONENT":"Resistor","PART_VALUE":"1kΩ","FINGER":"c6c856c6a8b658e862803931524c6443,037c4aeaebdcb2edee3488f946e87ef7,395df8d2ae7e712610f704cee2ecca98"},
{"LAYER":"TOP","ID":"C303","COMPONENT":"Electrolytic","PART_VALUE":"22µF","FINGER":"c74633a3de22c8fdafb5f99cadc21d96"},
{"LAYER":"TOP","ID":"C19","COMPONENT":"Capacitor","PART_VALUE":"330nF","FINGER":"c7e6d9ee89fd337b55b6e2b83713cd80,b7efb4e6a284db8d9e73529ee45de557,4903926d30ef92b73e313bed3a883ee9"},
{"LAYER":"TOP","ID":"R406","COMPONENT":"Resistor","PART_VALUE":"4.7 1\/2WΩ","FINGER":"c8259a41fdfa0ff7f51b1f05549f9c42,563dfb66b194caf358379de8fad0912c,6f6bb14cd194290051be1048b9f87634"},
{"LAYER":"TOP","ID":"C821","COMPONENT":"Electrolytic","PART_VALUE":"47µF","FINGER":"c898ee8faf8337304cd6dcad77de140f"},
{"LAYER":"TOP","ID":"C311","COMPONENT":"Capacitor","PART_VALUE":"47nF","FINGER":"c9409ebeefef71bd9e183bf9e28a7cb4,a07638fce35cc44cedd7ca59ecb7af78,762116d8404a1b13cd1318d70c781038"},
{"LAYER":"TOP","ID":"R335","COMPONENT":"Resistor","PART_VALUE":"390Ω","FINGER":"c962a9c6505a5c24462c5f1efe5ffbc0,99b0b1bfea36b9495f6df0fa2b2fe5d2,2f2bace48c8efbf39d1ec07d6ebb28be"},
{"LAYER":"TOP","ID":"R913","COMPONENT":"Resistor","PART_VALUE":"470Ω","FINGER":"ca063984256a71a8897ed3622fa8caaa,7526a549dce49bc6a2fb176534be92d5,9b9455bc44bf3210cb4591680b31f364"},
{"LAYER":"TOP","ID":"E107","COMPONENT":"Capacitor","PART_VALUE":"47pF","FINGER":"cb6584ec661dde58867229a508518fb7,c31b50e99d1ff5c0cbc5c1326b783769,5166484d73d56cd385e2bdcc2d4c2cb7"},
{"LAYER":"TOP","ID":"R101","COMPONENT":"Resistor","PART_VALUE":"27Ω","FINGER":"cb9aed66e4c3d4db621898241fe1530e,60437e29ff739bacbf87f70306719ffe,eb795a627cbaf9a428325efdb768e115"},
{"LAYER":"TOP","ID":"R506","COMPONENT":"Resistor","PART_VALUE":"10kΩ","FINGER":"cbb0f0c4ae303e0dfe04fc8e213a02ea,f0f5196a83108f72dd100bfcb1d510dd,3cf2231c5a436675dadc7db711f2c3db"},
{"LAYER":"TOP","ID":"CN14","COMPONENT":"4-PIN SIL","PART_VALUE":"4-PIN SIL","FINGER":"cc3258b280ef334c4f0954e4ddacd9fd"},
{"LAYER":"TOP","ID":"E513","COMPONENT":"EMI","PART_VALUE":"100PF","FINGER":"cd814b01e1238e0f95b20db085386bd2"},
{"LAYER":"TOP","ID":"FB802","COMPONENT":"FB","PART_VALUE":"FB","FINGER":"cd8e916b1cbd0435397c04dc4c3f600b,094d9ceac5be6c2c6fdbcb84543fe419,902c298cc91a145da9481f6ee58f1328"},
{"LAYER":"TOP","ID":"E516","COMPONENT":"EMI","PART_VALUE":"100PF","FINGER":"cdb02cec480add3db2984f1684c797c4"},
{"LAYER":"TOP","ID":"CN8","COMPONENT":"5-PIN SQ","PART_VALUE":"5-PIN SQ","FINGER":"ce2a01c4dd9b005cd91f16a603bccac2,2ce9a883fb2aa53c09ba2151ab6c160d"},
{"LAYER":"TOP","ID":"CN2","COMPONENT":"DB9P","PART_VALUE":"DB9P","FINGER":"ce9d2efd8a6bc9f0320f8702e214a2de,a37362b722a84a3dc81b077b802a273b,24178a276e8756bccef474d5449ee6a8,a02604a2ad5583d65fa6589eb296f41f"},
{"LAYER":"TOP","ID":"E537","COMPONENT":"EMI","PART_VALUE":"470PF","FINGER":"cedc4cea463ec9f0949fe14ea2389e9b"},
{"LAYER":"TOP","ID":"U6","COMPONENT":"IC","PART_VALUE":"62408","FINGER":"cf1f40af3d93b2ed7cb13b32b59db049"},
{"LAYER":"TOP","ID":"R404","COMPONENT":"Resistor","PART_VALUE":"4.7kΩ","FINGER":"cfa8d22030f496dd61a905a278f8d910,ac6f5c4614cd9cfbaa190f5ec08888b6,26aeb09a9cb1f479b88b4ad5509474ff"},
{"LAYER":"TOP","ID":"U36","COMPONENT":"IC","PART_VALUE":"74LS05","FINGER":"d2629cff050bbef6ed315b389b00a575"},
{"LAYER":"TOP","ID":"R191","COMPONENT":"Resistor","PART_VALUE":"1kΩ","FINGER":"d46b2c95c1a3e5693578f2c6c8751866,c28aad740f3b7e481f07ffd9c2911896,49346a52584ed24955b4d7906440d9d4"},
{"LAYER":"TOP","ID":"R324","COMPONENT":"Resistor","PART_VALUE":"1kΩ","FINGER":"d495478a4b681daf935f7aa5e211825c,53572adf31d86f5440bbdcecd6e9a795,26569dcd5cd9224580dadf604faa2e6f"},
{"LAYER":"TOP","ID":"RP108","COMPONENT":"Resistor Pack","PART_VALUE":"4.7kΩ x9*","FINGER":"d4bb8f54c8237ac6d410a8c0c201ef4b,a4a8102024fa2109f3b515946fc767c1"},
{"LAYER":"TOP","ID":"C32","COMPONENT":"Capacitor","PART_VALUE":"10nF","FINGER":"d60d12e357ff2274c2e15194b2a06bea,995ae1071857c8fb24b85123cca70d9d,460c93edd91bea708dce1b510f7c789a"},
{"LAYER":"TOP","ID":"E105","COMPONENT":"Resistor","PART_VALUE":"68Ω","FINGER":"d62ab1f8cd56b4cb9d277eeb282d8ad0,b3f7c8d98a88ad6375623699b0b4bdee"},
{"LAYER":"TOP","ID":"RP403","COMPONENT":"Resistor Pack","PART_VALUE":"47","FINGER":"d646304ef9502af44c791103fc9b7105,37973fedb665553b376d3b9ea8694472"},
{"LAYER":"TOP","ID":"E611","COMPONENT":"EMI","PART_VALUE":"100PF","FINGER":"d7030edc28c0db3b193ba9c767daa4ed"},
{"LAYER":"TOP","ID":"C401","COMPONENT":"Electrolytic","PART_VALUE":"1000µF","FINGER":"d76a6f160ada020aee6541316692b091"},
{"LAYER":"TOP","ID":"C308","COMPONENT":"Capacitor","PART_VALUE":"10nF","FINGER":"d860c6217de00ff629bc6a7de68a6b2d,9266bf5105c56b06bdb0d19c000a01de,2cf680541f9cb9c9f8ee26eb500f8caf"},
{"LAYER":"TOP","ID":"C801","COMPONENT":"Capacitor","PART_VALUE":"10nF","FINGER":"d8a2b805edb5482e5e3c259b68994ac2,4705679c97ebd0a416ba16e1088a4017,b52ce4fded8046f0be815946a1d4dd38"},
{"LAYER":"TOP","ID":"E501","COMPONENT":"Resistor","PART_VALUE":"47 1\/2WΩ","FINGER":"d8a56782a478c88f6359d6319c6f9712,a9f9b588e5a372e4945dd67650650a6d"},
{"LAYER":"TOP","ID":"U40","COMPONENT":"IC","PART_VALUE":"74HCT245","FINGER":"d8bc20183e3851fed1d396273347bde4"},
{"LAYER":"TOP","ID":"U39","COMPONENT":"IC","PART_VALUE":"1489","FINGER":"da786f2907fa6a800b50dd6ea33c7ec4"},
{"LAYER":"TOP","ID":"RP101","COMPONENT":"Resistor Pack","PART_VALUE":"4.7K","FINGER":"dbe0b2a2d6eed68a8a5f709cb82d5bdf,e394791ec20717d02e8f93b0b2aff900"},
{"LAYER":"TOP","ID":"D912","COMPONENT":"Diode","PART_VALUE":"1N914","FINGER":"dc5238d58207a3eb00f8a699e94cbf00,aa7fbcae101cf31d8408b4a448831253,21aac0b1aa9b7c47a278b1215934e4e9,44ba0fc315b2920489959df414389edc,5f249692528c76e7a49cc1a0ebec6146"},
{"LAYER":"TOP","ID":"JP2","COMPONENT":"JUMPER","PART_VALUE":"JUMPER","FINGER":"dd342d10bcf03e850452fbbbf4401d59"},
{"LAYER":"TOP","ID":"C813","COMPONENT":"Electrolytic","PART_VALUE":"100µF","FINGER":"de6af02bb84e1fb3bb11a7d054633aa9"},
{"LAYER":"TOP","ID":"E791","COMPONENT":"Capacitor","PART_VALUE":"47pF","FINGER":"df02b207e112b1990df1e4f1f20cb11e,3954ec773c93f7e9c2eed47a79630458,cfd30c10dd8ce511ef6014ac42f44f3b"},
{"LAYER":"TOP","ID":"U42","COMPONENT":"IC","PART_VALUE":"NE555","FINGER":"e0f76240d3ebd0ca2afb9f388f664bc1"},
{"LAYER":"TOP","ID":"E101","COMPONENT":"EMI","PART_VALUE":".01UF","FINGER":"e1709ab73bf2bcdff27ef441c244d365"},
{"LAYER":"TOP","ID":"RP402","COMPONENT":"Resistor Pack","PART_VALUE":"47","FINGER":"e2017d610fa5b24bff0f84f025dd4f00,024cac17896928733518039c31d5e0cb"},
{"LAYER":"TOP","ID":"LF1","COMPONENT":"Line Filter","PART_VALUE":"Line Filter","FINGER":"e46104de36e1ecd7a1b34a7bf6a98ac3"},
{"LAYER":"TOP","ID":"C811","COMPONENT":"Electrolytic","PART_VALUE":"100µF","FINGER":"e4d5eab8272ccb5504c1131456995827"},
{"LAYER":"TOP","ID":"C712","COMPONENT":"Electrolytic","PART_VALUE":"10µF","FINGER":"e4ea2aea1a624b34eb259734fb974f07"},
{"LAYER":"TOP","ID":"Q501","COMPONENT":"NPN","PART_VALUE":"2N3904","FINGER":"e664c2f2e38929c26de548b53688e70d,930e064d585bef8244c5adea5f56a4bd"},
{"LAYER":"TOP","ID":"E632","COMPONENT":"EMI","PART_VALUE":"100PF","FINGER":"e6a267354d29c2b9f4770c8b8798ef79"},
{"LAYER":"TOP","ID":"E511","COMPONENT":"EMI","PART_VALUE":"100PF","FINGER":"e719a2931d82562c0c220eca289963ff"},
{"LAYER":"TOP","ID":"E503","COMPONENT":"Resistor","PART_VALUE":"47 1\/2WΩ","FINGER":"e758cf83fad54b33b606c35940a1ab9c,a85990b7fd62de7722dce8794c9c045d"},
{"LAYER":"TOP","ID":"C15","COMPONENT":"Capacitor","PART_VALUE":"10nF","FINGER":"e8016911e7d58ec11eab115bf6b337e5,5ebd349d40bad61ca55cba121c9e2cea,6afddc3f0431da635e0716280a98ae01"},
{"LAYER":"TOP","ID":"R112","COMPONENT":"Resistor","PART_VALUE":"68Ω","FINGER":"e9418810655bb366aec21f6501e6009c,8a9310d41d54ebfebfafb86180223cbd,6235dd5aa7e4ce3f7ff285276155f0ef"},
{"LAYER":"TOP","ID":"E520","COMPONENT":"EMI","PART_VALUE":"470PF","FINGER":"eab5278a18354a5cd1ddb8d71281da72"},
{"LAYER":"TOP","ID":"CN4","COMPONENT":"PIN","PART_VALUE":"PIN","FINGER":"eb38b5aec7f251f57c39e03120e2ff01"},
{"LAYER":"TOP","ID":"U33","COMPONENT":"IC","PART_VALUE":"74F258","FINGER":"ebb60e568ce7c645a732cd32b9b09dc7"},
{"LAYER":"TOP","ID":"E519","COMPONENT":"EMI","PART_VALUE":"100PF","FINGER":"ebd4bd8ed47324479897efc9d615f378"},
{"LAYER":"TOP","ID":"R321","COMPONENT":"Resistor","PART_VALUE":"360Ω","FINGER":"ebe80661d02678b4a3c638a04f73db6d,5fd3f792deefd462c99e5fb249e9d2cf,5f3b9b272301d8508374f465d3c8c761"},
{"LAYER":"TOP","ID":"E704","COMPONENT":"EMI","PART_VALUE":".01UF","FINGER":"ebf61a4715f9897533c85de7688eddd2"},
{"LAYER":"TOP","ID":"U20","COMPONENT":"IC","PART_VALUE":"XX4256-12","FINGER":"ed5a04112d1fca6d797d72cf6f1d658d"},
{"LAYER":"TOP","ID":"P9","COMPONENT":"CONNECTOR","PART_VALUE":"CONNECTOR","FINGER":"ededb9fc223cae172783d3bd0fc937c4,04ab468529c6cd8cd8ea6a2ef904325b"},
{"LAYER":"TOP","ID":"C502","COMPONENT":"Capacitor","PART_VALUE":"330nF","FINGER":"f1b283cdcef73d4aff93a83bf45de8a7,acb82ccb9cdb08d83faf42103278927e,c4beca77abd1d4875f462e84084c094e"},
{"LAYER":"TOP","ID":"C14","COMPONENT":"Capacitor","PART_VALUE":"330nF","FINGER":"f2226d54c2bdd07dbb3b85869e7055f2,fe82bf51e7855bd0abe7f8f875f2527b,5d678ef2781d793ab03f8c374173fe91"},
{"LAYER":"TOP","ID":"E423","COMPONENT":"EMI4","PART_VALUE":"6800PF","FINGER":"f478867cf053763fafc7557403114d9e,e7a51c2b07b495d6d57edc950a58f482"},
{"LAYER":"TOP","ID":"U16","COMPONENT":"IC","PART_VALUE":"XX4256-12","FINGER":"f488de6426abac0d8975cb596bfb9ab1"},
{"LAYER":"TOP","ID":"E402","COMPONENT":"EMI4","PART_VALUE":"150PF","FINGER":"f54456c7eb645c8b1f93bfda45e1a3fc,d96508a00ca1fbaeaa3423f90b8bd18e"},
{"LAYER":"TOP","ID":"R104","COMPONENT":"Resistor","PART_VALUE":"47Ω","FINGER":"f56b4a70e7f45e10082e35d65392fc3e,9eddc2cf3de5651c71bc7372c6688a89,b88b139a4669e62691ace1b9c5a3031a"},
{"LAYER":"TOP","ID":"E666","COMPONENT":"Capacitor","PART_VALUE":"22pF","FINGER":"f60c44b748aa58850e65c067925fdeac,6417dd6aac0eb7cfe186e31a2a7fb052,35b6a69bd89dd616ff2c74c383c66c7d"},
{"LAYER":"TOP","ID":"RP107","COMPONENT":"Resistor Pack","PART_VALUE":"4.7kΩ x9*","FINGER":"f8f8bd591741509d0f50cd53d6c90399,7cf03c17a5ae5468f3495330699c026f"},
{"LAYER":"TOP","ID":"E794","COMPONENT":"Capacitor","PART_VALUE":"47pF","FINGER":"f9357d885c927122a0f1aeb5bcaa3314,28915f6b309fc0dc04df1f95aa02356c,b7d2f2e33deabb6d6e0bba16b98f0056"},
{"LAYER":"TOP","ID":"E517","COMPONENT":"EMI","PART_VALUE":"100PF","FINGER":"f95d43b4ab87715b416f0a555bf9bf9b"},
{"LAYER":"TOP","ID":"RP111","COMPONENT":"Resistor Pack","PART_VALUE":"4.7kΩ x9*","FINGER":"fa24573281930216e2f4ec4c7953134f,dda8455475dd583fb22af181731c0143"},
{"LAYER":"TOP","ID":"E431","COMPONENT":"FB","PART_VALUE":"FB","FINGER":"fa48bdad6a0dc9d8d75825524fde3999,e35819f9564791022610cff707a335b1"},
{"LAYER":"TOP","ID":"E104","COMPONENT":"Resistor","PART_VALUE":"68Ω","FINGER":"fbc7b3861d7a73eb4644aa6a96b52beb,de3e53b4cfeb0b5bd5ea5921aea79d52"},
{"LAYER":"TOP","ID":"R305","COMPONENT":"Resistor","PART_VALUE":"1kΩ","FINGER":"fc259d8b6f53cddefd7b06a3e8dfa7d5,f71ff18d618ec1c92b4fac06751354bb,0df106f78f0079375f4e7fa40a24b76f"},
{"LAYER":"TOP","ID":"C814","COMPONENT":"Electrolytic","PART_VALUE":"100µF","FINGER":"fc33b4135165cef67c1789dfbdb26b18"},
{"LAYER":"TOP","ID":"C321","COMPONENT":"Capacitor","PART_VALUE":"100nF","FINGER":"fd538a590b78d760d2fac537b3f117d7,f31c8332bc726d85339b3946241c3620,a2f703dc179bd255007e3cbf2f726184"},
{"LAYER":"TOP","ID":"RP202","COMPONENT":"Resistor Pack","PART_VALUE":"68","FINGER":"fd75dadc3310eb5d0414739242875386,55cddb6a189265863343e5bf5d37a8e7"},
{"LAYER":"TOP","ID":"JP4A","COMPONENT":"JUMPER","PART_VALUE":"JUMPER","FINGER":"fe2d44c3b2739fecddc922c65a2e2639"},
{"LAYER":"TOP","ID":"E406","COMPONENT":"EMI","PART_VALUE":".01UF","FINGER":"fee4ebd5ffb64183524045e6da65ff4f"},
{"LAYER":"TOP","ID":"C822","COMPONENT":"Electrolytic","PART_VALUE":"47µF","FINGER":"ffa665c70d5687578fb210a9af8641cb"},
{"LAYER":"TOP","ID":"C42","COMPONENT":"Capacitor","PART_VALUE":"330nF","FINGER":"ffa76a00eb32ae51d90e7a9dc2348465,8a342e897f327653c37c8926e512660f,7877c779301e34960a5131ba0521f199"}
]
